close_at,close
1789433760,77970.39
1789433820,77960.04
1789433880,77935.51
1789433940,77941.83
1789434000,77938.07
1789434060,77885.01
1789434120,77860
1789434180,77850.11
1789434240,77815
1789434300,77810.73
1789434360,77806.32
1789434420,77824.75
1789434480,77793.89
1789434540,77787.63
1789434600,77741.77
1789434660,77780.79
1789434720,77830.2
1789434780,77839.27
1789434840,77823.41
1789434900,77805.97
1789434960,77829.99
1789435020,77845.76
1789435080,77877.09
1789435140,77846.94
1789435200,77851.93
1789435260,77888.93
1789435320,77887.16
1789435380,77977.85
1789435440,77975.7
1789435500,78005.89
1789435560,77981.69
1789435620,77932.19
1789435680,77866.67
1789435740,77796.63
1789435800,77844.02
1789435860,77854.3
1789435920,77917.89
1789435980,77989.13
1789436040,77970.7
1789436100,77941
1789436160,77948.34
1789436220,77947.78
1789436280,77932.3
1789436340,77966.47
1789436400,77966.84
1789436460,77952.63
1789436520,77960.65
1789436580,77954.91
1789436640,77984.13
1789436700,77994.59
1789436760,77947.08
1789436820,77979.53
1789436880,77979.82
1789436940,77996.45
1789437000,78048.14
1789437060,78021.85
1789437120,77948.26
1789437180,77966.99
1789437240,77974.52
1789437300,77956.62
1789437360,77992.46
1789437420,77975.81
1789437480,77904.81
1789437540,77895.01
1789437600,77893.88
1789437660,77890
1789437720,77908.58
1789437780,77942.73
1789437840,77930
1789437900,77920.55
1789437960,77920.55
1789438020,77888.45
1789438080,77876.2
1789438140,77924.69
1789438200,77951.29
1789438260,77942.67
1789438320,77982.58
1789438380,77982.59
1789438440,77975.44
1789438500,77972.63
1789438560,77951.4
1789438620,77974.94
1789438680,77948.89
1789438740,77932.14
1789438800,77919.13
1789438860,77905.41
1789438920,77901.42
1789438980,77939.46
1789439040,77947.85
1789439100,77964.35
1789439160,77991.48
1789439220,77992.8
1789439280,77983.59
1789439340,77926.06
1789439400,77940.5
1789439460,77922.15
1789439520,77933.75
1789439580,77912.92
1789439640,77931.95
1789439700,77912.74
1789439760,77885.01
1789439820,77867.21
1789439880,77864.25
1789439940,77857.35
1789440000,77867.97
1789440060,77865.71
1789440120,77840
1789440180,77867.63
1789440240,77864.6
1789440300,77859.39
1789440360,77851.99
1789440420,77860.48
1789440480,77834.42
1789440540,77831.16
1789440600,77803.05
1789440660,77815.78
1789440720,77804.04
1789440780,77842.37
1789440840,77839.99
1789440900,77836.53
1789440960,77887.56
1789441020,77879.28
1789441080,77892.68
1789441140,77874.87
1789441200,77886.8
1789441260,77836.7
1789441320,77786.8
1789441380,77765.51
1789441440,77795.13
1789441500,77763.92
1789441560,77760.42
1789441620,77753.33
1789441680,77810.49
1789441740,77767.02
1789441800,77764.75
1789441860,77753.61
1789441920,77694.86
1789441980,77712.09
1789442040,77705.31
1789442100,77701.31
1789442160,77699.25
1789442220,77699.76
1789442280,77722.43
1789442340,77736.21
1789442400,77740.75
1789442460,77783.38
1789442520,77781.87
1789442580,77799.98
1789442640,77811.88
1789442700,77809.58
1789442760,77827.27
1789442820,77809.81
1789442880,77814.93
1789442940,77817.15
1789443000,77820.67
1789443060,77796.71
1789443120,77787.83
1789443180,77820.4
1789443240,77830.9
1789443300,77820.75
1789443360,77814.33
1789443420,77830.22
1789443480,77831.83
1789443540,77821.96
1789443600,77795.12
1789443660,77794.12
1789443720,77799.42
1789443780,77760.15
1789443840,77778.07
1789443900,77783.54
1789443960,77777.8
1789444020,77780.01
1789444080,77757.49
1789444140,77724.99
1789444200,77723.44
1789444260,77712.03
1789444320,77745.67
1789444380,77732.98
1789444440,77720.38
1789444500,77689.54
1789444560,77665.88
1789444620,77652.05
1789444680,77658.5
1789444740,77643.56
1789444800,77660.32
1789444860,77689.22
1789444920,77686.12
1789444980,77677.33
1789445040,77677.94
1789445100,77719.46
1789445160,77719.26
1789445220,77713.21
1789445280,77642.36
1789445340,77639.81
1789445400,77646.02
1789445460,77641.45
1789445520,77652.4
1789445580,77618.55
1789445640,77656.22
1789445700,77625.02
1789445760,77639.67
1789445820,77653.97
1789445880,77620
1789445940,77638.02
1789446000,77639.55
1789446060,77644.16
1789446120,77654.16
1789446180,77639.59
1789446240,77618.43
1789446300,77577
1789446360,77545.24
1789446420,77583.07
1789446480,77585.84
1789446540,77613.62
1789446600,77610.5
1789446660,77616.4
1789446720,77599.15
1789446780,77550.34
1789446840,77534.47
1789446900,77570.32
1789446960,77545.79
1789447020,77535.98
1789447080,77528.37
1789447140,77555
1789447200,77560.83
1789447260,77575
1789447320,77605.31
1789447380,77614.5
1789447440,77605.7
1789447500,77620.71
1789447560,77588.35
1789447620,77608.82
1789447680,77595.55
1789447740,77596.63
1789447800,77587.63
1789447860,77572.55
1789447920,77567.7
1789447980,77558.15
1789448040,77557.52
1789448100,77573.45
1789448160,77569.29
1789448220,77567.72
1789448280,77555
1789448340,77556.73
1789448400,77547.75
1789448460,77566.55
1789448520,77564.11
1789448580,77586.03
1789448640,77577.74
1789448700,77585.49
1789448760,77626.37
1789448820,77619.01
1789448880,77594.86
1789448940,77592.87
1789449000,77569.15
1789449060,77465.28
1789449120,77473.82
1789449180,77441.72
1789449240,77381.33
1789449300,77392.51
1789449360,77427.2
1789449420,77378.44
1789449480,77296.45
1789449540,77334.21
1789449600,77310
1789449660,77381.81
1789449720,77386.65
1789449780,77360.97
1789449840,77359.13
1789449900,77351.29
1789449960,77369.98
1789450020,77395.29
1789450080,77430.2
1789450140,77440.12
1789450200,77441.71
1789450260,77446.83
1789450320,77430.43
1789450380,77430.91
1789450440,77448.75
1789450500,77449.56
1789450560,77424.08
1789450620,77431.81
1789450680,77388.14
1789450740,77357.52
1789450800,77391.98
1789450860,77426.84
1789450920,77467.58
1789450980,77473.45
1789451040,77437.23
1789451100,77441.56
1789451160,77451.63
1789451220,77451.51
1789451280,77462.36
1789451340,77489.32
1789451400,77480.58
1789451460,77505.9
1789451520,77536.56
1789451580,77543.78
1789451640,77576.97
1789451700,77579.81
1789451760,77563.01
1789451820,77596.87
1789451880,77642.98
1789451940,77606.64
1789452000,77610.01
1789452060,77646.27
1789452120,77692.41
1789452180,77696.83
1789452240,77688.85
1789452300,77700.83
1789452360,77660
1789452420,77657.03
1789452480,77655.74
1789452540,77650.64
1789452600,77623.52
1789452660,77615.01
1789452720,77572.54
1789452780,77560.62
1789452840,77561.15
1789452900,77555.21
1789452960,77558.43
1789453020,77563.63
1789453080,77570.91
1789453140,77557.13
1789453200,77539.97
1789453260,77510.09
1789453320,77465.67
1789453380,77465.89
1789453440,77452.79
1789453500,77432.34
1789453560,77429.97
1789453620,77396.46
1789453680,77371.14
1789453740,77392.69
1789453800,77385.47
1789453860,77383.75
1789453920,77406.37
1789453980,77412.96
1789454040,77396.66
1789454100,77419.39
1789454160,77409.78
1789454220,77400
1789454280,77400
1789454340,77404.08
1789454400,77395.15
1789454460,77395.15
1789454520,77426.57
1789454580,77419.29
1789454640,77407.82
1789454700,77425.66
1789454760,77380.01
1789454820,77367.62
1789454880,77352.97
1789454940,77330.04
1789455000,77318.41
1789455060,77256.06
1789455120,77262.32
1789455180,77233.93
1789455240,77188.94
1789455300,77208.49
1789455360,77189.25
1789455420,77219.12
1789455480,77241.45
1789455540,77243.95
1789455600,77265.01
1789455660,77235.57
1789455720,77261.65
1789455780,77235.07
1789455840,77262.19
1789455900,77281.45
1789455960,77226.85
1789456020,77215.74
1789456080,77180.37
1789456140,77174.99
1789456200,77241.45
1789456260,77209.12
1789456320,77196.77
1789456380,77176.72
1789456440,77190.37
1789456500,77194.14
1789456560,77229.67
1789456620,77192.13
1789456680,77217.09
1789456740,77258.66
1789456800,77259.25
1789456860,77275
1789456920,77239.16
1789456980,77239.15
1789457040,77257.49
1789457100,77253.44
1789457160,77285.78
1789457220,77258.16
1789457280,77260.75
1789457340,77261.03
1789457400,77261.03
1789457460,77250
1789457520,77220.25
1789457580,77173.48
1789457640,77174.87
1789457700,77088.06
1789457760,77115.77
1789457820,77144.75
1789457880,77136.03
1789457940,77094.58
1789458000,77050.01
1789458060,77088.98
1789458120,77026.47
1789458180,77005.13
1789458240,77031.67
1789458300,77005.26
1789458360,77060.86
1789458420,77014.89
1789458480,76998.71
1789458540,76997.85
1789458600,76991.24
1789458660,76957.35
1789458720,76949.96
1789458780,76899.99
1789458840,76873.94
1789458900,76874.73
1789458960,76848.45
1789459020,76860.59
1789459080,76850
1789459140,76860.21
1789459200,76878.62
1789459260,76835.72
1789459320,76800.19
1789459380,76801.58
1789459440,76828.95
1789459500,76817.97
1789459560,76800
1789459620,76792.07
1789459680,76757.37
1789459740,76696.77
1789459800,76720
1789459860,76671.08
1789459920,76689.71
1789459980,76705.18
1789460040,76733.85
1789460100,76759.96
1789460160,76719.73
1789460220,76652.43
1789460280,76689.54
1789460340,76743.3
1789460400,76764.07
1789460460,76783.76
1789460520,76763.54
1789460580,76805.05
1789460640,76801.75
1789460700,76814.76
1789460760,76763.03
1789460820,76813.19
1789460880,76816.34
1789460940,76833.49
1789461000,76821.9
1789461060,76816.38
1789461120,76834.54
1789461180,76849.99
1789461240,76833.56
1789461300,76836.59
1789461360,76826.22
1789461420,76821.33
1789461480,76800
1789461540,76791.28
1789461600,76829.05
1789461660,76819.76
1789461720,76821.29
1789461780,76845.29
1789461840,76838.87
1789461900,76800.48
1789461960,76811.64
1789462020,76849.81
1789462080,76863.73
1789462140,76886.13
1789462200,76839.98
1789462260,76874.28
1789462320,76845.72
1789462380,76843.92
1789462440,76879.42
1789462500,76890.95
1789462560,76898.11
1789462620,76916.91
1789462680,76920.94
1789462740,76923.55
1789462800,76955.06
1789462860,76899.51
1789462920,76873.69
1789462980,76877.68
1789463040,76891.8
1789463100,76909.79
1789463160,76881.47
1789463220,76891.02
1789463280,76870.01
1789463340,76879.95
1789463400,76901.08
1789463460,76872.19
1789463520,76894.47
1789463580,76874.11
1789463640,76844.45
1789463700,76883.08
1789463760,76924.3
1789463820,76942.4
1789463880,76909.21
1789463940,76888.56
1789464000,76853.27
1789464060,76848.95
1789464120,76877.14
1789464180,76894.76
1789464240,76885.31
1789464300,76855.98
1789464360,76831.86
1789464420,76838.08
1789464480,76821.74
1789464540,76826.81
1789464600,76875.45
1789464660,76864.79
1789464720,76871.33
1789464780,76878.58
1789464840,76871.16
1789464900,76940.76
1789464960,76954.57
1789465020,76921.41
1789465080,76903.44
1789465140,76917.78
1789465200,76931.13
1789465260,76936.85
1789465320,76930.78
1789465380,76936.37
1789465440,76916.33
1789465500,76952.63
1789465560,76951.89
1789465620,76938.2
1789465680,76967.65
1789465740,77002.71
1789465800,77006.24
1789465860,76960.99
1789465920,76963.12
1789465980,76981.28
1789466040,77007.2
1789466100,77026
1789466160,76987.73
1789466220,76982.18
1789466280,76957.09
1789466340,76933.24
1789466400,76946.72
1789466460,76966.83
1789466520,76918.4
1789466580,76889.25
1789466640,76963.1
1789466700,76896.04
1789466760,76878.02
1789466820,76890.94
1789466880,76912.59
1789466940,76985.47
1789467000,76992.39
1789467060,76966.99
1789467120,77004.13
1789467180,76985.48
1789467240,76965.47
1789467300,76963.13
1789467360,76968.91
1789467420,76962.61
1789467480,76976.62
1789467540,76984.78
1789467600,76945.69
1789467660,76916.27
1789467720,76884.88
1789467780,76897.47
1789467840,76963.11
1789467900,76988.67
1789467960,76978.05
1789468020,76983.29
1789468080,76892.63
1789468140,76867.51
1789468200,76842.88
1789468260,76832.22
1789468320,76880.1
1789468380,76920.94
1789468440,76920.26
1789468500,76923.1
1789468560,76940.56
1789468620,76942.46
1789468680,76916.04
1789468740,76894.89
1789468800,76896.3
1789468860,76909.84
1789468920,76915.96
1789468980,76952.22
1789469040,76955.14
1789469100,77015.02
1789469160,77020.44
1789469220,77033
1789469280,77061.5
1789469340,77039.73
1789469400,77087.09
1789469460,77114.01
1789469520,77134.2
1789469580,77021.15
1789469640,76991.33
1789469700,76971.24
1789469760,77020.7
1789469820,77000.7
1789469880,77040.76
1789469940,76996.66
1789470000,77014.58
1789470060,77007.24
1789470120,77049.84
1789470180,77072.21
1789470240,77059.2
1789470300,77063.14
1789470360,77089.59
1789470420,77082.89
1789470480,77082.19
1789470540,77119.63
1789470600,77174.81
1789470660,77141.56
1789470720,77118.7
1789470780,77015.14
1789470840,76987.67
1789470900,76989.99
1789470960,76989.39
1789471020,77026.93
1789471080,77060.99
1789471140,77045.02
1789471200,77029.65
1789471260,77002.35
1789471320,76970.87
1789471380,76947.09
1789471440,76931.56
1789471500,76937.59
1789471560,76960
1789471620,76965.13
1789471680,76962.44
1789471740,76964.26
1789471800,76955.41
1789471860,76947.03
1789471920,76918.48
1789471980,76910.68
1789472040,76890.38
1789472100,76888.5
1789472160,76903.84
1789472220,76904.52
1789472280,76891.5
1789472340,76860.29
1789472400,76877.46
1789472460,76831.43
1789472520,76867.5
1789472580,76889.74
1789472640,76881.86
1789472700,76893.79
1789472760,76879.42
1789472820,76874.33
1789472880,76821.1
1789472940,76825.56
1789473000,76805.08
1789473060,76824.37
1789473120,76898.94
1789473180,76892.54
1789473240,76890.89
1789473300,76857.21
1789473360,76887.7
1789473420,76879.45
1789473480,76910.56
1789473540,76908.52
1789473600,76895.19
1789473660,76936.72
1789473720,76882.55
1789473780,76871.54
1789473840,76882.89
1789473900,76911.09
1789473960,76868.31
1789474020,76866.96
1789474080,76876.98
1789474140,76879.13
1789474200,76821.07
1789474260,76875.36
1789474320,76884.86
1789474380,76914.94
1789474440,76900.01
1789474500,76893.17
1789474560,76880.89
1789474620,76929.57
1789474680,76939.87
1789474740,76921.35
1789474800,76924.81
1789474860,76891.02
1789474920,76910.59
1789474980,76934.84
1789475040,76931.88
1789475100,76904.77
1789475160,76918.4
1789475220,76915.16
1789475280,76921.53
1789475340,76877.6
1789475400,76914.1
1789475460,76903.51
1789475520,76857.41
1789475580,76851.31
1789475640,76846.63
1789475700,76912.63
1789475760,76895.55
1789475820,76894.02
1789475880,76911.59
1789475940,76911.59
1789476000,76919.35
1789476060,76908.39
1789476120,76888.74
1789476180,76896.01
1789476240,76894.09
1789476300,76910
1789476360,76892.5
1789476420,76911.7
1789476480,76908.53
1789476540,76949.9
1789476600,76968.85
1789476660,77001.34
1789476720,77031.21
1789476780,77026.98
1789476840,77043.32
1789476900,77092.35
1789476960,77021.38
1789477020,77005.55
1789477080,76882.48
1789477140,76838.71
1789477200,76914.72
1789477260,76974.3
1789477320,76960.94
1789477380,76984.22
1789477440,76975.54
1789477500,77012.79
1789477560,77057.97
1789477620,77063.74
1789477680,77006.4
1789477740,76998.39
1789477800,76989.1
1789477860,76993.82
1789477920,77007.83
1789477980,77000
1789478040,76947.24
1789478100,76954.39
1789478160,76942.09
1789478220,76963.12
1789478280,76952.04
1789478340,76878
1789478400,76907.44
1789478460,76907.45
1789478520,76926.46
1789478580,76898.2
1789478640,76915.17
1789478700,76895.69
1789478760,76915.52
1789478820,76886.18
1789478880,76881.61
1789478940,76950.3
1789479000,76907.24
1789479060,76761.49
1789479120,76713.03
1789479180,76725.11
1789479240,76762.95
1789479300,76731.59
1789479360,76662.78
1789479420,76555.35
1789479480,76457.59
1789479540,76318.65
1789479600,76264.51
1789479660,76449.92
1789479720,76385.96
1789479780,76325.55
1789479840,76333.99
1789479900,76379.89
1789479960,76286.79
1789480020,76246.34
1789480080,76225.32
1789480140,76281.28
1789480200,76282.25
1789480260,76133.47
1789480320,76139.99
1789480380,76163.99
1789480440,76202.87
1789480500,76163.54
1789480560,76249.42
1789480620,76366.91
1789480680,76411.5
1789480740,76430
1789480800,76571.36
1789480860,76543.72
1789480920,76487.92
1789480980,76437.67
1789481040,76542.23
1789481100,76381.8
1789481160,76303
1789481220,76294.77
1789481280,76286.28
1789481340,76320.38
1789481400,76433.26
1789481460,76391.66
1789481520,76349.53
1789481580,76365.57
1789481640,76398.1
1789481700,76360
1789481760,76438.9
1789481820,76312.67
1789481880,76300.36
1789481940,76280
1789482000,76325.86
1789482060,76372.62
1789482120,76420.95
1789482180,76355.18
1789482240,76314.67
1789482300,76342.38
1789482360,76353.44
1789482420,76356.87
1789482480,76411.53
1789482540,76389.25
1789482600,76292.15
1789482660,76214.6
1789482720,76205.02
1789482780,76152.02
1789482840,76165.46
1789482900,76122.63
1789482960,76052.29
1789483020,75990.68
1789483080,76053.08
1789483140,75914.61
1789483200,75804.22
1789483260,75695.56
1789483320,75740.82
1789483380,75769.92
1789483440,75873.33
1789483500,75844.32
1789483560,75767.07
1789483620,75683.2
1789483680,75752.77
1789483740,75682.79
1789483800,75667.52
1789483860,75660.08
1789483920,75546.56
1789483980,75648.49
1789484040,75726.53
1789484100,75846.02
1789484160,75790.3
1789484220,75817.44
1789484280,75895.34
1789484340,75902.41
1789484400,75869.26
1789484460,75783.53
1789484520,75900.64
1789484580,75871.25
1789484640,75953.25
1789484700,75989.09
1789484760,75960.51
1789484820,76041.3
1789484880,76026.13
1789484940,75992.31
1789485000,75987.22
1789485060,76000
1789485120,76017.98
1789485180,75982.14
1789485240,75974.68
1789485300,75970.01
1789485360,75894.48
1789485420,75934.56
1789485480,75993.8
1789485540,76026.93
1789485600,75965.4
1789485660,76020.94
1789485720,75996.14
1789485780,75984.12
1789485840,76050.99
1789485900,76319.25
1789485960,76422.58
1789486020,76351.13
1789486080,76375.58
1789486140,76369.76
1789486200,76296.77
1789486260,76337.05
1789486320,76290.29
1789486380,76278.84
1789486440,76305.74
1789486500,76357.34
1789486560,76322.64
1789486620,76391.29
1789486680,76288.92
1789486740,76338.2
1789486800,76376.03
1789486860,76366.3
1789486920,76352.43
1789486980,76357.58
1789487040,76385.56
1789487100,76382.52
1789487160,76410.27
1789487220,76415.11
1789487280,76383.99
1789487340,76432.66
1789487400,76427.3
1789487460,76552.53
1789487520,76488.16
1789487580,76495.26
1789487640,76506.68
1789487700,76408.73
1789487760,76556.57
1789487820,76509.65
1789487880,76528.98
1789487940,76476
1789488000,76466.09
1789488060,76409.75
1789488120,76498.5
1789488180,76515.34
1789488240,76465.03
1789488300,76437.83
1789488360,76407.94
1789488420,76409.84
1789488480,76342.37
1789488540,76319.04
1789488600,76279.13
1789488660,76288.87
1789488720,76317.31
1789488780,76246.28
1789488840,76255.49
1789488900,76228.12
1789488960,76276.45
1789489020,76294.48
1789489080,76359.39
1789489140,76379.58
1789489200,76344.76
1789489260,76364.75
1789489320,76403.74
1789489380,76411.79
1789489440,76407.93
1789489500,76429
1789489560,76375.24
1789489620,76402.54
1789489680,76394.58
1789489740,76447.86
1789489800,76423.43
1789489860,76398.51
1789489920,76348.22
1789489980,76366.04
1789490040,76355.04
1789490100,76311.86
1789490160,76359.76
1789490220,76365.86
1789490280,76379.8
1789490340,76326.02
1789490400,76320.06
1789490460,76289.79
1789490520,76250.46
1789490580,76294.66
1789490640,76302.54
1789490700,76317.72
1789490760,76321.3
1789490820,76349.45
1789490880,76345.82
1789490940,76332.39
1789491000,76339.99
1789491060,76384.01
1789491120,76403.34
1789491180,76423.44
1789491240,76399.63
1789491300,76434.43
1789491360,76440.64
1789491420,76385.75
1789491480,76381.86
1789491540,76380.75
1789491600,76330.6
1789491660,76321.49
1789491720,76364.96
1789491780,76278.13
1789491840,76303.77
1789491900,76244.85
1789491960,76256.4
1789492020,76235.68
1789492080,76183
1789492140,76162.44
1789492200,76163.27
1789492260,76195.91
1789492320,76149.13
1789492380,76154.28
1789492440,76191.69
1789492500,76212.01
1789492560,76192.24
1789492620,76229.82
1789492680,76226.24
1789492740,76199.58
1789492800,76221.67
1789492860,76276.65
1789492920,76255.79
1789492980,76257.45
1789493040,76297.67
1789493100,76294.92
1789493160,76315.23
1789493220,76390.53
1789493280,76430.8
1789493340,76470.71
1789493400,76459.19
1789493460,76500
1789493520,76634.9
1789493580,76648.37
1789493640,76856.16
1789493700,76880
1789493760,77159.99
1789493820,77010.46
1789493880,77099.14
1789493940,76940.75
1789494000,76928.42
1789494060,76888.62
1789494120,76843.1
1789494180,76730.39
1789494240,76691.27
1789494300,76715.48
1789494360,76833.39
1789494420,76859.02
1789494480,76936.35
1789494540,76976.02
1789494600,76951.36
1789494660,77022.14
1789494720,76997.41
1789494780,77019.28
1789494840,76992.32
1789494900,76991.77
1789494960,76857.46
1789495020,76905.78
1789495080,76932.88
1789495140,76933.12
1789495200,76911.06
1789495260,76815.93
1789495320,76873.67
1789495380,76895.15
1789495440,76868.93
1789495500,76833.73
1789495560,76840.63
1789495620,76899.99
1789495680,76802
1789495740,76835.61
1789495800,76851.31
1789495860,76828.66
1789495920,76811.57
1789495980,76815.4
1789496040,76801.09
1789496100,76818.72
1789496160,76796.55
1789496220,76631.11
1789496280,76480.77
1789496340,76557.5
1789496400,76593.98
1789496460,76552.13
1789496520,76606.07
1789496580,76602.36
1789496640,76531.84
1789496700,76585.81
1789496760,76523.46
1789496820,76605.04
1789496880,76595.94
1789496940,76705.98
1789497000,76857.74
1789497060,76782.61
1789497120,76806.6
1789497180,76796.75
1789497240,76427.2
1789497300,76721.79
1789497360,76640.3
1789497420,76439.45
1789497480,76350.87
1789497540,76297.72
1789497600,76294.58
1789497660,76049.99
1789497720,76097.48
1789497780,75845.12
1789497840,75895.64
1789497900,75712.01
1789497960,75486
1789498020,75241.18
1789498080,75291.35
1789498140,75129.06
1789498200,75000
1789498260,75219.04
1789498320,75408.82
1789498380,75565.45
1789498440,75637.26
1789498500,75826
1789498560,76064.13
1789498620,75917.81
1789498680,75946.06
1789498740,75970
1789498800,75931.01
1789498860,75933.37
1789498920,75797.27
1789498980,75932.7
1789499040,76073
1789499100,76185.3
1789499160,75958.43
1789499220,76058.62
1789499280,75972.24
1789499340,75958.24
1789499400,75968.11
1789499460,76006.01
1789499520,76011.66
1789499580,75955.36
1789499640,75940.98
1789499700,75924.48
1789499760,75934.57
1789499820,76035.24
1789499880,76214.5
1789499940,76157.57
1789500000,76109.05
1789500060,76012.81
1789500120,76020
1789500180,76093.05
1789500240,76138.73
1789500300,76069.11
1789500360,76089.21
1789500420,75992.64
1789500480,75991.42
1789500540,75927.32
1789500600,75863.84
1789500660,75921.16
1789500720,75956.91
1789500780,75858.63
1789500840,75916.44
1789500900,75878.12
1789500960,75863.68
1789501020,75891
1789501080,75832.76
1789501140,75947.49
1789501200,75982.33
1789501260,75970.13
1789501320,75853.92
1789501380,75857.16
1789501440,75887.17
1789501500,75845.12
1789501560,75872.27
1789501620,75832.07
1789501680,75869.4
1789501740,75864.38
1789501800,75870.78
1789501860,75895.28
1789501920,75889.77
1789501980,75878.56
1789502040,75968.49
1789502100,75971.59
1789502160,75994.83
1789502220,76039.65
1789502280,76103.45
1789502340,76088.9
1789502400,76126.33
1789502460,76181.27
1789502520,76170.36
1789502580,76113.44
1789502640,76057.84
1789502700,76019.75
1789502760,75996.22
1789502820,75958.56
1789502880,75928.27
1789502940,75876.97
1789503000,75920.42
1789503060,76028.66
1789503120,76000
1789503180,75956.36
1789503240,75943.08
1789503300,75980.88
1789503360,75929.94
1789503420,75956.92
1789503480,75960.39
1789503540,75891.16
1789503600,75870.79
1789503660,75850
1789503720,75779.99
1789503780,75816.17
1789503840,75827.56
1789503900,75878.65
1789503960,75868.79
1789504020,75826.66
1789504080,75804.75
1789504140,75772.94
1789504200,75672.28
1789504260,75621.51
1789504320,75748.15
1789504380,75648.5
1789504440,75627.23
1789504500,75640.04
1789504560,75688.59
1789504620,75698.92
1789504680,75734.03
1789504740,75719.05
1789504800,75688.38
1789504860,75781.23
1789504920,75737.41
1789504980,75737.2
1789505040,75750.97
1789505100,75809.1
1789505160,75855.49
1789505220,75836.22
1789505280,75820.57
1789505340,75854.61
1789505400,75945.75
1789505460,75927.11
1789505520,75890.56
1789505580,75880.73
1789505640,75887.16
1789505700,75932.82
1789505760,75938.74
1789505820,75895.57
1789505880,75893.15
1789505940,75883.89
1789506000,75874.28
1789506060,75817.6
1789506120,75712.8
1789506180,75739.99
1789506240,75774.85
1789506300,75712.03
1789506360,75739.35
1789506420,75726.63
1789506480,75670.53
1789506540,75695.47
1789506600,75695.46
1789506660,75749.98
1789506720,75807.27
1789506780,75813.85
1789506840,75897.57
1789506900,75807.56
1789506960,75755.69
1789507020,75802.42
1789507080,75809.56
1789507140,75778.46
1789507200,75844.99
1789507260,75807.85
1789507320,75743.53
1789507380,75693.34
1789507440,75755.65
1789507500,75730.1
1789507560,75699.81
1789507620,75678.25
1789507680,75678.07
1789507740,75592.49
1789507800,75624.24
1789507860,75611.62
1789507920,75571.04
1789507980,75639.98
1789508040,75663.06
1789508100,75597.38
1789508160,75576.72
1789508220,75530.3
1789508280,75643.72
1789508340,75626.24
1789508400,75610.35
1789508460,75653.54
1789508520,75651.06
1789508580,75682.24
1789508640,75686.59
1789508700,75685.24
1789508760,75685.24
1789508820,75630.06
1789508880,75660.81
1789508940,75627.08
1789509000,75592.64
1789509060,75587.61
1789509120,75498.54
1789509180,75513.4
1789509240,75534.1
1789509300,75522.99
1789509360,75441.74
1789509420,75439.42
1789509480,75453.77
1789509540,75394.14
1789509600,75390.09
1789509660,75389.83
1789509720,75374.96
1789509780,75503.89
1789509840,75463.47
1789509900,75443.98
1789509960,75381.05
1789510020,75381.03
1789510080,75403.08
1789510140,75408.1
1789510200,75340.33
1789510260,75385.79
1789510320,75390.14
1789510380,75338.69
1789510440,75332.48
1789510500,75312.26
1789510560,75255.78
1789510620,75243.45
1789510680,75223.34
1789510740,75158.06
1789510800,75139.49
1789510860,75177.3
1789510920,75171.05
1789510980,75180.21
1789511040,75166.66
1789511100,75168.72
1789511160,75274.53
1789511220,75411.8
1789511280,75471.6
1789511340,75489.77
1789511400,75437.5
1789511460,75523.53
1789511520,75543.17
1789511580,75536.29
1789511640,75532.61
1789511700,75553.12
1789511760,75499.63
1789511820,75529.56
1789511880,75550.72
1789511940,75599.16
1789512000,75578.26
1789512060,75534.46
1789512120,75529.93
1789512180,75518.46
1789512240,75522.8
1789512300,75559.88
1789512360,75589.04
1789512420,75624.28
1789512480,75600.18
1789512540,75646.01
1789512600,75646.05
1789512660,75667.57
1789512720,75682.37
1789512780,75667.25
1789512840,75655.12
1789512900,75684.86
1789512960,75656.71
1789513020,75640.18
1789513080,75680.42
1789513140,75644.01
1789513200,75611
1789513260,75681.66
1789513320,75709.3
1789513380,75685.03
1789513440,75687.96
1789513500,75710.79
1789513560,75718.78
1789513620,75717
1789513680,75739.42
1789513740,75758.26
1789513800,75784.53
1789513860,75797.9
1789513920,75840.22
1789513980,75821.84
1789514040,75819.58
1789514100,75841.77
1789514160,75845.45
1789514220,75845.12
1789514280,75850.1
1789514340,75849.99
1789514400,75883.38
1789514460,75881.68
1789514520,75856.38
1789514580,75848.36
1789514640,75843.68
1789514700,75813.38
1789514760,75801.34
1789514820,75775.94
1789514880,75757.86
1789514940,75752.2
1789515000,75672.72
1789515060,75594.15
1789515120,75554.44
1789515180,75555
1789515240,75643.86
1789515300,75621.3
1789515360,75625.03
1789515420,75587.87
1789515480,75553.43
1789515540,75540.85
1789515600,75537.43
1789515660,75586.38
1789515720,75617.85
1789515780,75593.18
1789515840,75625.8
1789515900,75625.69
1789515960,75634.12
1789516020,75661.89
1789516080,75592.45
1789516140,75606.73
1789516200,75596.81
1789516260,75645.28
1789516320,75617.63
1789516380,75619.79
1789516440,75637.45
1789516500,75635.23
1789516560,75645.27
1789516620,75596.61
1789516680,75598.71
1789516740,75604.5
1789516800,75584.17
1789516860,75586.91
1789516920,75553.7
1789516980,75590.77
1789517040,75640
1789517100,75694.26
1789517160,75709.45
1789517220,75722.14
1789517280,75686.67
1789517340,75698.06
1789517400,75638.64
1789517460,75618.19
1789517520,75695.66
1789517580,75696.09
1789517640,75653.18
1789517700,75639.5
1789517760,75677.31
1789517820,75726.01
1789517880,75717.51
1789517940,75730.48
1789518000,75726.6
1789518060,75701.9
1789518120,75694.38
1789518180,75685.67
1789518240,75755.67
1789518300,75763.17
1789518360,75772.32
1789518420,75783.8
1789518480,75762.65
1789518540,75755.91
1789518600,75795.72
1789518660,75795.3
1789518720,75771.58
1789518780,75778.04
1789518840,75771.68
1789518900,75754.86
1789518960,75759.03
1789519020,75772.74
1789519080,75796.44
1789519140,75813.08
1789519200,75854.51
1789519260,75791.26
1789519320,75787.12
1789519380,75729.53
1789519440,75716.77
1789519500,75743.79
1789519560,75719.79
1789519620,75701.29
1789519680,75749.17
1789519740,75819.87
1789519800,75775.01
1789519860,75744.4
1789519920,75725.62
1789519980,75713
1789520040,75688.6
1789520100,75678.6
1789520160,75712.52
1789520220,75700
1789520280,75674.29
1789520340,75730.54
1789520400,75712.21
1789520460,75750.68
1789520520,75767.49
1789520580,75717.81
1789520640,75692.27
1789520700,75656.66
1789520760,75665.47
1789520820,75729.98
1789520880,75693.8
1789520940,75699.78
1789521000,75698.15
1789521060,75744.49
1789521120,75746.5
1789521180,75688.59
1789521240,75676.3
1789521300,75724.95
1789521360,75673.99
1789521420,75718.85
1789521480,75718.95
1789521540,75731.42
1789521600,75743.6
1789521660,75754.01
1789521720,75789.21
1789521780,75794.05
1789521840,75827.11
1789521900,75876
1789521960,75883.49
1789522020,75824.02
1789522080,75818.68
1789522140,75867.47
1789522200,75811.59
1789522260,75782.36
1789522320,75753.19
1789522380,75764.55
1789522440,75633.07
1789522500,75630.57
1789522560,75627.74
1789522620,75490.52
1789522680,75529.06
1789522740,75551.28
1789522800,75490.5
1789522860,75532.07
1789522920,75564.75
1789522980,75574.22
1789523040,75597.47
1789523100,75599.18
1789523160,75629.49
1789523220,75595.42
1789523280,75550.32
1789523340,75535.98
1789523400,75519.51
1789523460,75480.84
1789523520,75466.41
1789523580,75482.8
1789523640,75456.07
1789523700,75418.56
1789523760,75406.82
1789523820,75405.36
1789523880,75419.06
1789523940,75466.68
1789524000,75434.59
1789524060,75436.73
1789524120,75509.14
1789524180,75570.63
1789524240,75554.44
1789524300,75565.61
1789524360,75588.18
1789524420,75567.24
1789524480,75554.43
1789524540,75562.5
1789524600,75564.69
1789524660,75582.91
1789524720,75526.37
1789524780,75543.25
1789524840,75610.27
1789524900,75595.41
1789524960,75649.99
1789525020,75693.51
1789525080,75741.32
1789525140,75706.8
1789525200,75762.07
1789525260,75792.32
1789525320,75777.27
1789525380,75764.94
1789525440,75755
1789525500,75782.28
1789525560,75801.47
1789525620,75815.72
1789525680,75828.12
1789525740,75865.33
1789525800,75882.27
1789525860,75928.49
1789525920,75969.32
1789525980,75931.8
1789526040,75896.05
1789526100,75964.36
1789526160,75997.88
1789526220,75986.53
1789526280,75961.47
1789526340,75987.78
1789526400,75999.08
1789526460,75956.97
1789526520,75977.19
1789526580,75926.71
1789526640,75929.97
1789526700,75908.12
1789526760,75873.11
1789526820,75901.02
1789526880,75890.01
1789526940,75890.5
1789527000,75925.16
1789527060,75905.28
1789527120,75905.13
1789527180,75885.72
1789527240,75897.25
1789527300,75857.44
1789527360,75843.57
1789527420,75766.87
1789527480,75783.92
1789527540,75828.64
1789527600,75824.85
1789527660,75860.09
1789527720,75893.8
1789527780,75896.03
1789527840,75886.11
1789527900,75886.28
1789527960,75871.13
1789528020,75859.43
1789528080,75804.04
1789528140,75795.28
1789528200,75785.49
1789528260,75796.41
1789528320,75845.61
1789528380,75839.82
1789528440,75884.99
1789528500,75890.3
1789528560,75932.22
1789528620,75966.16
1789528680,75987.09
1789528740,75984.14
1789528800,75960.3
1789528860,75989.37
1789528920,76009.99
1789528980,76003.48
1789529040,75990.64
1789529100,75968.11
1789529160,75934.57
1789529220,75915.95
1789529280,75867.55
1789529340,75841.91
1789529400,75789.38
1789529460,75766.86
1789529520,75802.5
1789529580,75845.11
1789529640,75822.23
1789529700,75791.14
1789529760,75783.16
1789529820,75755.68
1789529880,75725.35
1789529940,75736.78
1789530000,75744.5
1789530060,75765.34
1789530120,75749.51
1789530180,75719.25
1789530240,75740.97
1789530300,75730.11
1789530360,75766.66
1789530420,75743.32
1789530480,75721.25
1789530540,75740.28
1789530600,75736.16
1789530660,75713.23
1789530720,75713.09
1789530780,75708.05
1789530840,75708.06
1789530900,75698.42
1789530960,75729.26
1789531020,75728.92
1789531080,75741.06
1789531140,75768.47
1789531200,75755.41
1789531260,75769.69
1789531320,75753.98
1789531380,75790.01
1789531440,75825
1789531500,75851.15
1789531560,75832.42
1789531620,75823.05
1789531680,75814.88
1789531740,75820.48
1789531800,75792.41
1789531860,75820.41
1789531920,75843.36
1789531980,75804.6
1789532040,75827.9
1789532100,75823.64
1789532160,75800.4
1789532220,75789.49
1789532280,75805.05
1789532340,75792.74
1789532400,75772.3
1789532460,75820.07
1789532520,75874.83
1789532580,75902.41
1789532640,75917.87
1789532700,75908.63
1789532760,75909.77
1789532820,75916.52
1789532880,75878.73
1789532940,75831.71
1789533000,75811.58
1789533060,75822.87
1789533120,75825.55
1789533180,75808.63
1789533240,75799.7
1789533300,75858
1789533360,75875.65
1789533420,75875.4
1789533480,75874.28
1789533540,75868.28
1789533600,75916.33
1789533660,75940.62
1789533720,75954.59
1789533780,75961.63
1789533840,75890.17
1789533900,75871.29
1789533960,75912.19
1789534020,75874.95
1789534080,75865.31
1789534140,75847.14
1789534200,75842.66
1789534260,75810.18
1789534320,75790.99
1789534380,75765.67
1789534440,75764.33
1789534500,75771.6
1789534560,75764.17
1789534620,75745.58
1789534680,75774.67
1789534740,75821.51
1789534800,75796.36
1789534860,75805.1
1789534920,75755.36
1789534980,75630.27
1789535040,75635.18
1789535100,75655.06
1789535160,75637.56
1789535220,75647.03
1789535280,75661.5
1789535340,75688.67
1789535400,75727.11
1789535460,75730.11
1789535520,75740
1789535580,75722.84
1789535640,75730.83
1789535700,75739.91
1789535760,75766.85
1789535820,75773.54
1789535880,75782.76
1789535940,75788.96
1789536000,75810.44
1789536060,75789.17
1789536120,75837.06
1789536180,75794.06
1789536240,75820.31
1789536300,75827.38
1789536360,75840.05
1789536420,75821.51
1789536480,75817.41
1789536540,75801.58
1789536600,75825.73
1789536660,75796.33
1789536720,75795.74
1789536780,75786.49
1789536840,75798.86
1789536900,75805
1789536960,75826.55
1789537020,75848.76
1789537080,75832.63
1789537140,75863.83
1789537200,75856.06
1789537260,75875.95
1789537320,75866.96
1789537380,75859.32
1789537440,75895.19
1789537500,75899.99
1789537560,75890.12
1789537620,75899.99
1789537680,75882.27
1789537740,75885.81
1789537800,75858.75
1789537860,75869.4
1789537920,75870.89
1789537980,75826.49
1789538040,75835.53
1789538100,75840.58
1789538160,75828.63
1789538220,75896.94
1789538280,75885.82
1789538340,75899.98
1789538400,75905.89
1789538460,75960.87
1789538520,75962.51
1789538580,75956.29
1789538640,75938.17
1789538700,75919.24
1789538760,75929.73
1789538820,75934.55
1789538880,75943.86
1789538940,75948.02
1789539000,75946.47
1789539060,75940.98
1789539120,75927.7
1789539180,75942.49
1789539240,75960.39
1789539300,75926.99
1789539360,75878.83
1789539420,75923.37
1789539480,75935.08
1789539540,75944.56
1789539600,75944.56
1789539660,75956.91
1789539720,75908.86
1789539780,75893.44
1789539840,75879.98
1789539900,75843.43
1789539960,75842.38
1789540020,75849.8
1789540080,75833.65
1789540140,75845.96
1789540200,75857.59
1789540260,75848.14
1789540320,75833.94
1789540380,75839.37
1789540440,75878.66
1789540500,75860.27
1789540560,75824.11
1789540620,75826.37
1789540680,75792.15
1789540740,75762.01
1789540800,75789.21
1789540860,75822.32
1789540920,75816.7
1789540980,75829.54
1789541040,75819.98
1789541100,75864.53
1789541160,75875.94
1789541220,75870.68
1789541280,75945.73
1789541340,75936.06
1789541400,75903.21
1789541460,75877.12
1789541520,75871.84
1789541580,75867.49
1789541640,75877.16
1789541700,75869.03
1789541760,75878.66
1789541820,75893.19
1789541880,75869.86
1789541940,75895.93
1789542000,75969
1789542060,75957.08
1789542120,75963.19
1789542180,75989.52
1789542240,75990.45
1789542300,76008.64
1789542360,75996.22
1789542420,75948.24
1789542480,75965.25
1789542540,75939.74
1789542600,75874.6
1789542660,75802.5
1789542720,75774.28
1789542780,75754.39
1789542840,75757.53
1789542900,75810.23
1789542960,75846
1789543020,75845.11
1789543080,75837.97
1789543140,75795.27
1789543200,75749.73
1789543260,75756.79
1789543320,75753.96
1789543380,75746.83
1789543440,75741.86
1789543500,75762.87
1789543560,75773.67
1789543620,75791.49
1789543680,75772.54
1789543740,75743.69
1789543800,75753.81
1789543860,75735.46
1789543920,75722.16
1789543980,75768.4
1789544040,75753.55
1789544100,75751.06
1789544160,75747.69
1789544220,75765.53
1789544280,75761.04
1789544340,75775
1789544400,75810
1789544460,75823.93
1789544520,75823.46
1789544580,75819.62
1789544640,75743.6
1789544700,75750.52
1789544760,75768.56
1789544820,75799.4
1789544880,75823.58
1789544940,75785.4
1789545000,75802.91
1789545060,75753.61
1789545120,75739.47
1789545180,75724.32
1789545240,75738.74
1789545300,75728.25
1789545360,75730.2
1789545420,75655.84
1789545480,75699.54
1789545540,75703.14
1789545600,75690.46
1789545660,75660.01
1789545720,75662.96
1789545780,75643.85
1789545840,75630.96
1789545900,75599.15
1789545960,75578.9
1789546020,75555.98
1789546080,75484.55
1789546140,75450.97
1789546200,75457.76
1789546260,75470.93
1789546320,75475.2
1789546380,75514.39
1789546440,75469.45
1789546500,75457.18
1789546560,75511.8
1789546620,75529.5
1789546680,75519.36
1789546740,75436.25
1789546800,75441.26
1789546860,75431.2
1789546920,75485.28
1789546980,75514.61
1789547040,75387.47
1789547100,75358.4
1789547160,75369.46
1789547220,75310.43
1789547280,75364.74
1789547340,75377.77
1789547400,75361.7
1789547460,75420.79
1789547520,75434.31
1789547580,75431.2
1789547640,75389.6
1789547700,75420.95
1789547760,75441.58
1789547820,75461.8
1789547880,75473.93
1789547940,75482.68
1789548000,75475.32
1789548060,75456.36
1789548120,75465.04
1789548180,75460.85
1789548240,75489.97
1789548300,75487.23
1789548360,75475.5
1789548420,75497.13
1789548480,75486.23
1789548540,75481.63
1789548600,75494.01
1789548660,75500.89
1789548720,75503.63
1789548780,75503.63
1789548840,75519.36
1789548900,75557.2
1789548960,75587.6
1789549020,75625.28
1789549080,75639.9
1789549140,75646.33
1789549200,75670.39
1789549260,75699.99
1789549320,75707.07
1789549380,75750.57
1789549440,75784.86
1789549500,75807.23
1789549560,75883.43
1789549620,75812.92
1789549680,75763.98
1789549740,75760.82
1789549800,75792.75
1789549860,75758.32
1789549920,75776.7
1789549980,75756.21
1789550040,75746.67
1789550100,75725
1789550160,75747.95
1789550220,75721.14
1789550280,75730.74
1789550340,75744.83
1789550400,75739.08
1789550460,75766.2
1789550520,75766.2
1789550580,75753.6
1789550640,75787.49
1789550700,75798.74
1789550760,75782.05
1789550820,75766.66
1789550880,75798.93
1789550940,75787.41
1789551000,75767.64
1789551060,75775.97
1789551120,75785.31
1789551180,75815.99
1789551240,75814.08
1789551300,75795.36
1789551360,75794.85
1789551420,75861.99
1789551480,75854.19
1789551540,75836.8
1789551600,75843.65
1789551660,75850.81
1789551720,75859.99
1789551780,75845.48
1789551840,75843.99
1789551900,75852.95
1789551960,75831.53
1789552020,75819.83
1789552080,75851.53
1789552140,75885
1789552200,75864.91
1789552260,75862.76
1789552320,75876.05
1789552380,75875.98
1789552440,75884.44
1789552500,75910.54
1789552560,75903.4
1789552620,75883.19
1789552680,75904.41
1789552740,75924.04
1789552800,75924.05
1789552860,75971.99
1789552920,75968.5
1789552980,75949.71
1789553040,75961.51
1789553100,75938.56
1789553160,75903.2
1789553220,75937.91
1789553280,75949.46
1789553340,75933.58
1789553400,75947.96
1789553460,75938.02
1789553520,75919.26
1789553580,75888.7
1789553640,75877.45
1789553700,75878.2
1789553760,75883.44
1789553820,75887.77
1789553880,75918.07
1789553940,75919.26
1789554000,75940.65
1789554060,75926.38
1789554120,75951.04
1789554180,75893.86
1789554240,75873.84
1789554300,75856.23
1789554360,75856.45
1789554420,75906.28
1789554480,75889.34
1789554540,75883.33
1789554600,75908.96
1789554660,75927.92
1789554720,75899.2
1789554780,75875.73
1789554840,75888.65
1789554900,75899.2
1789554960,75902.8
1789555020,75914.89
1789555080,75919.98
1789555140,75905.64
1789555200,75911.21
1789555260,75908.4
1789555320,75924.46
1789555380,75933.97
1789555440,75934.96
1789555500,75917.53
1789555560,75917.53
1789555620,75903.2
1789555680,75889
1789555740,75889
1789555800,75883.71
1789555860,75883.72
1789555920,75878.4
1789555980,75878.34
1789556040,75878.95
1789556100,75854
1789556160,75838.85
1789556220,75833.24
1789556280,75833.19
1789556340,75856.29
1789556400,75920
1789556460,75985.15
1789556520,75868
1789556580,75882.86
1789556640,75930.39
1789556700,75903.64
1789556760,75907.74
1789556820,75923.36
1789556880,75882.13
1789556940,75851.54
1789557000,75867.72
1789557060,75888.79
1789557120,75885.96
1789557180,75863.51
1789557240,75859.1
1789557300,75839.76
1789557360,75824.89
1789557420,75857.91
1789557480,75849.25
1789557540,75867.99
1789557600,75889.98
1789557660,75899.99
1789557720,75909.66
1789557780,75864.73
1789557840,75859.08
1789557900,75845.31
1789557960,75857.59
1789558020,75916.38
1789558080,75916.38
1789558140,75903.98
1789558200,75903.97
1789558260,75908.28
1789558320,75958.9
1789558380,75928.9
1789558440,75954.16
1789558500,75960
1789558560,75967.64
1789558620,76003.19
1789558680,75943.85
1789558740,75920.8
1789558800,75941.33
1789558860,75959.24
1789558920,75992.44
1789558980,76118.52
1789559040,76197.17
1789559100,76160.02
1789559160,76112.79
1789559220,76115.38
1789559280,76169.59
1789559340,76119.5
1789559400,76158.34
1789559460,76206.55
1789559520,76200
1789559580,76183.97
1789559640,76207.78
1789559700,76164.94
1789559760,76184.26
1789559820,76178.34
1789559880,76163.72
1789559940,76161.95
1789560000,76182.14
1789560060,76142.44
1789560120,76186.48
1789560180,76142.99
1789560240,76186.34
1789560300,76224.87
1789560360,76141.92
1789560420,76160.26
1789560480,76158.75
1789560540,76134.61
1789560600,76119.98
1789560660,76069.81
1789560720,76072.85
1789560780,76088.13
1789560840,76070.93
1789560900,76057.68
1789560960,76032.14
1789561020,76067.19
1789561080,76067.19
1789561140,76019.93
1789561200,76043.31
1789561260,76012.34
1789561320,76010.5
1789561380,76028.54
1789561440,75992.8
1789561500,75928.42
1789561560,75903.83
1789561620,75909.61
1789561680,75892.82
1789561740,75854.53
1789561800,75876.13
1789561860,75831.73
1789561920,75797.27
1789561980,75749.87
1789562040,75926.53
1789562100,75949.99
1789562160,75936.26
1789562220,75888.79
1789562280,75884.99
1789562340,75896.63
1789562400,75895.66
1789562460,75916.18
1789562520,75940.98
1789562580,75887.18
1789562640,75898.16
1789562700,75888.81
1789562760,75908.27
1789562820,75920.95
1789562880,75918.14
1789562940,75916.28
1789563000,75960.78
1789563060,75966.71
1789563120,75945.28
1789563180,75924.68
1789563240,75917
1789563300,75893.22
1789563360,75884.99
1789563420,75956.28
1789563480,75876.91
1789563540,75863.78
1789563600,75901.21
1789563660,75831.88
1789563720,75748.2
1789563780,75732.79
1789563840,75654.22
1789563900,75676.64
1789563960,75710.89
1789564020,75703.51
1789564080,75700.12
1789564140,75678.75
1789564200,75676.19
1789564260,75613.87
1789564320,75649.59
1789564380,75636.18
1789564440,75730.35
1789564500,75730.33
1789564560,75767.59
1789564620,75753.67
1789564680,75774.69
1789564740,75795.48
1789564800,75750.48
1789564860,75711.41
1789564920,75737.16
1789564980,75722.6
1789565040,75681.94
1789565100,75688.8
1789565160,75701.55
1789565220,75718.74
1789565280,75761.61
1789565340,75728.77
1789565400,75695.05
1789565460,75636.77
1789565520,75658.55
1789565580,75627.76
1789565640,75628.8
1789565700,75585.93
1789565760,75611.41
1789565820,75641.82
1789565880,75577.85
1789565940,75559.49
1789566000,75513.73
1789566060,75589.98
1789566120,75682.86
1789566180,75658.52
1789566240,75670.39
1789566300,75697.44
1789566360,75660.36
1789566420,75597.39
1789566480,75836.81
1789566540,75774.4
1789566600,75796.23
1789566660,75738.93
1789566720,75680.8
1789566780,75650.01
1789566840,75706
1789566900,75677.72
1789566960,75688.94
1789567020,75657.59
1789567080,75692.7
1789567140,75623.87
1789567200,75582.1
1789567260,75523.37
1789567320,75545.59
1789567380,75471.11
1789567440,75485.34
1789567500,75498.72
1789567560,75579.86
1789567620,75571.59
1789567680,75448
1789567740,75517.96
1789567800,75490.81
1789567860,75431.89
1789567920,75439.61
1789567980,75423.26
1789568040,75424.97
1789568100,75498.98
1789568160,75591.59
1789568220,75638.06
1789568280,75570.99
1789568340,75592.63
1789568400,75485.23
1789568460,75573.65
1789568520,75615.98
1789568580,75564.16
1789568640,75545.86
1789568700,75558.87
1789568760,75613.78
1789568820,75680.81
1789568880,75700
1789568940,75732.3
1789569000,75763.37
1789569060,75723.14
1789569120,75641.44
1789569180,75585.6
1789569240,75673.66
1789569300,75660.23
1789569360,75651.49
1789569420,75620.92
1789569480,75628.79
1789569540,75644.36
1789569600,75572.77
1789569660,75618.4
1789569720,75629.2
1789569780,75643.57
1789569840,75680.79
1789569900,75688.58
1789569960,75658.36
1789570020,75605.34
1789570080,75600.56
1789570140,75530
1789570200,75522.41
1789570260,75524.93
1789570320,75452.64
1789570380,75539
1789570440,75566.39
1789570500,75544.89
1789570560,75541.23
1789570620,75579.11
1789570680,75536.82
1789570740,75557.03
1789570800,75632.96
1789570860,75658.66
1789570920,75677.03
1789570980,75640.28
1789571040,75654.99
1789571100,75651.81
1789571160,75539
1789571220,75504.36
1789571280,75639.69
1789571340,75524.79
1789571400,75680.79
1789571460,75711.99
1789571520,75651.92
1789571580,75638.35
1789571640,75705
1789571700,75695.12
1789571760,75647.36
1789571820,75611.99
1789571880,75621.29
1789571940,75605.56
1789572000,75626.16
1789572060,75637.1
1789572120,75710.87
1789572180,75717.41
1789572240,75716.85
1789572300,75675.99
1789572360,75692.72
1789572420,75638.79
1789572480,75652.04
1789572540,75606.51
1789572600,75576.21
1789572660,75510.16
1789572720,75537.78
1789572780,75518.51
1789572840,75565.33
1789572900,75568.84
1789572960,75659.93
1789573020,75685.11
1789573080,75653.46
1789573140,75690.9
1789573200,75691.19
1789573260,75712.88
1789573320,75723.18
1789573380,75717.91
1789573440,75686.93
1789573500,75666.88
1789573560,75711.89
1789573620,75682.31
1789573680,75827.05
1789573740,75816.33
1789573800,75766.1
1789573860,75829.09
1789573920,75791
1789573980,75797.48
1789574040,75792.34
1789574100,75792.9
1789574160,75760.85
1789574220,75736.84
1789574280,75688.87
1789574340,75756.89
1789574400,75730.9
1789574460,75718.97
1789574520,75735.26
1789574580,75743.83
1789574640,75703.66
1789574700,75717.26
1789574760,75754.07
1789574820,75702.18
1789574880,75662.73
1789574940,75591.66
1789575000,75669.86
1789575060,75660
1789575120,75678.99
1789575180,75742.56
1789575240,75811.63
1789575300,75784.12
1789575360,75794.37
1789575420,75715.68
1789575480,75721.97
1789575540,75809.67
1789575600,75824.31
1789575660,75814.92
1789575720,75751.09
1789575780,75774.39
1789575840,75781.84
1789575900,75733.17
1789575960,75768.53
1789576020,75755.09
1789576080,75714.74
1789576140,75678.63
1789576200,75732.79
1789576260,75748.42
1789576320,75721.45
1789576380,75729.95
1789576440,75665.26
1789576500,75689.63
1789576560,75700.82
1789576620,75672.71
1789576680,75677.69
1789576740,75705.63
1789576800,75681.27
1789576860,75639.24
1789576920,75668.5
1789576980,75626.04
1789577040,75631.77
1789577100,75615.68
1789577160,75673.6
1789577220,75709.36
1789577280,75758.52
1789577340,75697.29
1789577400,75690
1789577460,75669.97
1789577520,75683.6
1789577580,75718.61
1789577640,75733.75
1789577700,75732.35
1789577760,75747.31
1789577820,75708.63
1789577880,75712.63
1789577940,75706.36
1789578000,75701.55
1789578060,75693.46
1789578120,75677.68
1789578180,75697.81
1789578240,75691.85
1789578300,75724.67
1789578360,75667.93
1789578420,75680.79
1789578480,75656.99
1789578540,75626.63
1789578600,75608.18
1789578660,75643.13
1789578720,75614.63
1789578780,75641.4
1789578840,75621.06
1789578900,75656.95
1789578960,75677.84
1789579020,75731.51
1789579080,75706.31
1789579140,75657.52
1789579200,75680.79
1789579260,75669.04
1789579320,75605.15
1789579380,75593.7
1789579440,75642.24
1789579500,75640.95
1789579560,75690.84
1789579620,75681.33
1789579680,75653.81
1789579740,75639.2
1789579800,75649.02
1789579860,75625.23
1789579920,75640.17
1789579980,75665.62
1789580040,75618.54
1789580100,75561.21
1789580160,75497.11
1789580220,75490.45
1789580280,75421.99
1789580340,75419.38
1789580400,75379.44
1789580460,75466.35
1789580520,75448.11
1789580580,75324
1789580640,75324.9
1789580700,75390.73
1789580760,75415.94
1789580820,75385.49
1789580880,75391.98
1789580940,75353.13
1789581000,75296.4
1789581060,75316.8
1789581120,75362.21
1789581180,75368.03
1789581240,75399.99
1789581300,75434.49
1789581360,75461.15
1789581420,75505.88
1789581480,75563.03
1789581540,75729
1789581600,75681.25
1789581660,75498.11
1789581720,75340.54
1789581780,75524.88
1789581840,75691.2
1789581900,75763.42
1789581960,76031.46
1789582020,76157.65
1789582080,76311.8
1789582140,76317.55
1789582200,76151.02
1789582260,76069.06
1789582320,76000.02
1789582380,75921.35
1789582440,75884.18
1789582500,75725.11
1789582560,75774.41
1789582620,75738.75
1789582680,75790.21
1789582740,75776.28
1789582800,75866.91
1789582860,75936.08
1789582920,75909.13
1789582980,75972.91
1789583040,75988.05
1789583100,75830.21
1789583160,75790.87
1789583220,75856.68
1789583280,75712
1789583340,75723.38
1789583400,75924.52
1789583460,75805.61
1789583520,75722.71
1789583580,75609.47
1789583640,75523.72
1789583700,75538.56
1789583760,75188.34
1789583820,75048.27
1789583880,75313.99
1789583940,75616.58
1789584000,75719.49
1789584060,75828.8
1789584120,75881.41
1789584180,76226.54
1789584240,76138.39
1789584300,75899.4
1789584360,75931.62
1789584420,75878.65
1789584480,75797.98
1789584540,75814.18
1789584600,75847.73
1789584660,75674.47
1789584720,75823.62
1789584780,75584.34
1789584840,75498.34
1789584900,75468.11
1789584960,75477.75
1789585020,75496.68
1789585080,75456.7
1789585140,75598
1789585200,75555.99
1789585260,75877.03
1789585320,75904.58
1789585380,75936
1789585440,76051.2
1789585500,75971.14
1789585560,75937.81
1789585620,75972
1789585680,75954.13
1789585740,75917.54
1789585800,75848.09
1789585860,75713.66
1789585920,75759.99
1789585980,75716.83
1789586040,75720.88
1789586100,75873.18
1789586160,75861.43
1789586220,75758.08
1789586280,75699.28
1789586340,75659.05
1789586400,75618.41
1789586460,75552
1789586520,75492.47
1789586580,75427.9
1789586640,75401.72
1789586700,75353.55
1789586760,75253.95
1789586820,75179.09
1789586880,75397.15
1789586940,75291.84
1789587000,75461.49
1789587060,75395.4
1789587120,75432.6
1789587180,75556
1789587240,75576.79
1789587300,75717.11
1789587360,75712.03
1789587420,75601.94
1789587480,75670.39
1789587540,75702.74
1789587600,75746.04
1789587660,75742.73
1789587720,75747.13
1789587780,75781.52
1789587840,75887.74
1789587900,75888.59
1789587960,75985.04
1789588020,75990.59
1789588080,76021.33
1789588140,76027.18
1789588200,75976.36
1789588260,76030.22
1789588320,75971.14
1789588380,75981.5
1789588440,75965.79
1789588500,75999.02
1789588560,75992.79
1789588620,75992.05
1789588680,75964.72
1789588740,76011.89
1789588800,76000
1789588860,75980.71
1789588920,75973.56
1789588980,76101.47
1789589040,76163.96
1789589100,76198.24
1789589160,76312.43
1789589220,76159.67
1789589280,76169.6
1789589340,76117.8
1789589400,76098.18
1789589460,76055.22
1789589520,76081.11
1789589580,76124.45
1789589640,76142.03
1789589700,76138.99
1789589760,76118.48
1789589820,76135.38
1789589880,76234.48
1789589940,76219.44
1789590000,76273.59
1789590060,76274.16
1789590120,76268.2
1789590180,76274.67
1789590240,76242.38
1789590300,76183.59
1789590360,76173.04
1789590420,76129.59
1789590480,76052
1789590540,76047.51
1789590600,76133.52
1789590660,76149.41
1789590720,76117.99
1789590780,76065.62
1789590840,76064.27
1789590900,76142.47
1789590960,76100.03
1789591020,76103.98
1789591080,76062.12
1789591140,76034.4
1789591200,76031.8
1789591260,76011.13
1789591320,75981.36
1789591380,76010.86
1789591440,76057.75
1789591500,76048.03
1789591560,76008.52
1789591620,76017.99
1789591680,76052.51
1789591740,76107.19
1789591800,76094
1789591860,76056.17
1789591920,76019.38
1789591980,76033.49
1789592040,76042.01
1789592100,76051.34
1789592160,76062.56
1789592220,76080.45
1789592280,76109.69
1789592340,76117.83
1789592400,76101.98
1789592460,76099.67
1789592520,76081.26
1789592580,76078.52
1789592640,76105.63
1789592700,76081.89
1789592760,76109.94
1789592820,76135.95
1789592880,76098.61
1789592940,76076
1789593000,76087.98
1789593060,76082.02
1789593120,76034.98
1789593180,76016.43
1789593240,76022.53
1789593300,76044.79
1789593360,76049.3
1789593420,76064.07
1789593480,76049.3
1789593540,76044.64
1789593600,76046.77
1789593660,76059.44
1789593720,76030.16
1789593780,76031.59
1789593840,76007.48
1789593900,75996.44
1789593960,76002.25
1789594020,76051.24
1789594080,76026.08
1789594140,75961.44
1789594200,76000.05
1789594260,76023.99
1789594320,76014.87
1789594380,76002.36
1789594440,75992.81
1789594500,75988.35
1789594560,75997.88
1789594620,76001.94
1789594680,75982.9
1789594740,75934.22
1789594800,75921.89
1789594860,75909.6
1789594920,75900
1789594980,75915.77
1789595040,75889.07
1789595100,75897.04
1789595160,75890
1789595220,75882.65
1789595280,75899.14
1789595340,75898.69
1789595400,75899.85
1789595460,75900.36
1789595520,75900.7
1789595580,75927.88
1789595640,75927.12
1789595700,75959.42
1789595760,75888.8
1789595820,75904.8
1789595880,75937.26
1789595940,75937.26
1789596000,75907.46
1789596060,75868.01
1789596120,75782.64
1789596180,75716.7
1789596240,75747.07
1789596300,75687.55
1789596360,75723.91
1789596420,75665.6
1789596480,75659.64
1789596540,75617.24
1789596600,75700.07
1789596660,75702.59
1789596720,75719.77
1789596780,75784.16
1789596840,75793.06
1789596900,75826.4
1789596960,75845.46
1789597020,75805.62
1789597080,75807.07
1789597140,75784.81
1789597200,75727.08
1789597260,75715.47
1789597320,75675.31
1789597380,75624.1
1789597440,75617.15
1789597500,75632.22
1789597560,75649.46
1789597620,75687.83
1789597680,75689.04
1789597740,75728.36
1789597800,75691.2
1789597860,75660
1789597920,75675.35
1789597980,75657.29
1789598040,75653.52
1789598100,75623.93
1789598160,75620.33
1789598220,75612.59
1789598280,75651
1789598340,75652.73
1789598400,75711.99
1789598460,75669.75
1789598520,75683.82
1789598580,75719.04
1789598640,75736.99
1789598700,75755.94
1789598760,75748.72
1789598820,75753.4
1789598880,75716.37
1789598940,75675.04
1789599000,75658.52
1789599060,75637.47
1789599120,75597.6
1789599180,75579.06
1789599240,75600.45
1789599300,75594.91
1789599360,75607.99
1789599420,75607.91
1789599480,75611.26
1789599540,75621.46
1789599600,75620.08
1789599660,75587.29
1789599720,75660
1789599780,75653.01
1789599840,75670.2
1789599900,75670.72
1789599960,75729.78
1789600020,75736.97
1789600080,75677.36
1789600140,75743.19
1789600200,75733.08
1789600260,75749.16
1789600320,75722.17
1789600380,75738.62
1789600440,75735.46
1789600500,75786.99
1789600560,75805.64
1789600620,75867.99
1789600680,75947.87
1789600740,75960.02
1789600800,75988.52
1789600860,76049.99
1789600920,76066.22
1789600980,76054.17
1789601040,76060.99
1789601100,76032.52
1789601160,76016.86
1789601220,76006.74
1789601280,76010.42
1789601340,76045.95
1789601400,76016.69
1789601460,76070.78
1789601520,76017.52
1789601580,76016.66
1789601640,76044.79
1789601700,76057.58
1789601760,76032.07
1789601820,76001.89
1789601880,76051.34
1789601940,76049.18
1789602000,76055.2
1789602060,76157.35
1789602120,76122.47
1789602180,76096.81
1789602240,76140.64
1789602300,76150.48
1789602360,76161.55
1789602420,76190.32
1789602480,76133.73
1789602540,76098.97
1789602600,76159.2
1789602660,76180.97
1789602720,76179.72
1789602780,76193.24
1789602840,76173.44
1789602900,76197.93
1789602960,76142.07
1789603020,76156.16
1789603080,76148.18
1789603140,76144.15
1789603200,76144.99
1789603260,76180.48
1789603320,76190.39
1789603380,76195.54
1789603440,76208.64
1789603500,76205.66
1789603560,76150.62
1789603620,76153.62
1789603680,76204.69
1789603740,76231.99
1789603800,76269.98
1789603860,76267.15
1789603920,76358.92
1789603980,76324.37
1789604040,76242.47
1789604100,76264.69
1789604160,76298.46
1789604220,76374.78
1789604280,76341.71
1789604340,76303.8
1789604400,76386.09
1789604460,76358.37
1789604520,76380.54
1789604580,76366.68
1789604640,76361.46
1789604700,76416.01
1789604760,76383.35
1789604820,76312.03
1789604880,76338.58
1789604940,76326.91
1789605000,76341.96
1789605060,76326.38
1789605120,76395.18
1789605180,76369.66
1789605240,76379.32
1789605300,76365.01
1789605360,76431.71
1789605420,76343.91
1789605480,76353.62
1789605540,76405.17
1789605600,76412.06
1789605660,76420.26
1789605720,76392.2
1789605780,76380.04
1789605840,76399.86
1789605900,76362.13
1789605960,76339.64
1789606020,76317.9
1789606080,76310.22
1789606140,76322.68
1789606200,76340.73
1789606260,76335.99
1789606320,76323.13
1789606380,76321.7
1789606440,76330.1
1789606500,76310.54
1789606560,76303.77
1789606620,76331.82
1789606680,76290.62
1789606740,76268.57
1789606800,76268.48
1789606860,76182.69
1789606920,76152.08
1789606980,76156.49
1789607040,76161.66
1789607100,76166.25
1789607160,76155
1789607220,76289.39
1789607280,76285.65
1789607340,76237.17
1789607400,76199.17
1789607460,76163.1
1789607520,76182.61
1789607580,76170.66
1789607640,76193.36
1789607700,76237.27
1789607760,76190.55
1789607820,76153.24
1789607880,76177.88
1789607940,76252.11
1789608000,76292.22
1789608060,76336.21
1789608120,76324.23
1789608180,76340.54
1789608240,76367.99
1789608300,76424.64
1789608360,76510.45
1789608420,76487.23
1789608480,76521.42
1789608540,76571.24
1789608600,76562.27
1789608660,76562.24
1789608720,76607.16
1789608780,76679.2
1789608840,76623.28
1789608900,76565.72
1789608960,76542.18
1789609020,76609.6
1789609080,76649.68
1789609140,76622.42
1789609200,76537.07
1789609260,76480.14
1789609320,76450.09
1789609380,76510.4
1789609440,76554.41
1789609500,76530.67
1789609560,76479.02
1789609620,76453.06
1789609680,76402.6
1789609740,76454.3
1789609800,76482.72
1789609860,76456.75
1789609920,76459.99
1789609980,76439.19
1789610040,76350.13
1789610100,76339.21
1789610160,76263.2
1789610220,76306.78
1789610280,76319.79
1789610340,76316.91
1789610400,76298.04
1789610460,76255.92
1789610520,76256.03
1789610580,76275.41
1789610640,76311
1789610700,76318.75
1789610760,76278.1
1789610820,76156.17
1789610880,76178.42
1789610940,76167.98
1789611000,76086.83
1789611060,76096.8
1789611120,76080.18
1789611180,76067.1
1789611240,76103.03
1789611300,76149.2
1789611360,76107.38
1789611420,76111.96
1789611480,76101.37
1789611540,76080.73
1789611600,76055.21
1789611660,76033.56
1789611720,76044.81
1789611780,76034.26
1789611840,76045.9
1789611900,76052.2
1789611960,76101.48
1789612020,76115.95
1789612080,76133.46
1789612140,76096.68
1789612200,76112.62
1789612260,76106.2
1789612320,76138.29
1789612380,76119.26
1789612440,76159.53
1789612500,76185.89
1789612560,76205.99
1789612620,76230.09
1789612680,76295.66
1789612740,76356.02
1789612800,76322.69
1789612860,76374.48
1789612920,76327.97
1789612980,76373.69
1789613040,76369.14
1789613100,76352.64
1789613160,76326
1789613220,76311.81
1789613280,76306.33
1789613340,76302.82
1789613400,76371.52
1789613460,76385.01
1789613520,76381.55
1789613580,76323.2
1789613640,76281.76
1789613700,76290.49
1789613760,76331.33
1789613820,76294.4
1789613880,76298.55
1789613940,76288.24
1789614000,76303.74
1789614060,76342.86
1789614120,76317.25
1789614180,76323.52
1789614240,76370.92
1789614300,76387.76
1789614360,76424.99
1789614420,76398.4
1789614480,76395.43
1789614540,76382.1
1789614600,76368.42
1789614660,76362.15
1789614720,76339.2
1789614780,76360
1789614840,76333.77
1789614900,76367.19
1789614960,76370.57
1789615020,76370.21
1789615080,76376.83
1789615140,76338.15
1789615200,76352.99
1789615260,76347.32
1789615320,76361.61
1789615380,76387.66
1789615440,76400
1789615500,76414.13
1789615560,76429.59
1789615620,76404.28
1789615680,76410.96
1789615740,76418.26
1789615800,76425.07
1789615860,76418.26
1789615920,76387.99
1789615980,76423.72
1789616040,76458.28
1789616100,76431.54
1789616160,76438.7
1789616220,76448.37
1789616280,76433.64
1789616340,76414.53
1789616400,76426.45
1789616460,76426.45
1789616520,76411.49
1789616580,76402.64
1789616640,76382.08
1789616700,76408.78
1789616760,76411.06
1789616820,76396
1789616880,76391.18
1789616940,76397.49
1789617000,76403.9
1789617060,76385.91
1789617120,76399.15
1789617180,76363.25
1789617240,76338.55
1789617300,76361.78
1789617360,76340.78
1789617420,76354.32
1789617480,76381.57
1789617540,76367.83
1789617600,76364.57
1789617660,76347.78
1789617720,76329.38
1789617780,76298.69
1789617840,76298.9
1789617900,76326.76
1789617960,76325.49
1789618020,76325.49
1789618080,76284.01
1789618140,76288.9
1789618200,76266.65
1789618260,76264.07
1789618320,76251.59
1789618380,76234.08
1789618440,76237.58
1789618500,76242.06
1789618560,76242.8
1789618620,76236.94
1789618680,76236.98
1789618740,76241.46
1789618800,76216.27
1789618860,76198.19
1789618920,76159.2
1789618980,76138.42
1789619040,76145.94
1789619100,76147.11
1789619160,76143.02
1789619220,76107.22
1789619280,76131.13
1789619340,76156.17
1789619400,76128.81
1789619460,76102.54
1789619520,76149.99
1789619580,76129.69
1789619640,76129.63
1789619700,76124.67
1789619760,76179.02
1789619820,76187.9
1789619880,76190.41
1789619940,76218.77
1789620000,76265.33
1789620060,76242.96
1789620120,76278.87
1789620180,76264.19
1789620240,76306.47
1789620300,76292.9
1789620360,76279.47
1789620420,76278.6
1789620480,76302.17
1789620540,76413.43
1789620600,76400.74
1789620660,76424.28
1789620720,76438.76
1789620780,76436.86
1789620840,76402.54
1789620900,76357.61
1789620960,76394.88
1789621020,76421.03
1789621080,76452.34
1789621140,76512.25
1789621200,76460.82
1789621260,76512.46
1789621320,76533.6
1789621380,76461.64
1789621440,76429.6
1789621500,76449.26
1789621560,76443.88
1789621620,76431.1
1789621680,76420.35
1789621740,76423.91
1789621800,76427.13
1789621860,76410.77
1789621920,76377.51
1789621980,76399.91
1789622040,76396.63
1789622100,76389.2
1789622160,76381.38
1789622220,76368.1
1789622280,76356.81
1789622340,76353.6
1789622400,76373.78
1789622460,76377.58
1789622520,76380.59
1789622580,76369.35
1789622640,76380.58
1789622700,76406.98
1789622760,76469.88
1789622820,76395.78
1789622880,76378.06
1789622940,76415.17
1789623000,76415.17
1789623060,76370.07
1789623120,76365.17
1789623180,76325.41
1789623240,76313.78
1789623300,76403.8
1789623360,76369.21
1789623420,76328.33
1789623480,76324.14
1789623540,76326.95
1789623600,76322.69
1789623660,76294.41
1789623720,76260.09
1789623780,76280.3
1789623840,76276.53
1789623900,76276.54
1789623960,76286.05
1789624020,76282.88
1789624080,76293.42
1789624140,76318.36
1789624200,76294.91
1789624260,76298.67
1789624320,76310.62
1789624380,76346.39
1789624440,76331.14
1789624500,76324.29
1789624560,76291.8
1789624620,76263.22
1789624680,76234.94
1789624740,76258.92
1789624800,76249.28
1789624860,76239.62
1789624920,76254.62
1789624980,76250.82
1789625040,76302.01
1789625100,76310.37
1789625160,76344.47
1789625220,76314.64
1789625280,76315.2
1789625340,76356.79
1789625400,76391.51
1789625460,76378.73
1789625520,76378.73
1789625580,76380.46
1789625640,76380.93
1789625700,76382.03
1789625760,76349.17
1789625820,76315.2
1789625880,76319.17
1789625940,76323.56
1789626000,76325.01
1789626060,76284.01
1789626120,76297.21
1789626180,76264.49
1789626240,76271.47
1789626300,76264.94
1789626360,76262.58
1789626420,76280.12
1789626480,76278.31
1789626540,76325.59
1789626600,76376.6
1789626660,76401.44
1789626720,76418.6
1789626780,76392.85
1789626840,76429.59
1789626900,76410.05
1789626960,76434.62
1789627020,76464.07
1789627080,76481.59
1789627140,76480.15
1789627200,76469.29
1789627260,76489.27
1789627320,76485
1789627380,76467.08
1789627440,76488.54
1789627500,76478.99
1789627560,76485.6
1789627620,76499.99
1789627680,76506.84
1789627740,76513.66
1789627800,76464.21
1789627860,76465.73
1789627920,76450.4
1789627980,76445.37
1789628040,76448.5
1789628100,76416.26
1789628160,76392.49
1789628220,76397.86
1789628280,76395.49
1789628340,76394.83
1789628400,76402.92
1789628460,76421.56
1789628520,76452.13
1789628580,76452.14
1789628640,76461.06
1789628700,76498.8
1789628760,76541.9
1789628820,76596.29
1789628880,76535.21
1789628940,76572.09
1789629000,76553.41
1789629060,76598.3
1789629120,76544.63
1789629180,76529.7
1789629240,76494.61
1789629300,76464.69
1789629360,76443.6
1789629420,76508.6
1789629480,76511.59
1789629540,76549.6
1789629600,76482.9
1789629660,76461.1
1789629720,76462.94
1789629780,76489.67
1789629840,76480.17
1789629900,76490.09
1789629960,76469.49
1789630020,76469.5
1789630080,76485.82
1789630140,76485.77
1789630200,76441.7
1789630260,76452.45
1789630320,76432.66
1789630380,76430
1789630440,76451.04
1789630500,76433.51
1789630560,76421.1
1789630620,76425.32
1789630680,76424.94
1789630740,76422.6
1789630800,76412.99
1789630860,76422.73
1789630920,76459.49
1789630980,76436.4
1789631040,76438.91
1789631100,76426.31
1789631160,76399.5
1789631220,76446.46
1789631280,76442.44
1789631340,76449.99
1789631400,76424.4
1789631460,76401.8
1789631520,76401.8
1789631580,76389.31
1789631640,76384.21
1789631700,76375.37
1789631760,76375.37
1789631820,76358.27
1789631880,76349.32
1789631940,76355.9
1789632000,76388.12
1789632060,76403.32
1789632120,76383.77
1789632180,76398.23
1789632240,76403.59
1789632300,76452.91
1789632360,76412.7
1789632420,76410.59
1789632480,76428.73
1789632540,76408.33
1789632600,76383
1789632660,76396.34
1789632720,76422.23
1789632780,76376.86
1789632840,76339.95
1789632900,76335.17
1789632960,76323.49
1789633020,76366.78
1789633080,76354.22
1789633140,76382.51
1789633200,76397.39
1789633260,76439.7
1789633320,76435.51
1789633380,76450.01
1789633440,76449.35
1789633500,76404.75
1789633560,76443.82
1789633620,76451.99
1789633680,76420.49
1789633740,76405.87
1789633800,76377.6
1789633860,76354.2
1789633920,76386.11
1789633980,76390.73
1789634040,76394.78
1789634100,76394.17
1789634160,76378.97
1789634220,76386.91
1789634280,76458.5
1789634340,76463.87
1789634400,76461.3
1789634460,76411.47
1789634520,76395.98
1789634580,76391.45
1789634640,76395.6
1789634700,76414.15
1789634760,76406.99
1789634820,76407.69
1789634880,76416.97
1789634940,76403.54
1789635000,76409.76
1789635060,76423.89
1789635120,76467.59
1789635180,76445.24
1789635240,76464.74
1789635300,76488.77
1789635360,76490.57
1789635420,76514.92
1789635480,76509.39
1789635540,76497.85
1789635600,76497.65
1789635660,76507.51
1789635720,76573.92
1789635780,76556.13
1789635840,76553.1
1789635900,76588.42
1789635960,76592.75
1789636020,76582.92
1789636080,76598.42
1789636140,76579.6
1789636200,76576.2
1789636260,76584.67
1789636320,76651.72
1789636380,76623.54
1789636440,76599.9
1789636500,76611.01
1789636560,76611.01
1789636620,76580.85
1789636680,76613.33
1789636740,76646.89
1789636800,76580.82
1789636860,76652.31
1789636920,76644.97
1789636980,76663.1
1789637040,76638.68
1789637100,76616.33
1789637160,76616.84
1789637220,76636.25
1789637280,76630.27
1789637340,76618.78
1789637400,76604.32
1789637460,76589.19
1789637520,76590.26
1789637580,76576.43
1789637640,76601.51
1789637700,76613.62
1789637760,76651.12
1789637820,76665.4
1789637880,76694.29
1789637940,76630.66
1789638000,76623.3
1789638060,76618.03
1789638120,76596.76
1789638180,76582.07
1789638240,76539.76
1789638300,76516.19
1789638360,76546.22
1789638420,76509.22
1789638480,76503.34
1789638540,76483.11
1789638600,76493.78
1789638660,76483.51
1789638720,76421.14
1789638780,76431.76
1789638840,76450.1
1789638900,76464.62
1789638960,76458.33
1789639020,76432.75
1789639080,76445.37
1789639140,76418.19
1789639200,76394.34
1789639260,76395.73
1789639320,76346.49
1789639380,76282.13
1789639440,76257.96
1789639500,76301.45
1789639560,76322.75
1789639620,76318.99
1789639680,76348.52
1789639740,76342.77
1789639800,76309.92
1789639860,76304.53
1789639920,76350.11
1789639980,76319.1
1789640040,76344
1789640100,76313.91
1789640160,76277.62
1789640220,76266.61
1789640280,76294.1
1789640340,76272.3
1789640400,76260.4
1789640460,76260.85
1789640520,76259.2
1789640580,76241.96
1789640640,76282.54
1789640700,76258.66
1789640760,76253.31
1789640820,76283.32
1789640880,76286.6
1789640940,76287.41
1789641000,76262.84
1789641060,76275.05
1789641120,76244.34
1789641180,76249.25
1789641240,76251.73
1789641300,76258.79
1789641360,76303.94
1789641420,76329.12
1789641480,76308.39
1789641540,76310.72
1789641600,76314.51
1789641660,76298.65
1789641720,76284.84
1789641780,76289.49
1789641840,76264.92
1789641900,76246.97
1789641960,76226.38
1789642020,76225.52
1789642080,76218.86
1789642140,76209.42
1789642200,76225.22
1789642260,76255.52
1789642320,76285.29
1789642380,76272.29
1789642440,76288.81
1789642500,76281.86
1789642560,76278.36
1789642620,76265.21
1789642680,76318.26
1789642740,76305.58
1789642800,76330.8
1789642860,76361.43
1789642920,76322.35
1789642980,76335.5
1789643040,76352.88
1789643100,76361.12
1789643160,76337.95
1789643220,76295.7
1789643280,76278.87
1789643340,76291.04
1789643400,76296.74
1789643460,76337.19
1789643520,76318
1789643580,76309.29
1789643640,76330.79
1789643700,76364.95
1789643760,76372.72
1789643820,76319.09
1789643880,76276.06
1789643940,76278.09
1789644000,76305
1789644060,76311.33
1789644120,76297.12
1789644180,76313.24
1789644240,76307.14
1789644300,76284.1
1789644360,76265.62
1789644420,76319.78
1789644480,76325.48
1789644540,76313.53
1789644600,76315.19
1789644660,76271.06
1789644720,76257.79
1789644780,76242.39
1789644840,76222.8
1789644900,76233.01
1789644960,76190.83
1789645020,76190
1789645080,76172.31
1789645140,76154.88
1789645200,76135.54
1789645260,76099.76
1789645320,76117.9
1789645380,76163.24
1789645440,76153.02
1789645500,76109.74
1789645560,76134
1789645620,76133.57
1789645680,76147.88
1789645740,76159.77
1789645800,76139.81
1789645860,76147.36
1789645920,76158.78
1789645980,76158.78
1789646040,76173.36
1789646100,76166.8
1789646160,76180.44
1789646220,76181.96
1789646280,76233.47
1789646340,76358.49
1789646400,76398.74
1789646460,76436.07
1789646520,76492.02
1789646580,76421.71
1789646640,76365
1789646700,76421.95
1789646760,76439.39
1789646820,76365.9
1789646880,76344.43
1789646940,76403.82
1789647000,76481.65
1789647060,76455.53
1789647120,76547
1789647180,76610.6
1789647240,76651.93
1789647300,76743.74
1789647360,76807.52
1789647420,76816.28
1789647480,76869.01
1789647540,76814.49
1789647600,76884.21
1789647660,76822.99
1789647720,76871.73
1789647780,76848.95
1789647840,76825.91
1789647900,76855.52
1789647960,76888.12
1789648020,76881.38
1789648080,76898.01
1789648140,76869
1789648200,76931.58
1789648260,77026.82
1789648320,76944.77
1789648380,76873.2
1789648440,76889.84
1789648500,76974.51
1789648560,76904.11
1789648620,76913.25
1789648680,76910.12
1789648740,76869
1789648800,76861.46
1789648860,76828.25
1789648920,76814.47
1789648980,76811.1
1789649040,76834.66
1789649100,76798.8
1789649160,76782.41
1789649220,76818.85
1789649280,76763.74
1789649340,76736.8
1789649400,76709.6
1789649460,76775.39
1789649520,76803.66
1789649580,76760.93
1789649640,76730.87
1789649700,76705.2
1789649760,76696.16
1789649820,76688.79
1789649880,76723.29
1789649940,76700.01
1789650000,76659.83
1789650060,76739.44
1789650120,76749.34
1789650180,76751.8
1789650240,76785.73
1789650300,76779.16
1789650360,76732.66
1789650420,76711.43
1789650480,76664.16
1789650540,76644.89
1789650600,76601.25
1789650660,76593.39
1789650720,76658.37
1789650780,76618.97
1789650840,76568.99
1789650900,76587.07
1789650960,76635
1789651020,76643.05
1789651080,76634.98
1789651140,76648.06
1789651200,76604.87
1789651260,76630.6
1789651320,76596.2
1789651380,76597.59
1789651440,76522.88
1789651500,76535.12
1789651560,76528.6
1789651620,76506.33
1789651680,76511.71
1789651740,76460.7
1789651800,76398.01
1789651860,76494.6
1789651920,76393.11
1789651980,76303.39
1789652040,76274.22
1789652100,76283.97
1789652160,76138.1
1789652220,76129.97
1789652280,76065.6
1789652340,75987.74
1789652400,75939.39
1789652460,75997.5
1789652520,76078.68
1789652580,76113.64
1789652640,76065.34
1789652700,76073.31
1789652760,75992.88
1789652820,76131.99
1789652880,76257.46
1789652940,76278.43
1789653000,76271.26
1789653060,76338.53
1789653120,76332.42
1789653180,76424.02
1789653240,76488.03
1789653300,76420.6
1789653360,76474.8
1789653420,76565.24
1789653480,76576.5
1789653540,76534.13
1789653600,76618.25
1789653660,76566.84
1789653720,76521.36
1789653780,76443.33
1789653840,76454.11
1789653900,76345.24
1789653960,76402.44
1789654020,76449.55
1789654080,76377.08
1789654140,76506.29
1789654200,76584.77
1789654260,76648.7
1789654320,76697.7
1789654380,76790.37
1789654440,76729.93
1789654500,76882.38
1789654560,76779.89
1789654620,76730.62
1789654680,76664.95
1789654740,76642.48
1789654800,76681.79
1789654860,76693.5
1789654920,76820.39
1789654980,76781
1789655040,76844.24
1789655100,76881.72
1789655160,76808.7
1789655220,76910.79
1789655280,76949.01
1789655340,76908.46
1789655400,76873.39
1789655460,76862.24
1789655520,76902.26
1789655580,76844.57
1789655640,76809.99
1789655700,76761.76
1789655760,76732.45
1789655820,76663.46
1789655880,76715.06
1789655940,76739.9
1789656000,76676.26
1789656060,76725.47
1789656120,76662.96
1789656180,76580.9
1789656240,76558.11
1789656300,76538.48
1789656360,76632.98
1789656420,76621.14
1789656480,76556.2
1789656540,76611.6
1789656600,76619.61
1789656660,76564.8
1789656720,76611.46
1789656780,76541.03
1789656840,76558.62
1789656900,76574.98
1789656960,76563.14
1789657020,76510.49
1789657080,76513.73
1789657140,76442.75
1789657200,76423.62
1789657260,76396.99
1789657320,76265.58
1789657380,76323.85
1789657440,76356.41
1789657500,76270.39
1789657560,76203.88
1789657620,76262.87
1789657680,76276.66
1789657740,76339.57
1789657800,76306.22
1789657860,76258.91
1789657920,76242.76
1789657980,76226.3
1789658040,76254.08
1789658100,76272.97
1789658160,76224.79
1789658220,76303.93
1789658280,76323.44
1789658340,76371.99
1789658400,76316.9
1789658460,76284.01
1789658520,76318.71
1789658580,76330.38
1789658640,76282.52
1789658700,76290.67
1789658760,76340.14
1789658820,76295.7
1789658880,76358.95
1789658940,76355.72
1789659000,76388.99
1789659060,76399.93
1789659120,76435.8
1789659180,76417.43
1789659240,76448.7
1789659300,76440.62
1789659360,76540.78
1789659420,76576.19
1789659480,76562.06
1789659540,76559.68
1789659600,76627.43
1789659660,76693.5
1789659720,76773.53
1789659780,76768.56
1789659840,76716.96
1789659900,76685.59
1789659960,76665.75
1789660020,76606.1
1789660080,76564.83
1789660140,76550
1789660200,76555.14
1789660260,76590.24
1789660320,76601.26
1789660380,76681.79
1789660440,76681.8
1789660500,76665.74
1789660560,76620.49
1789660620,76613.93
1789660680,76677.5
1789660740,76699.85
1789660800,76702.31
1789660860,76685.96
1789660920,76707.5
1789660980,76718.97
1789661040,76734.02
1789661100,76666.51
1789661160,76680.27
1789661220,76617.86
1789661280,76643.82
1789661340,76636.96
1789661400,76671.42
1789661460,76611.58
1789661520,76645.38
1789661580,76622.1
1789661640,76623.76
1789661700,76659.99
1789661760,76690.34
1789661820,76689.98
1789661880,76689.39
1789661940,76648.53
1789662000,76640.55
1789662060,76600
1789662120,76640.62
1789662180,76682.6
1789662240,76725.1
1789662300,76689.85
1789662360,76611.61
1789662420,76644.8
1789662480,76626.87
1789662540,76620.32
1789662600,76631.91
1789662660,76621.91
1789662720,76611.6
1789662780,76586.95
1789662840,76510.02
1789662900,76531.69
1789662960,76572.3
1789663020,76560.39
1789663080,76536.23
1789663140,76555.89
1789663200,76558.63
1789663260,76545.6
1789663320,76539.98
1789663380,76602.33
1789663440,76602.3
1789663500,76639.19
1789663560,76646.75
1789663620,76674.94
1789663680,76577.4
1789663740,76533.59
1789663800,76545.01
1789663860,76552.66
1789663920,76560.96
1789663980,76576.53
1789664040,76643.78
1789664100,76588.2
1789664160,76536.21
1789664220,76581.87
1789664280,76577.69
1789664340,76656.65
1789664400,76688.03
1789664460,76715.27
1789664520,76716.88
1789664580,76783.97
1789664640,76784.79
1789664700,76832.69
1789664760,76781.09
1789664820,76800.01
1789664880,76824.65
1789664940,76813.89
1789665000,76813.87
1789665060,76780.01
1789665120,76757.02
1789665180,76743.16
1789665240,76747.03
1789665300,76743.18
1789665360,76744.99
1789665420,76702.66
1789665480,76773.9
1789665540,76789.73
1789665600,76785.21
1789665660,76801.5
1789665720,76825.64
1789665780,76855.37
1789665840,76880.68
1789665900,76829.55
1789665960,76862.28
1789666020,76825.85
1789666080,76858.93
1789666140,76832.13
1789666200,76859.99
1789666260,76814.12
1789666320,76810.94
1789666380,76817.69
1789666440,76855.23
1789666500,76887.99
1789666560,76822.4
1789666620,76798.44
1789666680,76768.3
1789666740,76772.13
1789666800,76723.32
1789666860,76738.57
1789666920,76743.12
1789666980,76710.96
1789667040,76701.22
1789667100,76635.06
1789667160,76558.13
1789667220,76560.13
1789667280,76542.78
1789667340,76510.01
1789667400,76570.7
1789667460,76549.94
1789667520,76533.52
1789667580,76518
1789667640,76545.76
1789667700,76546.04
1789667760,76596.21
1789667820,76616.93
1789667880,76626.07
1789667940,76613.12
1789668000,76608.24
1789668060,76609.47
1789668120,76605.07
1789668180,76615.07
1789668240,76603.33
1789668300,76613.26
1789668360,76585.67
1789668420,76588.2
1789668480,76627.61
1789668540,76610
1789668600,76590.06
1789668660,76597.38
1789668720,76611.72
1789668780,76636.88
1789668840,76651.96
1789668900,76661.1
1789668960,76667.5
1789669020,76669.64
1789669080,76693.99
1789669140,76678.68
1789669200,76712.49
1789669260,76699.93
1789669320,76718.6
1789669380,76714.86
1789669440,76693.35
1789669500,76673.42
1789669560,76681.02
1789669620,76703.68
1789669680,76696.14
1789669740,76688.39
1789669800,76681.6
1789669860,76665.6
1789669920,76669.96
1789669980,76672.03
1789670040,76640.01
1789670100,76541.35
1789670160,76563.64
1789670220,76550.07
1789670280,76522.5
1789670340,76487.82
1789670400,76402.96
1789670460,76494.58
1789670520,76512.47
1789670580,76506.4
1789670640,76542.79
1789670700,76549.13
1789670760,76605.62
1789670820,76553.1
1789670880,76552.77
1789670940,76584.57
1789671000,76592.75
1789671060,76547.87
1789671120,76534.52
1789671180,76554.26
1789671240,76546.23
1789671300,76555.67
1789671360,76547.77
1789671420,76518.49
1789671480,76538.19
1789671540,76527.38
1789671600,76506.4
1789671660,76529.68
1789671720,76486.82
1789671780,76539.13
1789671840,76507.56
1789671900,76519.98
1789671960,76553.04
1789672020,76556.93
1789672080,76556.93
1789672140,76524.9
1789672200,76499.99
1789672260,76505.71
1789672320,76488.67
1789672380,76504.99
1789672440,76498.61
1789672500,76488.37
1789672560,76473.39
1789672620,76447.81
1789672680,76447.8
1789672740,76446.84
1789672800,76492.59
1789672860,76527.78
1789672920,76541.39
1789672980,76518.26
1789673040,76518.59
1789673100,76509.68
1789673160,76504.59
1789673220,76500
1789673280,76500.25
1789673340,76514.99
1789673400,76513.3
1789673460,76520.36
1789673520,76541.74
1789673580,76493.2
1789673640,76529.69
1789673700,76532.24
1789673760,76503.73
1789673820,76476.69
1789673880,76493.04
1789673940,76488.21
1789674000,76477.64
1789674060,76517.34
1789674120,76536.92
1789674180,76527
1789674240,76516.88
1789674300,76543.52
1789674360,76515.67
1789674420,76496.16
1789674480,76451.09
1789674540,76455.52
1789674600,76490.78
1789674660,76545.12
1789674720,76563.41
1789674780,76567.78
1789674840,76620.06
1789674900,76541.41
1789674960,76514.47
1789675020,76474.98
1789675080,76457.41
1789675140,76485.54
1789675200,76524.57
1789675260,76466.21
1789675320,76506.29
1789675380,76486.33
1789675440,76484.54
1789675500,76536.64
1789675560,76556.66
1789675620,76577.56
1789675680,76588.19
1789675740,76561.08
1789675800,76545.29
1789675860,76553.4
1789675920,76568.66
1789675980,76564.32
1789676040,76564.31
1789676100,76560.6
1789676160,76533.94
1789676220,76541.84
1789676280,76541.84
1789676340,76538.75
1789676400,76557.32
1789676460,76588.19
1789676520,76609.4
1789676580,76608.04
1789676640,76655.94
1789676700,76647.29
1789676760,76639.33
1789676820,76649.45
1789676880,76655.81
1789676940,76652.02
1789677000,76641.64
1789677060,76590.01
1789677120,76621.2
1789677180,76579.78
1789677240,76572.38
1789677300,76576.03
1789677360,76593.03
1789677420,76586.37
1789677480,76588.9
1789677540,76567.01
1789677600,76539.7
1789677660,76509.27
1789677720,76431.04
1789677780,76458.49
1789677840,76463.23
1789677900,76464.08
1789677960,76483.19
1789678020,76480.7
1789678080,76480.78
1789678140,76481.54
1789678200,76459.5
1789678260,76448.17
1789678320,76477.52
1789678380,76472.99
1789678440,76451.87
1789678500,76471.24
1789678560,76467.01
1789678620,76470.59
1789678680,76474.82
1789678740,76487.34
1789678800,76498.54
1789678860,76500.24
1789678920,76510.92
1789678980,76463.79
1789679040,76458.61
1789679100,76456.01
1789679160,76447.8
1789679220,76456.01
1789679280,76444.91
1789679340,76444.91
1789679400,76447
1789679460,76433.62
1789679520,76435.1
1789679580,76436.65
1789679640,76438.35
1789679700,76444.59
1789679760,76448.66
1789679820,76450.18
1789679880,76444.29
1789679940,76444.29
1789680000,76457.82
1789680060,76453.7
1789680120,76453.22
1789680180,76467.21
1789680240,76457.58
1789680300,76468.73
1789680360,76506.29
1789680420,76486.71
1789680480,76494.76
1789680540,76511.7
1789680600,76491.95
1789680660,76477.38
1789680720,76491.96
1789680780,76505.3
1789680840,76503.28
1789680900,76491.02
1789680960,76492.74
1789681020,76508.34
1789681080,76508.82
1789681140,76514.82
1789681200,76510.53
1789681260,76510.53
1789681320,76486.57
1789681380,76487.09
1789681440,76516.98
1789681500,76458.94
1789681560,76454.5
1789681620,76433.74
1789681680,76421.04
1789681740,76415.4
1789681800,76415.41
1789681860,76396.03
1789681920,76375.03
1789681980,76373.03
1789682040,76369.96
1789682100,76394.99
1789682160,76379.23
1789682220,76345.67
1789682280,76369.66
1789682340,76375.01
1789682400,76348.94
1789682460,76306.43
1789682520,76386.51
1789682580,76310.17
1789682640,76305.53
1789682700,76336.79
1789682760,76375.05
1789682820,76387.66
1789682880,76375.85
1789682940,76299.49
1789683000,76301.84
1789683060,76340.61
1789683120,76349.74
1789683180,76307.4
1789683240,76323.54
1789683300,76301.81
1789683360,76280.75
1789683420,76266.63
1789683480,76189.97
1789683540,76210.19
1789683600,76209.49
1789683660,76202.28
1789683720,76236.27
1789683780,76219.61
1789683840,76215.69
1789683900,76202.1
1789683960,76218.58
1789684020,76203.36
1789684080,76212.74
1789684140,76214.99
1789684200,76202.58
1789684260,76203.66
1789684320,76237.2
1789684380,76232.99
1789684440,76243.42
1789684500,76248.89
1789684560,76320
1789684620,76310.11
1789684680,76343.54
1789684740,76357.67
1789684800,76369.99
1789684860,76365
1789684920,76364.42
1789684980,76348.67
1789685040,76356.35
1789685100,76359.44
1789685160,76352.01
1789685220,76351.9
1789685280,76351.7
1789685340,76369.47
1789685400,76350.69
1789685460,76319.11
1789685520,76282.05
1789685580,76304.67
1789685640,76296.54
1789685700,76282.25
1789685760,76272.31
1789685820,76272.09
1789685880,76256.68
1789685940,76334.59
1789686000,76359.87
1789686060,76345.15
1789686120,76344.74
1789686180,76400.99
1789686240,76433.68
1789686300,76400.38
1789686360,76438.99
1789686420,76437.11
1789686480,76418.31
1789686540,76413.82
1789686600,76401
1789686660,76401.01
1789686720,76432.53
1789686780,76430.2
1789686840,76430.99
1789686900,76425.01
1789686960,76426.84
1789687020,76412.71
1789687080,76415.02
1789687140,76420.13
1789687200,76424.6
1789687260,76424.6
1789687320,76426.17
1789687380,76430.64
1789687440,76429.49
1789687500,76436.98
1789687560,76428.69
1789687620,76423.18
1789687680,76426.04
1789687740,76428.69
1789687800,76418.73
1789687860,76401
1789687920,76380.87
1789687980,76382
1789688040,76381.58
1789688100,76338.85
1789688160,76337.18
1789688220,76320.96
1789688280,76373.47
1789688340,76365.64
1789688400,76360.1
1789688460,76373.51
1789688520,76351.81
1789688580,76368.74
1789688640,76361.52
1789688700,76371.94
1789688760,76363.94
1789688820,76419.13
1789688880,76436.19
1789688940,76387.84
1789689000,76378.63
1789689060,76378.63
1789689120,76367.01
1789689180,76348.88
1789689240,76330.8
1789689300,76388.22
1789689360,76403.25
1789689420,76413.88
1789689480,76400
1789689540,76399
1789689600,76348.74
1789689660,76330.88
1789689720,76335.2
1789689780,76349.2
1789689840,76366.4
1789689900,76362.94
1789689960,76319.1
1789690020,76356.26
1789690080,76320.19
1789690140,76324.39
1789690200,76377.59
1789690260,76362.75
1789690320,76335.29
1789690380,76309.22
1789690440,76392.95
1789690500,76402.53
1789690560,76355.11
1789690620,76328.86
1789690680,76309.45
1789690740,76298.5
1789690800,76284.77
1789690860,76260.85
1789690920,76250.88
1789690980,76271.53
1789691040,76280.31
1789691100,76290.62
1789691160,76305.39
1789691220,76305.13
1789691280,76260
1789691340,76243.04
1789691400,76316.63
1789691460,76330.79
1789691520,76327.68
1789691580,76349.29
1789691640,76367.4
1789691700,76385.31
1789691760,76363.46
1789691820,76338.57
1789691880,76352.25
1789691940,76310.01
1789692000,76304.83
1789692060,76280.32
1789692120,76304.46
1789692180,76304.55
1789692240,76333.71
1789692300,76368.21
1789692360,76333.71
1789692420,76347.11
1789692480,76341.75
1789692540,76356.92
1789692600,76362.49
1789692660,76370.78
1789692720,76404.73
1789692780,76434.05
1789692840,76469.43
1789692900,76500
1789692960,76481.25
1789693020,76506.59
1789693080,76514.64
1789693140,76511.06
1789693200,76526.11
1789693260,76570.73
1789693320,76546.79
1789693380,76525.33
1789693440,76508.07
1789693500,76507.85
1789693560,76553.12
1789693620,76553.08
1789693680,76567.32
1789693740,76576.81
1789693800,76586.96
1789693860,76612.78
1789693920,76601.09
1789693980,76594.96
1789694040,76523.25
1789694100,76488.47
1789694160,76466.43
1789694220,76455.6
1789694280,76467.44
1789694340,76482.9
1789694400,76501.48
1789694460,76576.33
1789694520,76541.77
1789694580,76526.34
1789694640,76528.25
1789694700,76530.19
1789694760,76520.6
1789694820,76513.36
1789694880,76512.82
1789694940,76509.29
1789695000,76528.08
1789695060,76536.94
1789695120,76551.52
1789695180,76529.48
1789695240,76525.25
1789695300,76522.64
1789695360,76518.35
1789695420,76521.88
1789695480,76571.86
1789695540,76570.19
1789695600,76559.65
1789695660,76573.85
1789695720,76614.29
1789695780,76641.52
1789695840,76654.11
1789695900,76623.3
1789695960,76641.97
1789696020,76636.52
1789696080,76627.75
1789696140,76658.39
1789696200,76684.04
1789696260,76669.61
1789696320,76652.77
1789696380,76635.2
1789696440,76673.35
1789696500,76658.39
1789696560,76656.85
1789696620,76653.6
1789696680,76673.87
1789696740,76696.73
1789696800,76662.85
1789696860,76693.99
1789696920,76719.33
1789696980,76724.49
1789697040,76639.11
1789697100,76636.41
1789697160,76623.31
1789697220,76623.37
1789697280,76622.14
1789697340,76607.26
1789697400,76598.67
1789697460,76585.42
1789697520,76658.66
1789697580,76699.99
1789697640,76696.77
1789697700,76689.54
1789697760,76682.22
1789697820,76719.99
1789697880,76726.98
1789697940,76707.32
1789698000,76670.32
1789698060,76675.55
1789698120,76716.89
1789698180,76709.14
1789698240,76739.77
1789698300,76773.15
1789698360,76774.7
1789698420,76778.4
1789698480,76848.08
1789698540,76826.29
1789698600,76849.77
1789698660,76899.99
1789698720,76920.43
1789698780,76897.83
1789698840,76933.24
1789698900,76950.83
1789698960,76941.07
1789699020,76958
1789699080,76957.84
1789699140,76964.99
1789699200,76919.04
1789699260,76886.4
1789699320,76914.47
1789699380,76900.02
1789699440,76909.04
1789699500,76868.09
1789699560,76855.89
1789699620,76856.43
1789699680,76850.59
1789699740,76861.83
1789699800,76872.83
1789699860,76923.44
1789699920,76916.94
1789699980,76930.67
1789700040,76934.97
1789700100,76961.07
1789700160,76943.34
1789700220,76944.28
1789700280,76949.99
1789700340,76923.95
1789700400,76909.34
1789700460,76911.81
1789700520,76918.15
1789700580,76911.13
1789700640,76913.64
1789700700,76943.36
1789700760,76957.35
1789700820,76974.28
1789700880,76997.61
1789700940,76992.87
1789701000,76975.42
1789701060,77015.47
1789701120,77103.02
1789701180,77173.76
1789701240,77229.02
1789701300,77253.42
1789701360,77262.19
1789701420,77383.75
1789701480,77517.86
1789701540,77454.7
1789701600,77364.1
1789701660,77216.14
1789701720,77333.01
1789701780,77321.21
1789701840,77342.99
1789701900,77266.8
1789701960,77252.34
1789702020,77310.09
1789702080,77366.1
1789702140,77420.43
1789702200,77356.87
1789702260,77383.81
1789702320,77412.27
1789702380,77361.68
1789702440,77339.93
1789702500,77342.28
1789702560,77350.46
1789702620,77308.55
1789702680,77306.38
1789702740,77298.05
1789702800,77255.86
1789702860,77258.86
1789702920,77309.99
1789702980,77255.1
1789703040,77264.64
1789703100,77264.36
1789703160,77332.15
1789703220,77301.14
1789703280,77340.37
1789703340,77361.79
1789703400,77340.18
1789703460,77351.68
1789703520,77369.3
1789703580,77372.26
1789703640,77359.05
1789703700,77335.81
1789703760,77314.22
1789703820,77311.59
1789703880,77326.61
1789703940,77309.95
1789704000,77312.13
1789704060,77309.15
1789704120,77310.01
1789704180,77330.16
1789704240,77282.11
1789704300,77265.95
1789704360,77217.58
1789704420,77236.04
1789704480,77193.87
1789704540,77183.96
1789704600,77165.52
1789704660,77166.34
1789704720,77194.78
1789704780,77223.32
1789704840,77266.8
1789704900,77212.39
1789704960,77184.9
1789705020,77222.28
1789705080,77257.38
1789705140,77269.23
1789705200,77272.47
1789705260,77295.7
1789705320,77266.8
1789705380,77224.67
1789705440,77237.54
1789705500,77201.73
1789705560,77238.73
1789705620,77196.6
1789705680,77215.2
1789705740,77191.89
1789705800,77201.68
1789705860,77236.88
1789705920,77212.51
1789705980,77176.02
1789706040,77154.07
1789706100,77172.4
1789706160,77266.79
1789706220,77253.55
1789706280,77242.75
1789706340,77242.75
1789706400,77241.21
1789706460,77194.68
1789706520,77222.99
1789706580,77227.86
1789706640,77305.11
1789706700,77372.09
1789706760,77367.23
1789706820,77351.54
1789706880,77327
1789706940,77287.53
1789707000,77273.64
1789707060,77285.94
1789707120,77326.99
1789707180,77355.32
1789707240,77369.99
1789707300,77371.52
1789707360,77389.09
1789707420,77449.22
1789707480,77422.82
1789707540,77474.41
1789707600,77505
1789707660,77575.3
1789707720,77481.29
1789707780,77452.26
1789707840,77446.29
1789707900,77396.64
1789707960,77377.05
1789708020,77381.2
1789708080,77430.08
1789708140,77504.99
1789708200,77417.1
1789708260,77464.43
1789708320,77547.64
1789708380,77530
1789708440,77489.1
1789708500,77457.16
1789708560,77419.57
1789708620,77463.47
1789708680,77461.83
1789708740,77427.97
1789708800,77463.24
1789708860,77421.03
1789708920,77414.87
1789708980,77415.97
1789709040,77465.69
1789709100,77440.32
1789709160,77407.2
1789709220,77370.96
1789709280,77407.19
1789709340,77491.51
1789709400,77534.99
1789709460,77592.72
1789709520,77565.14
1789709580,77609.61
1789709640,77606.1
1789709700,77600.11
1789709760,77524.2
1789709820,77519.98
1789709880,77582.62
1789709940,77620.39
1789710000,77571.64
1789710060,77547.6
1789710120,77559.44
1789710180,77560.05
1789710240,77551.71
1789710300,77514.06
1789710360,77491.05
1789710420,77450.01
1789710480,77461.02
1789710540,77464.91
1789710600,77445.36
1789710660,77457.31
1789710720,77397.8
1789710780,77406.55
1789710840,77409.68
1789710900,77400.9
1789710960,77390.15
1789711020,77396.28
1789711080,77409.69
1789711140,77422.44
1789711200,77426.77
1789711260,77469.51
1789711320,77461.5
1789711380,77495.03
1789711440,77515.52
1789711500,77497.8
1789711560,77521.43
1789711620,77487.32
1789711680,77474.31
1789711740,77443.3
1789711800,77444.38
1789711860,77422.64
1789711920,77477.6
1789711980,77470.64
1789712040,77442.3
1789712100,77427.89
1789712160,77469.47
1789712220,77509.1
1789712280,77449.28
1789712340,77433.09
1789712400,77461.15
1789712460,77443.67
1789712520,77442.18
1789712580,77569.01
1789712640,77559.69
1789712700,77557.75
1789712760,77584.33
1789712820,77582.71
1789712880,77582.04
1789712940,77472.53
1789713000,77467.49
1789713060,77471.6
1789713120,77464.26
1789713180,77462.93
1789713240,77461.25
1789713300,77428.87
1789713360,77422.97
1789713420,77453.74
1789713480,77452.44
1789713540,77464.37
1789713600,77498.14
1789713660,77490.76
1789713720,77477.4
1789713780,77451.54
1789713840,77446.65
1789713900,77456.08
1789713960,77449.47
1789714020,77452.05
1789714080,77430.6
1789714140,77407.2
1789714200,77435.95
1789714260,77396.7
1789714320,77398.63
1789714380,77401.87
1789714440,77391.29
1789714500,77379.83
1789714560,77370.05
1789714620,77340.81
1789714680,77413.85
1789714740,77514.48
1789714800,77527.38
1789714860,77568.22
1789714920,77555.22
1789714980,77567.21
1789715040,77601.5
1789715100,77602.68
1789715160,77627.31
1789715220,77691.15
1789715280,77623.04
1789715340,77541.81
1789715400,77559.29
1789715460,77558.87
1789715520,77594.39
1789715580,77606.09
1789715640,77541.78
1789715700,77551.47
1789715760,77554.21
1789715820,77600.62
1789715880,77549.24
1789715940,77662.54
1789716000,77666.63
1789716060,77698.77
1789716120,77712.22
1789716180,77668.54
1789716240,77720.02
1789716300,77678.28
1789716360,77734.43
1789716420,77753.59
1789716480,77731.09
1789716540,77715.66
1789716600,77725.58
1789716660,77743.78
1789716720,77729.94
1789716780,77758.79
1789716840,77714.11
1789716900,77746.49
1789716960,77713.71
1789717020,77715
1789717080,77715.81
1789717140,77719.6
1789717200,77699.7
1789717260,77685
1789717320,77723.09
1789717380,77711.46
1789717440,77711.8
1789717500,77748.48
1789717560,77710.82
1789717620,77732.57
1789717680,77723.61
1789717740,77670.11
1789717800,77683.24
1789717860,77692.09
1789717920,77725.35
1789717980,77719.03
1789718040,77701.15
1789718100,77702.3
1789718160,77703.67
1789718220,77704.06
1789718280,77676.3
1789718340,77703.94
1789718400,77734.78
1789718460,77754.94
1789718520,77823.73
1789718580,77880.1
1789718640,77850.89
1789718700,77830.31
1789718760,77758.2
1789718820,77735.96
1789718880,77723.1
1789718940,77643.96
1789719000,77614.9
1789719060,77668.79
1789719120,77635.36
1789719180,77670
1789719240,77735.82
1789719300,77696.23
1789719360,77702.55
1789719420,77783.01
1789719480,77802.93
1789719540,77794.31
1789719600,77795.84
1789719660,77912.73
1789719720,77910.29
1789719780,77931.07
1789719840,77960.58
1789719900,77992.47
1789719960,77937.79
1789720020,77960.96
1789720080,77915.31
1789720140,77898.6
1789720200,77880.01
1789720260,77898.6
1789720320,77874.86
1789720380,77863.5
1789720440,77932.57
1789720500,77952.07
1789720560,77898.6
1789720620,77916.18
1789720680,77892.89
1789720740,77851.51
1789720800,77858.38
1789720860,77847.69
1789720920,77847.69
1789720980,77884.43
1789721040,77906.5
1789721100,77896.22
1789721160,77924.73
1789721220,77893.27
1789721280,77940
1789721340,77945.39
1789721400,77915.87
1789721460,77915.87
1789721520,77908.17
1789721580,77940.36
1789721640,77969.87
1789721700,77998.3
1789721760,78047.25
1789721820,78072.53
1789721880,78081.55
1789721940,78119.19
1789722000,78191.55
1789722060,78216.55
1789722120,78229.2
1789722180,78284.7
1789722240,78238.67
1789722300,78233.98
1789722360,78254.7
1789722420,78243.2
1789722480,78286.67
1789722540,78399.72
1789722600,78359.11
1789722660,78347.26
1789722720,78270.38
1789722780,78280.07
1789722840,78292.55
1789722900,78303.24
1789722960,78316.73
1789723020,78270.76
1789723080,78249.6
1789723140,78278.52
1789723200,78262.65
1789723260,78262.92
1789723320,78286.25
1789723380,78319.79
1789723440,78256
1789723500,78237.9
1789723560,78189.02
1789723620,78175.93
1789723680,78131.21
1789723740,78122.8
1789723800,78095.16
1789723860,78090.25
1789723920,78054.52
1789723980,78031.74
1789724040,78065.23
1789724100,78034.19
1789724160,78014.35
1789724220,77978.54
1789724280,77987.99
1789724340,77968.8
1789724400,77949.97
1789724460,77949.93
1789724520,77950.09
1789724580,77966.58
1789724640,77975.08
1789724700,77983.05
1789724760,78018.94
1789724820,78081.92
1789724880,78112.67
1789724940,78040.47
1789725000,78030.88
1789725060,78085.79
1789725120,78067.65
1789725180,78091.75
1789725240,78070.89
1789725300,78072.11
1789725360,78107.23
1789725420,78120.22
1789725480,78134.2
1789725540,78140.59
1789725600,78148.14
1789725660,78145.15
1789725720,78128.73
1789725780,78129.67
1789725840,78124.13
1789725900,78108.29
1789725960,78081.32
1789726020,78142.65
1789726080,78085.98
1789726140,78099.79
1789726200,78084.36
1789726260,78124.14
1789726320,78066.08
1789726380,78055.29
1789726440,78067.79
1789726500,78129.45
1789726560,78142.19
1789726620,78097.5
1789726680,78113.83
1789726740,78129.67
1789726800,78144.29
1789726860,78147.86
1789726920,78132.6
1789726980,78129.6
1789727040,78124.99
1789727100,78117.44
1789727160,78104.59
1789727220,78118.48
1789727280,78180.82
1789727340,78197.52
1789727400,78210.99
1789727460,78201.06
1789727520,78210.99
1789727580,78207.82
1789727640,78231.6
1789727700,78206.94
1789727760,78192.91
1789727820,78177.46
1789727880,78189.8
1789727940,78182.83
1789728000,78188.5
1789728060,78167.7
1789728120,78141.75
1789728180,78123.1
1789728240,78135.37
1789728300,78167.66
1789728360,78184.01
1789728420,78171.71
1789728480,78209.71
1789728540,78211.75
1789728600,78288.36
1789728660,78237.9
1789728720,78222.64
1789728780,78249.6
1789728840,78254.09
1789728900,78242.59
1789728960,78227.88
1789729020,78222.74
1789729080,78215
1789729140,78194.59
1789729200,78221.46
1789729260,78207.71
1789729320,78234.53
1789729380,78237.72
1789729440,78259.99
1789729500,78313.49
1789729560,78085.8
1789729620,78015.6
1789729680,78035.02
1789729740,78094.4
1789729800,78126.75
1789729860,78068.71
1789729920,78034.99
1789729980,78003.18
1789730040,77987.89
1789730100,78049.11
1789730160,78062.41
1789730220,78076.91
1789730280,78050.69
1789730340,78048.25
1789730400,78062.27
1789730460,78025.5
1789730520,78065.89
1789730580,78062.39
1789730640,78002.83
1789730700,78007.09
1789730760,77991.09
1789730820,78038.99
1789730880,77984.1
1789730940,78019.26
1789731000,77985.3
1789731060,77982.95
1789731120,78045.1
1789731180,78085.79
1789731240,78048.47
1789731300,78042.45
1789731360,78048.36
1789731420,78066.21
1789731480,78103.74
1789731540,78057.17
1789731600,78061.74
1789731660,78031.33
1789731720,78004.34
1789731780,77972.61
1789731840,77956.36
1789731900,77962.82
1789731960,78007.04
1789732020,77999.82
1789732080,77980.5
1789732140,77975.94
1789732200,77975.93
1789732260,77962.82
1789732320,77979.6
1789732380,77996.81
1789732440,78024.19
1789732500,78034.99
1789732560,77988.02
1789732620,77991.49
1789732680,77973.64
1789732740,77984.07
1789732800,77995.19
1789732860,77950
1789732920,77947.49
1789732980,77960
1789733040,77971.65
1789733100,78045.68
1789733160,77981.64
1789733220,77961.28
1789733280,77961.65
1789733340,77968.02
1789733400,77943.67
1789733460,77955.08
1789733520,77931.64
1789733580,77961
1789733640,78029.12
1789733700,78025.3
1789733760,78035.13
1789733820,78010.34
1789733880,78002.09
1789733940,77961.38
1789734000,77936.24
1789734060,77948.48
1789734120,77968.79
1789734180,78009.06
1789734240,77938.06
1789734300,77941.95
1789734360,77948.42
1789734420,77942.26
1789734480,77957.99
1789734540,77984.04
1789734600,77951.78
1789734660,77933.7
1789734720,77941.52
1789734780,77967.77
1789734840,78015.58
1789734900,78024.39
1789734960,78049.73
1789735020,78046.94
1789735080,78028.22
1789735140,78057.19
1789735200,78102.48
1789735260,78085.01
1789735320,78049.57
1789735380,78071.44
1789735440,78097.56
1789735500,78046.08
1789735560,78070.98
1789735620,78050.71
1789735680,78052.92
1789735740,78027.35
1789735800,78022.38
1789735860,78000
1789735920,78015.6
1789735980,78029.17
1789736040,77961.83
1789736100,77984.17
1789736160,77978.6
1789736220,77995.76
1789736280,77978.6
1789736340,77963.94
1789736400,77977.65
1789736460,77990
1789736520,77976.68
1789736580,77918.7
1789736640,77943.35
1789736700,77983.44
1789736760,78013.29
1789736820,77970.84
1789736880,77975.55
1789736940,77985.81
1789737000,77972.18
1789737060,77979.05
1789737120,77950.26
1789737180,77941.39
1789737240,77945.44
1789737300,77968.48
1789737360,77969.99
1789737420,77992.32
1789737480,77995.14
1789737540,78025.98
1789737600,78038.5
1789737660,78067.23
1789737720,78080.11
1789737780,78080.03
1789737840,78029.47
1789737900,78015.76
1789737960,78010.88
1789738020,78015.61
1789738080,78099.88
1789738140,78116.22
1789738200,78111.87
1789738260,78155.99
1789738320,78197.92
1789738380,78202.88
1789738440,78270.66
1789738500,78327.59
1789738560,78288.87
1789738620,78388.24
1789738680,78417.15
1789738740,78556.13
1789738800,78901.81
1789738860,78926.1
1789738920,78811.41
1789738980,79056.77
1789739040,79122.13
1789739100,79249.99
1789739160,79348.77
1789739220,79688.7
1789739280,79890.13
1789739340,79794.77
1789739400,79954.84
1789739460,80041.13
1789739520,80390.69
1789739580,80330.86
1789739640,80343.87
1789739700,80022.64
1789739760,79934.4
1789739820,80022.18
1789739880,79889.88
1789739940,79970
1789740000,80022.05
1789740060,80252.92
1789740120,80121
1789740180,80088.77
1789740240,80210.35
1789740300,80325.68
1789740360,80460.97
1789740420,80392.44
1789740480,80303.81
1789740540,80123.87
1789740600,80180.11
1789740660,80129.86
1789740720,80230.8
1789740780,80196.11
1789740840,80273.17
1789740900,80260
1789740960,80420.01
1789741020,80480.93
1789741080,80396.78
1789741140,80512.22
1789741200,80610.16
1789741260,80678.79
1789741320,80733.02
1789741380,80782.83
1789741440,80865.24
1789741500,80907.26
1789741560,80707.4
1789741620,80611.39
1789741680,80691.56
1789741740,80722
1789741800,80669.03
1789741860,80555.47
1789741920,80489.56
1789741980,80575
1789742040,80652.96
1789742100,80619.04
1789742160,80699.99
1789742220,80777.32
1789742280,80637.46
1789742340,80543.04
1789742400,80598
1789742460,80683.55
1789742520,80718.3
1789742580,80659.8
1789742640,80686.25
1789742700,80754.14
1789742760,80710.58
1789742820,80756.16
1789742880,80769.29
1789742940,80871.36
1789743000,80831.4
1789743060,80831.04
1789743120,80906.45
1789743180,80908.33
1789743240,80867.94
1789743300,80879.71
1789743360,80857.64
1789743420,80852.85
1789743480,80846.99
1789743540,80871.01
1789743600,80908.96
1789743660,80924.96
1789743720,80911.65
1789743780,80809.27
1789743840,80666.46
1789743900,80684.55
1789743960,80826.97
1789744020,80765.1
1789744080,80785.1
1789744140,80747.47
1789744200,80563.01
1789744260,80576.92
1789744320,80594.08
1789744380,80531.1
1789744440,80620.02
1789744500,80728.18
1789744560,80886.7
1789744620,80947.03
1789744680,80835.3
1789744740,80846.74
1789744800,80857.95
1789744860,80872.71
1789744920,80836.32
1789744980,80935.62
1789745040,80981.73
1789745100,81064.95
1789745160,81003.4
1789745220,80935.32
1789745280,80947.79
1789745340,80889.08
1789745400,80940.6
1789745460,80820.93
1789745520,80836.91
1789745580,80718.31
1789745640,80746.29
1789745700,80800.57
1789745760,80769.55
1789745820,80735.96
1789745880,80797.97
1789745940,80726.23
1789746000,80736.92
1789746060,80745.07
1789746120,80719.05
1789746180,80718.29
1789746240,80666.18
1789746300,80624.82
1789746360,80539.54
1789746420,80649.99
1789746480,80655.92
1789746540,80698.26
1789746600,80655.2
1789746660,80729.98
1789746720,80799.99
1789746780,80739.12
1789746840,80709.74
1789746900,80681.17
1789746960,80613.39
1789747020,80626.79
1789747080,80723.7
1789747140,80673.81
1789747200,80700.62
1789747260,80667.67
1789747320,80706.8
1789747380,80774.99
1789747440,80668.54
1789747500,80805.85
1789747560,80846.46
1789747620,80852
1789747680,80788.5
1789747740,80711.86
1789747800,80797.14
1789747860,80754.99
1789747920,80870.44
1789747980,80882.93
1789748040,80870.96
1789748100,80954.08
1789748160,80920.07
1789748220,80963.29
1789748280,80974.69
1789748340,81001.71
1789748400,80946.82
1789748460,81010.19
1789748520,81040.64
1789748580,81002.76
1789748640,80886.44
1789748700,80985.13
1789748760,80945.71
1789748820,80878.71
1789748880,80919.37
1789748940,80988.78
1789749000,81034.19
1789749060,81026.73
1789749120,81081.84
1789749180,81151.84
1789749240,81223.12
1789749300,81174.6
1789749360,81122.14
1789749420,81080.8
1789749480,81005.74
1789749540,80967.4
1789749600,80983.89
1789749660,80923.13
1789749720,80875.12
1789749780,80966.45
1789749840,80938.55
1789749900,80976.39
1789749960,80898.22
1789750020,80835.47
1789750080,80887.58
1789750140,80808
1789750200,80827.98
1789750260,80782.05
1789750320,80849.13
1789750380,80860.01
1789750440,80904.93
1789750500,80925.22
1789750560,80895.98
1789750620,80913.03
1789750680,80913.54
1789750740,80813.91
1789750800,80824.06
1789750860,80829.13
1789750920,80843.65
1789750980,80760.53
1789751040,80793.4
1789751100,80854.91
1789751160,80840.15
1789751220,80815.38
1789751280,80832.77
1789751340,80777.38
1789751400,80771.3
1789751460,80759.37
1789751520,80795.31
1789751580,80776.79
1789751640,80843
1789751700,80880.77
1789751760,80914.1
1789751820,80888.98
1789751880,80894.19
1789751940,80833.91
1789752000,80800.06
1789752060,80758.42
1789752120,80777.47
1789752180,80703.29
1789752240,80635.01
1789752300,80745.61
1789752360,80766.2
1789752420,80703.8
1789752480,80772.03
1789752540,80738.94
1789752600,80730.06
1789752660,80671.48
1789752720,80577.84
1789752780,80579.64
1789752840,80563.08
1789752900,80576.54
1789752960,80596.12
1789753020,80603.06
1789753080,80619.45
1789753140,80660.59
1789753200,80658.03
1789753260,80661.69
1789753320,80718.3
1789753380,80711.93
1789753440,80713.56
1789753500,80747.33
1789753560,80755.34
1789753620,80786.87
1789753680,80810.71
1789753740,80833.47
1789753800,80825.09
1789753860,80878.26
1789753920,80878.73
1789753980,80894.73
1789754040,80849.99
1789754100,80841.06
1789754160,80897.26
1789754220,80892.49
1789754280,80929.56
1789754340,80982.86
1789754400,80994.64
1789754460,80897.39
1789754520,80942.77
1789754580,80917.83
1789754640,80867.51
1789754700,80888.99
1789754760,80916.62
1789754820,80890.02
1789754880,80924.54
1789754940,80881.83
1789755000,80909.97
1789755060,80908.77
1789755120,80915.45
1789755180,80815.63
1789755240,80829.5
1789755300,80850
1789755360,80823.26
1789755420,80813.54
1789755480,80828.21
1789755540,80865.17
1789755600,80895.81
1789755660,80894.43
1789755720,80859.72
1789755780,80909.47
1789755840,80885.5
1789755900,80807.51
1789755960,80908.73
1789756020,80903.21
1789756080,80950
1789756140,80942.23
1789756200,80979.4
1789756260,80949.48
1789756320,80901.97
1789756380,81013.36
1789756440,80907.24
1789756500,81026.04
1789756560,80962.67
1789756620,81033.31
1789756680,81076.26
1789756740,81078.09
1789756800,81101.01
1789756860,81044.03
1789756920,80971.16
1789756980,80940.36
1789757040,80963.01
1789757100,80924.46
1789757160,80948.72
1789757220,80960.42
1789757280,80988.32
1789757340,81007.74
1789757400,81021.44
1789757460,80972.71
1789757520,80999.29
1789757580,80985.64
1789757640,81042.15
1789757700,80983.99
1789757760,80935.6
1789757820,80895.01
1789757880,80864.4
1789757940,80942.52
1789758000,80926.37
1789758060,80901.46
1789758120,80923.49
1789758180,80937.72
1789758240,80972.59
1789758300,80955.93
1789758360,80994.07
1789758420,81055.18
1789758480,81034.4
1789758540,81033.15
1789758600,81073.29
1789758660,81063.92
1789758720,81143.63
1789758780,81178.69
1789758840,81137.31
1789758900,81179.35
1789758960,81246.45
1789759020,81161.89
1789759080,81197.8
1789759140,81204.79
1789759200,81201.97
1789759260,81179.63
1789759320,81145.55
1789759380,81127.14
1789759440,81124.27
1789759500,81122.59
1789759560,81178.4
1789759620,81191.28
1789759680,81203.89
1789759740,81292.24
1789759800,81246.51
1789759860,81170.6
1789759920,81164.09
1789759980,81158.01
1789760040,81144.2
1789760100,81109.03
1789760160,81103.45
1789760220,81115.81
1789760280,81044.66
1789760340,81092.7
1789760400,81066.18
1789760460,81164.03
1789760520,81240.3
1789760580,81177.48
1789760640,81189.61
1789760700,81248.99
1789760760,81165.06
1789760820,81222.53
1789760880,81261.84
1789760940,81347.38
1789761000,81296.47
1789761060,81311.35
1789761120,81214.8
1789761180,81299.56
1789761240,81282.39
1789761300,81120.17
1789761360,81175.83
1789761420,81230.82
1789761480,81235.9
1789761540,81198.87
1789761600,81193.47
1789761660,81055.26
1789761720,81068.86
1789761780,81096.7
1789761840,81082.71
1789761900,81175.49
1789761960,81200.01
1789762020,81111.76
1789762080,81023.94
1789762140,81013.51
1789762200,80972.04
1789762260,81007.59
1789762320,81018.82
1789762380,81015
1789762440,81079.81
1789762500,81054.99
1789762560,81106.06
1789762620,81088.13
1789762680,81135.9
1789762740,81173.1
1789762800,81189.51
1789762860,81200
1789762920,81149.86
1789762980,81128.19
1789763040,81067.17
1789763100,81062.31
1789763160,81043.19
1789763220,81021.15
1789763280,80960.29
1789763340,80991.47
1789763400,81004.27
1789763460,80995.15
1789763520,81042.5
1789763580,80988
1789763640,81004.99
1789763700,81009.71
1789763760,81011.02
1789763820,81020
1789763880,80965.27
1789763940,80952
1789764000,80990.61
1789764060,80964.3
1789764120,80982.79
1789764180,81072.41
1789764240,81153.12
1789764300,81151.89
1789764360,81153.47
1789764420,81135.33
1789764480,81159.28
1789764540,81169.42
1789764600,81072.63
1789764660,81115.44
1789764720,81149.99
1789764780,81123.18
1789764840,81094.83
1789764900,81076.34
1789764960,81079.15
1789765020,81060.66
1789765080,81094.07
1789765140,81088.29
1789765200,81099.99
1789765260,81157.42
1789765320,81081
1789765380,81149.25
1789765440,81164.69
1789765500,81180.47
1789765560,81161.28
1789765620,81176.03
1789765680,81228.35
1789765740,81189.93
1789765800,81150
1789765860,81204.14
1789765920,81206.44
1789765980,81237.03
1789766040,81242.21
1789766100,81263.81
1789766160,81193.29
1789766220,81211.04
1789766280,81197.95
1789766340,81113.61
1789766400,81115.12
1789766460,81153.58
1789766520,81133.82
1789766580,81175.82
1789766640,81184.39
1789766700,81185.93
1789766760,81217.02
1789766820,81199.92
1789766880,81175.5
1789766940,81169.18
1789767000,81179.49
1789767060,81189.27
1789767120,81140.82
1789767180,81152.27
1789767240,81143.61
1789767300,81138.57
1789767360,81153.6
1789767420,81163.86
1789767480,81172.7
1789767540,81211.28
1789767600,81236.57
1789767660,81221.37
1789767720,81262.16
1789767780,81258.46
1789767840,81223.4
1789767900,81205.38
1789767960,81196.5
1789768020,81166.37
1789768080,81182.61
1789768140,81168.49
1789768200,81211.71
1789768260,81244.12
1789768320,81212
1789768380,81191.38
1789768440,81201.55
1789768500,81210.27
1789768560,81217.48
1789768620,81200.02
1789768680,81236.92
1789768740,81230.9
1789768800,81223.78
1789768860,81224.91
1789768920,81198.54
1789768980,81234.99
1789769040,81241.54
1789769100,81231.7
1789769160,81245.19
1789769220,81248.37
1789769280,81296.74
1789769340,81331.22
1789769400,81332.25
1789769460,81339.45
1789769520,81295.11
1789769580,81244.67
1789769640,81249.99
1789769700,81236.45
1789769760,81267.52
1789769820,81290.98
1789769880,81280.22
1789769940,81308.06
1789770000,81317.74
1789770060,81296.27
1789770120,81311.99
1789770180,81300.33
1789770240,81252.86
1789770300,81247.62
1789770360,81243.42
1789770420,81234.19
1789770480,81234.5
1789770540,81237.61
1789770600,81251.5
1789770660,81244
1789770720,81225
1789770780,81185.26
1789770840,81199.13
1789770900,81151.64
1789770960,81160.36
1789771020,81139.23
1789771080,81088.84
1789771140,81132.85
1789771200,81174.99
1789771260,81169.11
1789771320,81158.79
1789771380,81156.81
1789771440,81127.8
1789771500,81107.04
1789771560,81103.07
1789771620,81111.67
1789771680,81105.05
1789771740,81082.62
1789771800,81112.27
1789771860,81110.02
1789771920,81084.14
1789771980,81095.44
1789772040,81096.98
1789772100,81113.67
1789772160,81125.32
1789772220,81102.21
1789772280,81098.23
1789772340,81143.99
1789772400,81133.49
1789772460,81192.23
1789772520,81192.88
1789772580,81189.82
1789772640,81154.5
1789772700,81144.01
1789772760,81086.3
1789772820,81083.56
1789772880,81086.6
1789772940,81141.31
1789773000,81122.43
1789773060,81097.64
1789773120,81108.85
1789773180,81100
1789773240,81154.36
1789773300,81162.47
1789773360,81180.2
1789773420,81138.63
1789773480,81130.75
1789773540,81126.31
1789773600,81118.2
1789773660,81114.28
1789773720,81093.98
1789773780,81081.1
1789773840,81069
1789773900,81042.17
1789773960,81012.21
1789774020,81002.58
1789774080,81011.2
1789774140,80991.44
1789774200,80977.5
1789774260,80958.95
1789774320,80962.58
1789774380,80942.04
1789774440,80949.9
1789774500,81008.52
1789774560,80953.49
1789774620,80933.01
1789774680,80890.6
1789774740,80893.27
1789774800,80884.56
1789774860,80860.07
1789774920,80881.49
1789774980,80891.62
1789775040,80897.27
1789775100,80884.32
1789775160,80892.77
1789775220,80872.87
1789775280,80890.63
1789775340,80883.41
1789775400,80899.97
1789775460,80891.97
1789775520,80945.33
1789775580,80877.52
1789775640,80899.75
1789775700,80893.48
1789775760,80896.91
1789775820,80903.6
1789775880,80964.28
1789775940,80901.02
1789776000,80875.04
1789776060,80913.7
1789776120,80860.51
1789776180,80852.97
1789776240,80844
1789776300,80849.99
1789776360,80872.52
1789776420,80896.99
1789776480,80880.01
1789776540,80855.26
1789776600,80850.04
1789776660,80905.87
1789776720,80901.57
1789776780,80917.36
1789776840,80937.49
1789776900,80960.93
1789776960,80964.1
1789777020,80988
1789777080,81042.15
1789777140,81049.59
1789777200,81061.56
1789777260,81011.9
1789777320,81061.84
1789777380,81055.84
1789777440,81069.92
1789777500,81038.5
1789777560,81057.02
1789777620,81080.34
1789777680,81065.21
1789777740,81070.38
1789777800,81085.12
1789777860,81114.2
1789777920,81238.13
1789777980,81258.15
1789778040,81225.3
1789778100,81248.99
1789778160,81256.53
1789778220,81221.46
1789778280,81243.16
1789778340,81256.75
1789778400,81264.35
1789778460,81250.02
1789778520,81247.88
1789778580,81245.28
1789778640,81291.53
1789778700,81302.76
1789778760,81315.59
1789778820,81280.5
1789778880,81250.23
1789778940,81270.69
1789779000,81273.55
1789779060,81319.99
1789779120,81291.01
1789779180,81293.85
1789779240,81463.19
1789779300,81401.76
1789779360,81516.01
1789779420,81441.97
1789779480,81509.66
1789779540,81569.03
1789779600,81657.62
1789779660,81707.67
1789779720,81633.58
1789779780,81617.64
1789779840,81566.65
1789779900,81471
1789779960,81440.17
1789780020,81438.34
1789780080,81459
1789780140,81409.99
1789780200,81389.42
1789780260,81343.97
1789780320,81355.76
1789780380,81366.82
1789780440,81270.69
1789780500,81260.5
1789780560,81292.11
1789780620,81251.6
1789780680,81239.22
1789780740,81193
1789780800,81152.88
1789780860,81131.14
1789780920,81172.99
1789780980,81205.2
1789781040,81248.32
1789781100,81290.3
1789781160,81292.38
1789781220,81232.09
1789781280,81297.99
1789781340,81238.5
1789781400,81231.79
1789781460,81210.49
1789781520,81169.52
1789781580,81158.65
1789781640,81135
1789781700,81079.36
1789781760,81076.59
1789781820,81055.3
1789781880,81106.38
1789781940,81084.01
1789782000,81120.8
1789782060,81096.23
1789782120,81099.59
1789782180,81157.44
1789782240,81153.55
1789782300,81149.22
1789782360,81213.83
1789782420,81240.28
1789782480,81265.28
1789782540,81265.06
1789782600,81309.65
1789782660,81374.18
1789782720,81326.03
1789782780,81304.22
1789782840,81344.86
1789782900,81308.47
1789782960,81269.57
1789783020,81297.44
1789783080,81291.24
1789783140,81257.84
1789783200,81262.5
1789783260,81246.85
1789783320,81254.26
1789783380,81240.84
1789783440,81244.19
1789783500,81246.33
1789783560,81263.05
1789783620,81251.29
1789783680,81249.21
1789783740,81311
1789783800,81338.17
1789783860,81375.06
1789783920,81366.2
1789783980,81343.89
1789784040,81379.53
1789784100,81353.99
1789784160,81336.6
1789784220,81302.51
1789784280,81302.5
1789784340,81311.06
1789784400,81335.64
1789784460,81317.63
1789784520,81325.13
1789784580,81317.58
1789784640,81405
1789784700,81404.59
1789784760,81374.81
1789784820,81382.48
1789784880,81352.21
1789784940,81327.2
1789785000,81325.64
1789785060,81351.34
1789785120,81355.79
1789785180,81375.28
1789785240,81358.62
1789785300,81333.62
1789785360,81300.02
1789785420,81355
1789785480,81386.97
1789785540,81331.12
1789785600,81307.52
1789785660,81283.49
1789785720,81266.31
1789785780,81311
1789785840,81308.12
1789785900,81291.01
1789785960,81257.4
1789786020,81265.34
1789786080,81264
1789786140,81284.12
1789786200,81286.7
1789786260,81272.03
1789786320,81286.69
1789786380,81272.34
1789786440,81279.43
1789786500,81267.95
1789786560,81285.86
1789786620,81274.51
1789786680,81252.14
1789786740,81254.49
1789786800,81276.05
1789786860,81271.99
1789786920,81298.72
1789786980,81311.85
1789787040,81324.17
1789787100,81369.95
1789787160,81324.68
1789787220,81296.22
1789787280,81295.89
1789787340,81295.73
1789787400,81301.93
1789787460,81272.4
1789787520,81255.31
1789787580,81255.14
1789787640,81255.29
1789787700,81259.13
1789787760,81226
1789787820,81204.38
1789787880,81195.9
1789787940,81199.14
1789788000,81168.32
1789788060,81167.44
1789788120,81187.7
1789788180,81196.5
1789788240,81172.94
1789788300,81165.95
1789788360,81145.17
1789788420,81165
1789788480,81154.51
1789788540,81146.87
1789788600,81113.5
1789788660,81111.12
1789788720,81135.15
1789788780,81111.01
1789788840,81104.41
1789788900,81101.52
1789788960,81104.15
1789789020,81104.16
1789789080,81100.01
1789789140,81112.72
1789789200,81103.92
1789789260,81104.14
1789789320,81106.51
1789789380,81136.96
1789789440,81131.58
1789789500,81154.49
1789789560,81142.93
1789789620,81155.53
1789789680,81159.12
1789789740,81160.9
1789789800,81158.77
1789789860,81128.06
1789789920,81152.41
1789789980,81144.75
1789790040,81145.49
1789790100,81151.1
1789790160,81148.81
1789790220,81156.9
1789790280,81110.42
1789790340,81112.51
1789790400,81105.04
1789790460,81107.74
1789790520,81088.91
1789790580,81088.92
1789790640,81122.99
1789790700,81115.02
1789790760,81116.44
1789790820,81114.67
1789790880,81161.99
1789790940,81177.82
1789791000,81153.1
1789791060,81162.69
1789791120,81178.86
1789791180,81185.79
1789791240,81184.12
1789791300,81181.98
1789791360,81205.17
1789791420,81159.42
1789791480,81133.5
1789791540,81123.01
1789791600,81112.96
1789791660,81133.49
1789791720,81154.44
1789791780,81110.38
1789791840,81109.76
1789791900,81116.84
1789791960,81095.33
1789792020,81105.31
1789792080,81132.39
1789792140,81109.3
1789792200,81106.6
1789792260,81064.65
1789792320,81032.99
1789792380,81015.02
1789792440,81014.19
1789792500,80975.11
1789792560,80977.9
1789792620,80991.73
1789792680,80960
1789792740,80922.95
1789792800,80902.01
1789792860,80894.63
1789792920,80942.59
1789792980,80990.92
1789793040,80965.49
1789793100,80939.91
1789793160,80946.87
1789793220,80938.41
1789793280,80911.74
1789793340,80928.12
1789793400,80955.14
1789793460,80982.56
1789793520,80940.41
1789793580,80950.06
1789793640,80964.99
1789793700,80979.36
1789793760,80982.31
1789793820,80994.99
1789793880,80999.99
1789793940,80999.98
1789794000,81002.41
1789794060,81005.75
1789794120,81006.85
1789794180,81018
1789794240,81043.29
1789794300,81036
1789794360,81050.81
1789794420,81069.01
1789794480,81092.81
1789794540,81100.44
1789794600,81095.34
1789794660,81066.17
1789794720,81063.45
1789794780,81053.91
1789794840,81040.43
1789794900,81017.55
1789794960,81017.56
1789795020,81006.65
1789795080,81039.73
1789795140,81050.98
1789795200,81045.8
1789795260,81022
1789795320,81001.61
1789795380,81041.2
1789795440,81037.15
1789795500,81062.36
1789795560,81075.68
1789795620,81078.07
1789795680,81117.17
1789795740,81081
1789795800,81040.32
1789795860,81043.78
1789795920,81035.71
1789795980,81051.29
1789796040,81046.57
1789796100,81068.45
1789796160,81050.54
1789796220,81034
1789796280,81075.95
1789796340,81095.71
1789796400,81082.5
1789796460,81053.65
1789796520,81047.47
1789796580,81019.23
1789796640,81003.27
1789796700,81003.27
1789796760,81027.46
1789796820,80996.23
1789796880,81005.89
1789796940,80998.37
1789797000,80994.21
1789797060,81023.71
1789797120,81046.91
1789797180,81031.63
1789797240,81036.13
1789797300,81043.12
1789797360,81050.63
1789797420,81028.4
1789797480,81011.57
1789797540,81007.5
1789797600,81022.5
1789797660,81035.11
1789797720,81008.84
1789797780,81046.28
1789797840,81011.25
1789797900,80999.58
1789797960,81007.57
1789798020,81015.56
1789798080,81021.73
1789798140,81026.73
1789798200,81008.89
1789798260,81008.65
1789798320,80984.46
1789798380,81001.47
1789798440,80979.55
1789798500,80981.3
1789798560,80999.99
1789798620,81017.99
1789798680,80978.99
1789798740,80974.58
1789798800,80963.55
1789798860,80960.31
1789798920,80943.5
1789798980,80954.55
1789799040,80944.75
1789799100,80923.69
1789799160,80911.47
1789799220,80904
1789799280,80943.59
1789799340,80953.33
1789799400,80934.99
1789799460,80965.01
1789799520,80964.32
1789799580,80988.61
1789799640,80999.1
1789799700,81040.03
1789799760,81032.37
1789799820,81055.67
1789799880,81053.09
1789799940,81051.97
1789800000,81044.94
1789800060,81065.28
1789800120,81049.09
1789800180,81055.05
1789800240,81040.3
1789800300,81038.23
1789800360,81044.39
1789800420,81053.47
1789800480,81064.9
1789800540,81058.04
1789800600,81041.33
1789800660,81043.57
1789800720,81034.82
1789800780,81035.83
1789800840,81027.38
1789800900,81011.7
1789800960,80998.13
1789801020,81012.82
1789801080,81021.52
1789801140,81020.83
1789801200,81023.15
1789801260,81034.89
1789801320,81032.12
1789801380,81046.8
1789801440,81046.97
1789801500,81047.42
1789801560,81045.4
1789801620,81040.52
1789801680,81045.09
1789801740,81069.1
1789801800,81077.34
1789801860,81077.34
1789801920,81078.96
1789801980,81093.26
1789802040,81095.67
1789802100,81132.81
1789802160,81130
1789802220,81155.47
1789802280,81196.49
1789802340,81200.98
1789802400,81186
1789802460,81165
1789802520,81145.07
1789802580,81104.36
1789802640,81088.09
1789802700,81075.25
1789802760,81081.92
1789802820,81060
1789802880,81042.54
1789802940,81044.45
1789803000,81077.46
1789803060,81070.5
1789803120,81039.01
1789803180,81055
1789803240,81093.79
1789803300,81076.04
1789803360,81060
1789803420,81028.07
1789803480,81039
1789803540,81008.74
1789803600,81019.85
1789803660,81033
1789803720,81014.7
1789803780,81015.87
1789803840,81026.9
1789803900,81026.9
1789803960,81031.63
1789804020,81007.51
1789804080,81003.61
1789804140,81003.61
1789804200,81019.68
1789804260,81011.96
1789804320,81032.52
1789804380,81049.5
1789804440,81073.15
1789804500,81106.87
1789804560,81138.76
1789804620,81106.95
1789804680,81097.53
1789804740,81102.22
1789804800,81073.15
1789804860,81073.35
1789804920,81052.59
1789804980,81047.97
1789805040,81042.56
1789805100,81065.42
1789805160,81049.51
1789805220,81057.98
1789805280,81121.36
1789805340,81153.36
1789805400,81164.99
1789805460,81178.39
1789805520,81188
1789805580,81214.93
1789805640,81202.62
1789805700,81212.88
1789805760,81179.8
1789805820,81177.92
1789805880,81187.58
1789805940,81204.81
1789806000,81211.61
1789806060,81332.81
1789806120,81301.57
1789806180,81319.99
1789806240,81285
1789806300,81250.64
1789806360,81238.14
1789806420,81226.18
1789806480,81243.1
1789806540,81244.76
1789806600,81270
1789806660,81268.39
1789806720,81277.51
1789806780,81251.58
1789806840,81286.07
1789806900,81304
1789806960,81291.01
1789807020,81301.58
1789807080,81288.67
1789807140,81308.39
1789807200,81323.69
1789807260,81299.24
1789807320,81318.68
1789807380,81306.01
1789807440,81306
1789807500,81288.37
1789807560,81302.5
1789807620,81300.59
1789807680,81296.67
1789807740,81310.38
1789807800,81320.4
1789807860,81320.9
1789807920,81333
1789807980,81333.06
1789808040,81331.95
1789808100,81270.01
1789808160,81290.99
1789808220,81294.84
1789808280,81277.68
1789808340,81267.55
1789808400,81297.65
1789808460,81278.75
1789808520,81273.76
1789808580,81296.27
1789808640,81310
1789808700,81304.43
1789808760,81330.37
1789808820,81349.08
1789808880,81345.98
1789808940,81493.6
1789809000,81424.25
1789809060,81411.22
1789809120,81389.69
1789809180,81389.68
1789809240,81416.61
1789809300,81408.83
1789809360,81399.87
1789809420,81380.88
1789809480,81370.77
1789809540,81374.5
1789809600,81402.15
1789809660,81459.92
1789809720,81463.85
1789809780,81449.17
1789809840,81436.94
1789809900,81474.47
1789809960,81428.87
1789810020,81421.25
1789810080,81435.93
1789810140,81411.35
1789810200,81384.65
1789810260,81406.32
1789810320,81354.65
1789810380,81344.01
1789810440,81236.65
1789810500,81286.17
1789810560,81239.38
1789810620,81257.95
1789810680,81284.63
1789810740,81260.27
1789810800,81287.37
1789810860,81273.2
1789810920,81238.51
1789810980,81234.01
1789811040,81228.61
1789811100,81241.22
1789811160,81261.18
1789811220,81290.94
1789811280,81290.49
1789811340,81305.87
1789811400,81320.37
1789811460,81300.37
1789811520,81320.37
1789811580,81299.99
1789811640,81295
1789811700,81304.98
1789811760,81301.43
1789811820,81305.67
1789811880,81314.75
1789811940,81313.16
1789812000,81298.84
1789812060,81308.95
1789812120,81306.11
1789812180,81302.5
1789812240,81292.64
1789812300,81247.09
1789812360,81248.83
1789812420,81255.8
1789812480,81211.75
1789812540,81238.49
1789812600,81239.75
1789812660,81264.96
1789812720,81269.99
1789812780,81276.41
1789812840,81289.99
1789812900,81274.69
1789812960,81246.45
1789813020,81246.75
1789813080,81228.01
1789813140,81231.23
1789813200,81277.51
1789813260,81272.81
1789813320,81283.06
1789813380,81271.2
1789813440,81250.37
1789813500,81266.5
1789813560,81259.29
1789813620,81249.4
1789813680,81250.61
1789813740,81288.58
1789813800,81256.18
1789813860,81254.72
1789813920,81253.08
1789813980,81232.47
1789814040,81234.26
1789814100,81231.61
1789814160,81201.42
1789814220,81221.9
1789814280,81187.44
1789814340,81199.4
1789814400,81196.5
1789814460,81217.48
1789814520,81227.99
1789814580,81224.68
1789814640,81210.3
1789814700,81225.52
1789814760,81260.23
1789814820,81252.76
1789814880,81253.87
1789814940,81251.01
1789815000,81263.33
1789815060,81253.62
1789815120,81236.9
1789815180,81236.9
1789815240,81267.22
1789815300,81290.99
1789815360,81256.62
1789815420,81258.26
1789815480,81267.49
1789815540,81185.73
1789815600,81189.6
1789815660,81193.97
1789815720,81208.74
1789815780,81259.5
1789815840,81272.99
1789815900,81261.22
1789815960,81262.2
1789816020,81256.42
1789816080,81279.99
1789816140,81300
1789816200,81341.99
1789816260,81296.59
1789816320,81292.35
1789816380,81285.66
1789816440,81273.35
1789816500,81280.17
1789816560,81275.25
1789816620,81262.26
1789816680,81312.04
1789816740,81320.34
1789816800,81301.5
1789816860,81322.15
1789816920,81316.96
1789816980,81325.96
1789817040,81334.72
1789817100,81334.02
1789817160,81272.99
1789817220,81259.5
1789817280,81266.97
1789817340,81238.67
1789817400,81239.05
1789817460,81231.65
1789817520,81257.24
1789817580,81245.18
1789817640,81219.41
1789817700,81221.44
1789817760,81209.4
1789817820,81250.58
1789817880,81240.15
1789817940,81242.18
1789818000,81237.95
1789818060,81220.61
1789818120,81245.72
1789818180,81271.51
1789818240,81266.22
1789818300,81263.81
1789818360,81254.01
1789818420,81265.65
1789818480,81254.01
1789818540,81266.19
1789818600,81272.89
1789818660,81274.36
1789818720,81274.36
1789818780,81271.21
1789818840,81272.75
1789818900,81272.75
1789818960,81286.1
1789819020,81286.08
1789819080,81269.41
1789819140,81284.28
1789819200,81280
1789819260,81284.51
1789819320,81275.02
1789819380,81252.01
1789819440,81277.93
1789819500,81292.32
1789819560,81322.5
1789819620,81326
1789819680,81321.34
1789819740,81312.3
1789819800,81322.97
1789819860,81328.51
1789819920,81325.1
1789819980,81318.36
1789820040,81314.55
1789820100,81326.54
1789820160,81319.91
1789820220,81335.28
1789820280,81342.14
1789820340,81302.11
1789820400,81276.04
1789820460,81276.95
1789820520,81260.73
1789820580,81250
1789820640,81247.71
1789820700,81195.31
1789820760,81247.7
1789820820,81237.3
1789820880,81252.98
1789820940,81200
1789821000,81202.69
1789821060,81223.43
1789821120,81227.99
1789821180,81235.67
1789821240,81235.71
1789821300,81254.85
1789821360,81260.3
1789821420,81255.52
1789821480,81245.18
1789821540,81238.5
1789821600,81259.49
1789821660,81259.49
1789821720,81266.74
1789821780,81266.74
1789821840,81249.47
1789821900,81263.46
1789821960,81262.45
1789822020,81262.45
1789822080,81250.85
1789822140,81216.8
1789822200,81252.14
1789822260,81280.49
1789822320,81278.73
1789822380,81293.4
1789822440,81304.2
1789822500,81309.99
1789822560,81313.14
1789822620,81294.93
1789822680,81302.91
1789822740,81297.91
1789822800,81309.99
1789822860,81269.2
1789822920,81267.88
1789822980,81311.5
1789823040,81312.69
1789823100,81309.43
1789823160,81282.4
1789823220,81276.46
1789823280,81246.34
1789823340,81240.97
1789823400,81229.51
1789823460,81220.09
1789823520,81202.91
1789823580,81164.54
1789823640,81222.29
1789823700,81219.26
1789823760,81238.49
1789823820,81239.52
1789823880,81271.48
1789823940,81299.95
1789824000,81266.3
1789824060,81230.14
1789824120,81244.98
1789824180,81237.75
1789824240,81225.35
1789824300,81245.83
1789824360,81246.3
1789824420,81261.9
1789824480,81243.2
1789824540,81199.07
1789824600,81215.82
1789824660,81177.44
1789824720,81240.24
1789824780,81236.32
1789824840,81232.2
1789824900,81241.57
1789824960,81235.85
1789825020,81246.23
1789825080,81222.35
1789825140,81233.77
1789825200,81238
1789825260,81246.05
1789825320,81215.84
1789825380,81226.18
1789825440,81221.2
1789825500,81235.9
1789825560,81243.29
1789825620,81234
1789825680,81248.66
1789825740,81245.71
1789825800,81242.19
1789825860,81207.01
1789825920,81225.71
1789825980,81250.52
1789826040,81269.39
1789826100,81303.9
1789826160,81277.85
1789826220,81304.48
1789826280,81322.41
1789826340,81335.92
1789826400,81323.5
1789826460,81311.99
1789826520,81320.68
1789826580,81316.83
1789826640,81325.31
1789826700,81349.98
1789826760,81368.27
1789826820,81387.14
1789826880,81400.94
1789826940,81382.98
1789827000,81379.71
1789827060,81386.55
1789827120,81391.38
1789827180,81349.72
1789827240,81356.82
1789827300,81356.82
1789827360,81379.68
1789827420,81392.15
1789827480,81415.88
1789827540,81418.01
1789827600,81452.13
1789827660,81497.99
1789827720,81491.96
1789827780,81453.32
1789827840,81449.62
1789827900,81451.87
1789827960,81470.23
1789828020,81495
1789828080,81496.34
1789828140,81507.77
1789828200,81548.36
1789828260,81503.79
1789828320,81542.99
1789828380,81569.95
1789828440,81502.4
1789828500,81513.87
1789828560,81506.19
1789828620,81495.12
1789828680,81478.7
1789828740,81452.91
1789828800,81476.73
1789828860,81474.26
1789828920,81468.96
1789828980,81515.47
1789829040,81509.84
1789829100,81498.41
1789829160,81542.73
1789829220,81506.4
1789829280,81500.37
1789829340,81516.48
1789829400,81492.91
1789829460,81494.29
1789829520,81457.13
1789829580,81475.37
1789829640,81499.99
1789829700,81471.04
1789829760,81503.32
1789829820,81497.32
1789829880,81487.66
1789829940,81509.67
1789830000,81554.89
1789830060,81572.71
1789830120,81608.47
1789830180,81592.91
1789830240,81647.99
1789830300,81653.33
1789830360,81689.87
1789830420,81668.37
1789830480,81677.34
1789830540,81668.47
1789830600,81715.01
1789830660,81679.5
1789830720,81648.08
1789830780,81704.92
1789830840,81708.18
1789830900,81670.13
1789830960,81719.44
1789831020,81728.88
1789831080,81698.17
1789831140,81645.1
1789831200,81620.82
1789831260,81633.98
1789831320,81618.94
1789831380,81634.12
1789831440,81629.21
1789831500,81644.02
1789831560,81637.2
1789831620,81614.79
1789831680,81606
1789831740,81542.99
1789831800,81543.64
1789831860,81594.82
1789831920,81588.6
1789831980,81594.98
1789832040,81616.69
1789832100,81617.58
1789832160,81626.99
1789832220,81630.85
1789832280,81637.06
1789832340,81641.12
1789832400,81641.74
1789832460,81686.77
1789832520,81837.41
1789832580,81890.08
1789832640,81843.39
1789832700,81887.9
1789832760,81768.54
1789832820,81753.36
1789832880,81744.89
1789832940,81686.1
1789833000,81659.41
1789833060,81689.99
1789833120,81716.1
1789833180,81686.51
1789833240,81721.76
1789833300,81658.5
1789833360,81619.88
1789833420,81599.64
1789833480,81610.83
1789833540,81585.25
1789833600,81626.45
1789833660,81604.38
1789833720,81593
1789833780,81567.57
1789833840,81548.3
1789833900,81466.37
1789833960,81535
1789834020,81595.49
1789834080,81622.58
1789834140,81595.5
1789834200,81599.59
1789834260,81689.23
1789834320,81723.62
1789834380,81748.47
1789834440,81704.48
1789834500,81733.44
1789834560,81747.59
1789834620,81737.86
1789834680,81770.75
1789834740,81782.36
1789834800,81800.87
1789834860,81779.92
1789834920,81789.67
1789834980,81785.3
1789835040,81805.17
1789835100,81831.21
1789835160,81816
1789835220,81849.72
1789835280,81836.64
1789835340,81834.11
1789835400,81798.72
1789835460,81850.54
1789835520,81854.03
1789835580,81868.77
1789835640,81840.09
1789835700,81849.89
1789835760,81849.9
1789835820,81811.43
1789835880,81796.31
1789835940,81801.9
1789836000,81818.73
1789836060,81859.48
1789836120,81849.9
1789836180,81830.32
1789836240,81848.76
1789836300,81829.68
1789836360,81819.22
1789836420,81812.04
1789836480,81808.02
1789836540,81829.68
1789836600,81827.7
1789836660,81802.27
1789836720,81817.61
1789836780,81812
1789836840,81812
1789836900,81815.95
1789836960,81835.82
1789837020,81835.14
1789837080,81831.86
1789837140,81823.95
1789837200,81813.35
1789837260,81775.51
1789837320,81775.52
1789837380,81770.5
1789837440,81756.32
1789837500,81779.99
1789837560,81780
1789837620,81802.26
1789837680,81819.95
1789837740,81811.51
1789837800,81780.01
1789837860,81779.76
1789837920,81771.35
1789837980,81729.87
1789838040,81727.82
1789838100,81683.69
1789838160,81680.25
1789838220,81658.5
1789838280,81713.44
1789838340,81747.38
1789838400,81687.23
1789838460,81631.27
1789838520,81677.4
1789838580,81623.31
1789838640,81578.49
1789838700,81515.69
1789838760,81528.92
1789838820,81483.64
1789838880,81463.23
1789838940,81440.75
1789839000,81517.05
1789839060,81543.9
1789839120,81491.01
1789839180,81484.46
1789839240,81511.5
1789839300,81512.98
1789839360,81475.4
1789839420,81470.3
1789839480,81469.12
1789839540,81463.84
1789839600,81457.36
1789839660,81469.5
1789839720,81442.71
1789839780,81467.87
1789839840,81464.2
1789839900,81473.08
1789839960,81514.17
1789840020,81526.7
1789840080,81478.32
1789840140,81475.11
1789840200,81480.41
1789840260,81448.5
1789840320,81450.99
1789840380,81431.71
1789840440,81435.39
1789840500,81427.22
1789840560,81462.11
1789840620,81469.6
1789840680,81456.25
1789840740,81457.3
1789840800,81437.1
1789840860,81477.12
1789840920,81476.15
1789840980,81450
1789841040,81499.99
1789841100,81466.2
1789841160,81490.49
1789841220,81509.72
1789841280,81462.19
1789841340,81400.66
1789841400,81458.99
1789841460,81423.68
1789841520,81413.95
1789841580,81342.82
1789841640,81314
1789841700,81367.79
1789841760,81311.16
1789841820,81381.83
1789841880,81397.32
1789841940,81381.34
1789842000,81398.43
1789842060,81418.98
1789842120,81455.85
1789842180,81465.71
1789842240,81440
1789842300,81442.52
1789842360,81448.48
1789842420,81421.51
1789842480,81426.87
1789842540,81421.51
1789842600,81430.51
1789842660,81396.01
1789842720,81423.75
1789842780,81380.75
1789842840,81405.43
1789842900,81435.76
1789842960,81447.51
1789843020,81479.17
1789843080,81479.55
1789843140,81497.25
1789843200,81472.03
1789843260,81465.01
1789843320,81475.37
1789843380,81487.12
1789843440,81484.29
1789843500,81461.08
1789843560,81468.41
1789843620,81454.77
1789843680,81438
1789843740,81430.2
1789843800,81448.23
1789843860,81391.63
1789843920,81396.32
1789843980,81412.8
1789844040,81422.86
1789844100,81408.71
1789844160,81389
1789844220,81434.32
1789844280,81414.79
1789844340,81412.23
1789844400,81412.24
1789844460,81437.78
1789844520,81408.33
1789844580,81418.51
1789844640,81430.32
1789844700,81428.27
1789844760,81440.71
1789844820,81430.15
1789844880,81404.73
1789844940,81374.99
1789845000,81383.1
1789845060,81368.52
1789845120,81389.07
1789845180,81378.96
1789845240,81377.6
1789845300,81359.42
1789845360,81359.46
1789845420,81371.9
1789845480,81372.45
1789845540,81357.9
1789845600,81385.36
1789845660,81411.45
1789845720,81420.55
1789845780,81409.02
1789845840,81409.01
1789845900,81395.98
1789845960,81403.49
1789846020,81402.21
1789846080,81392
1789846140,81388.78
1789846200,81374.86
1789846260,81362.13
1789846320,81355.01
1789846380,81372.26
1789846440,81368.93
1789846500,81362.18
1789846560,81354.99
1789846620,81334.15
1789846680,81343.5
1789846740,81318
1789846800,81336.18
1789846860,81343.61
1789846920,81342.63
1789846980,81343.51
1789847040,81320.72
1789847100,81305.01
1789847160,81330.03
1789847220,81335.14
1789847280,81350.04
1789847340,81339.62
1789847400,81339.98
1789847460,81339.98
1789847520,81350.04
1789847580,81360.05
1789847640,81353.9
1789847700,81336.84
1789847760,81344.75
1789847820,81327.81
1789847880,81306.5
1789847940,81295.33
1789848000,81345.02
1789848060,81364.07
1789848120,81368.77
1789848180,81364.49
1789848240,81349.98
1789848300,81374.99
1789848360,81385.5
1789848420,81395.39
1789848480,81413.99
1789848540,81397.96
1789848600,81397.96
1789848660,81399.27
1789848720,81386.86
1789848780,81388.22
1789848840,81393.18
1789848900,81398.52
1789848960,81350
1789849020,81311.32
1789849080,81311.32
1789849140,81299.12
1789849200,81332.93
1789849260,81329.24
1789849320,81325.68
1789849380,81333.82
1789849440,81313.07
1789849500,81310.15
1789849560,81314.89
1789849620,81297.91
1789849680,81301.6
1789849740,81288.27
1789849800,81237.02
1789849860,81237.02
1789849920,81241.37
1789849980,81236.38
1789850040,81228.32
1789850100,81228.28
1789850160,81228.81
1789850220,81242.92
1789850280,81233.48
1789850340,81230.29
1789850400,81251.78
1789850460,81240.41
1789850520,81248.56
1789850580,81246.15
1789850640,81245.52
1789850700,81271.62
1789850760,81228
1789850820,81200
1789850880,81207.51
1789850940,81198.2
1789851000,81194.9
1789851060,81169.93
1789851120,81160.94
1789851180,81123
1789851240,81102.04
1789851300,81115.3
1789851360,81075.57
1789851420,81046.47
1789851480,81061.3
1789851540,81112.49
1789851600,81128.35
1789851660,81137.42
1789851720,81166.6
1789851780,81160.95
1789851840,81199.97
1789851900,81163.1
1789851960,81145
1789852020,81150.8
1789852080,81129.41
1789852140,81090.88
1789852200,81060
1789852260,81038.74
1789852320,81024.46
1789852380,81000
1789852440,80973.81
1789852500,80978.29
1789852560,80986.5
1789852620,80993.59
1789852680,81020.89
1789852740,80982.89
1789852800,80971.31
1789852860,80909.25
1789852920,80886.29
1789852980,80907.04
1789853040,80965.47
1789853100,80999.07
1789853160,81016.98
1789853220,81037.97
1789853280,81043.99
1789853340,81028.49
1789853400,81036.11
1789853460,81005.48
1789853520,81002.33
1789853580,80957.5
1789853640,80993.89
1789853700,80976
1789853760,80966.41
1789853820,80933.99
1789853880,80958.3
1789853940,81015.17
1789854000,81032.29
1789854060,81021.72
1789854120,81007.51
1789854180,80999.91
1789854240,80995.15
1789854300,80997.49
1789854360,81031.23
1789854420,81048.31
1789854480,81046.4
1789854540,81042.41
1789854600,81095.58
1789854660,81073.94
1789854720,81079.13
1789854780,81107.79
1789854840,81083.4
1789854900,81107.09
1789854960,81119.81
1789855020,81115
1789855080,81109.56
1789855140,81104.33
1789855200,81063.73
1789855260,81007.5
1789855320,80995
1789855380,80966.58
1789855440,80957.93
1789855500,80957.92
1789855560,81005.01
1789855620,81024.84
1789855680,81000
1789855740,81029.69
1789855800,81020.59
1789855860,80972.62
1789855920,80998.82
1789855980,80998.69
1789856040,80980.82
1789856100,80975.99
1789856160,81028.49
1789856220,81060.08
1789856280,81032.89
1789856340,81019.74
1789856400,81026.81
1789856460,81023
1789856520,80999.67
1789856580,80984.96
1789856640,81022.82
1789856700,81038.98
1789856760,81028.49
1789856820,81019.5
1789856880,81059.99
1789856940,81043.93
1789857000,81034.68
1789857060,81044.28
1789857120,81070.08
1789857180,81072.56
1789857240,81085.07
1789857300,81082.82
1789857360,81097.46
1789857420,81137.18
1789857480,81164.61
1789857540,81170.68
1789857600,81189.43
1789857660,81188.28
1789857720,81173.69
1789857780,81193.48
1789857840,81213.76
1789857900,81209.74
1789857960,81186.01
1789858020,81182.78
1789858080,81174.33
1789858140,81196.49
1789858200,81183.86
1789858260,81185.16
1789858320,81187.11
1789858380,81208.2
1789858440,81227.99
1789858500,81235.11
1789858560,81232.55
1789858620,81207.3
1789858680,81205.73
1789858740,81214.31
1789858800,81232.47
1789858860,81225.17
1789858920,81222.59
1789858980,81232.55
1789859040,81230.18
1789859100,81220.87
1789859160,81230.83
1789859220,81230.83
1789859280,81217.72
1789859340,81209.03
1789859400,81209.06
1789859460,81237.54
1789859520,81240.99
1789859580,81254.98
1789859640,81258.29
1789859700,81258.28
1789859760,81270.79
1789859820,81280.49
1789859880,81283.32
1789859940,81240.53
1789860000,81245.4
1789860060,81247.01
1789860120,81236.8
1789860180,81217.68
1789860240,81205.3
1789860300,81211.45
1789860360,81200.55
1789860420,81192.21
1789860480,81193.24
1789860540,81253.83
1789860600,81279.18
1789860660,81279.17
1789860720,81279.17
1789860780,81287.22
1789860840,81327.13
1789860900,81326.21
1789860960,81326.21
1789861020,81334.99
1789861080,81301.61
1789861140,81272.57
1789861200,81270.19
1789861260,81260.95
1789861320,81266.31
1789861380,81245.7
1789861440,81244.6
1789861500,81246.87
1789861560,81259.72
1789861620,81264.98
1789861680,81248.6
1789861740,81277.6
1789861800,81263.1
1789861860,81267.85
1789861920,81264.9
1789861980,81269.51
1789862040,81276.37
1789862100,81292.4
1789862160,81292.41
1789862220,81292.4
1789862280,81269.73
1789862340,81240.41
1789862400,81233.91
1789862460,81202.57
1789862520,81215.09
1789862580,81207
1789862640,81186
1789862700,81185.72
1789862760,81180.04
1789862820,81191.65
1789862880,81190.02
1789862940,81176.16
1789863000,81206.99
1789863060,81240.6
1789863120,81253.46
1789863180,81250.9
1789863240,81254.48
1789863300,81258.96
1789863360,81235.82
1789863420,81237.85
1789863480,81228
1789863540,81251.74
1789863600,81230.71
1789863660,81194.92
1789863720,81187.44
1789863780,81186.96
1789863840,81189.87
1789863900,81215.48
1789863960,81272.48
1789864020,81289.95
1789864080,81289.64
1789864140,81284.49
1789864200,81279.55
1789864260,81248.76
1789864320,81238.5
1789864380,81274.33
1789864440,81299.13
1789864500,81294.76
1789864560,81242.88
1789864620,81246.94
1789864680,81246.28
1789864740,81246.93
1789864800,81277.8
1789864860,81284.83
1789864920,81301.6
1789864980,81299.12
1789865040,81277.48
1789865100,81300.71
1789865160,81273.68
1789865220,81272.06
1789865280,81258.75
1789865340,81261.58
1789865400,81257.07
1789865460,81258.05
1789865520,81273.73
1789865580,81265.17
1789865640,81267.32
1789865700,81259.76
1789865760,81260.2
1789865820,81262.77
1789865880,81253.38
1789865940,81243.26
1789866000,81263.65
1789866060,81261.74
1789866120,81277.17
1789866180,81246.65
1789866240,81240.33
1789866300,81235.2
1789866360,81245.92
1789866420,81228.9
1789866480,81234.34
1789866540,81234.34
1789866600,81199.92
1789866660,81150
1789866720,81164.59
1789866780,81139.52
1789866840,81126.18
1789866900,81106.08
1789866960,81081.55
1789867020,81070.51
1789867080,81066.4
1789867140,81124.85
1789867200,81166.32
1789867260,81156.82
1789867320,81182.42
1789867380,81153.45
1789867440,81140
1789867500,81132.41
1789867560,81123.7
1789867620,81116.92
1789867680,81131.49
1789867740,81106.91
1789867800,81088.79
1789867860,81080
1789867920,81063.51
1789867980,81035.87
1789868040,81051.7
1789868100,81043.4
1789868160,81041.77
1789868220,81004
1789868280,81036.21
1789868340,81059.99
1789868400,81076.21
1789868460,81081.01
1789868520,81097.42
1789868580,81079.69
1789868640,81076.56
1789868700,81045.57
1789868760,81066.19
1789868820,81024.6
1789868880,81049.49
1789868940,81073.45
1789869000,81044.18
1789869060,81033.03
1789869120,81034.54
1789869180,81032.48
1789869240,81039
1789869300,81049.74
1789869360,81063.6
1789869420,81082.17
1789869480,81071.48
1789869540,81053.92
1789869600,81071.71
1789869660,81052.15
1789869720,81077.11
1789869780,81117.42
1789869840,81101.99
1789869900,81057.17
1789869960,81073.13
1789870020,81073.68
1789870080,81080.99
1789870140,81081.55
1789870200,81081.55
1789870260,81079.91
1789870320,81093.63
1789870380,81117.01
1789870440,81108.92
1789870500,81122.99
1789870560,81129.88
1789870620,81123.26
1789870680,81068.56
1789870740,81022.18
1789870800,81038.99
1789870860,81023.69
1789870920,81008.06
1789870980,80999.32
1789871040,81000.73
1789871100,80986.43
1789871160,80968.35
1789871220,80961.64
1789871280,80961.65
1789871340,80961.88
1789871400,80944.84
1789871460,80945
1789871520,80907.22
1789871580,80931.97
1789871640,80909.03
1789871700,80871.63
1789871760,80874.36
1789871820,80889.99
1789871880,80925.25
1789871940,80919.99
1789872000,80881.5
1789872060,80858.87
1789872120,80839.24
1789872180,80815.62
1789872240,80666.81
1789872300,80529.29
1789872360,80486.93
1789872420,80607.37
1789872480,80649.02
1789872540,80570.04
1789872600,80539.99
1789872660,80581.42
1789872720,80587.15
1789872780,80544.67
1789872840,80372.89
1789872900,80442.9
1789872960,80432.8
1789873020,80272.5
1789873080,80398.13
1789873140,80262.01
1789873200,80305.44
1789873260,80338.62
1789873320,80259.41
1789873380,80198.61
1789873440,80282.99
1789873500,80338.37
1789873560,80422.08
1789873620,80458.54
1789873680,80453.72
1789873740,80454.18
1789873800,80400.01
1789873860,80402.39
1789873920,80382.23
1789873980,80356.5
1789874040,80262
1789874100,80215.86
1789874160,80127.67
1789874220,80303.99
1789874280,80312.37
1789874340,80317.91
1789874400,80397.13
1789874460,80419.05
1789874520,80484.3
1789874580,80439.66
1789874640,80453.82
1789874700,80451
1789874760,80457.4
1789874820,80395.29
1789874880,80348.46
1789874940,80348.46
1789875000,80356.5
1789875060,80358.87
1789875120,80363.27
1789875180,80335.5
1789875240,80368.44
1789875300,80341.02
1789875360,80300.54
1789875420,80319.2
1789875480,80312.23
1789875540,80323.36
1789875600,80272.5
1789875660,80287
1789875720,80330.61
1789875780,80296.49
1789875840,80297.9
1789875900,80358.24
1789875960,80315.01
1789876020,80319.44
1789876080,80371.33
1789876140,80426.3
1789876200,80446.85
1789876260,80459.68
1789876320,80419.51
1789876380,80411.13
1789876440,80434.14
1789876500,80475.66
1789876560,80451
1789876620,80440.16
1789876680,80446.98
1789876740,80472
1789876800,80458.82
1789876860,80456.23
1789876920,80449.8
1789876980,80416.43
1789877040,80449.77
1789877100,80479.27
1789877160,80455.01
1789877220,80430
1789877280,80427.13
1789877340,80405.36
1789877400,80426.59
1789877460,80396.04
1789877520,80384.27
1789877580,80357.93
1789877640,80385.26
1789877700,80405
1789877760,80435.33
1789877820,80470.47
1789877880,80459.25
1789877940,80367.01
1789878000,80346
1789878060,80326.33
1789878120,80328.54
1789878180,80304
1789878240,80378.36
1789878300,80407.19
1789878360,80431.19
1789878420,80442.98
1789878480,80416.1
1789878540,80390.26
1789878600,80398.4
1789878660,80399.11
1789878720,80430.34
1789878780,80407.19
1789878840,80409.64
1789878900,80409.64
1789878960,80375.54
1789879020,80406.7
1789879080,80430.26
1789879140,80451.99
1789879200,80444.34
1789879260,80452.46
1789879320,80421.51
1789879380,80380.33
1789879440,80361.88
1789879500,80353.61
1789879560,80348.35
1789879620,80297.22
1789879680,80351.96
1789879740,80354.99
1789879800,80349.28
1789879860,80350.42
1789879920,80357.18
1789879980,80395.54
1789880040,80392.18
1789880100,80404.45
1789880160,80402.45
1789880220,80427.01
1789880280,80432.36
1789880340,80406.51
1789880400,80395.94
1789880460,80426.64
1789880520,80403.78
1789880580,80412.24
1789880640,80430.98
1789880700,80453.1
1789880760,80451.13
1789880820,80446.61
1789880880,80471.43
1789880940,80504.97
1789881000,80478.42
1789881060,80503.07
1789881120,80580.08
1789881180,80590.49
1789881240,80572.09
1789881300,80561.46
1789881360,80503.51
1789881420,80465
1789881480,80457.44
1789881540,80507.77
1789881600,80488.22
1789881660,80480.24
1789881720,80519.26
1789881780,80480.3
1789881840,80454.82
1789881900,80413.91
1789881960,80435.12
1789882020,80476.23
1789882080,80500.12
1789882140,80502.68
1789882200,80515.24
1789882260,80519.55
1789882320,80532.98
1789882380,80590.24
1789882440,80559.69
1789882500,80559.68
1789882560,80514.25
1789882620,80461.51
1789882680,80438.49
1789882740,80470.91
1789882800,80470.4
1789882860,80470.4
1789882920,80476.92
1789882980,80472.38
1789883040,80490.26
1789883100,80504.87
1789883160,80458.72
1789883220,80495.48
1789883280,80495
1789883340,80490.06
1789883400,80499.44
1789883460,80459.66
1789883520,80459.04
1789883580,80449.46
1789883640,80447.44
1789883700,80430.23
1789883760,80440.49
1789883820,80454.81
1789883880,80488.77
1789883940,80483.36
1789884000,80456.01
1789884060,80466.28
1789884120,80498.56
1789884180,80472
1789884240,80423.07
1789884300,80397.49
1789884360,80408.85
1789884420,80468.46
1789884480,80409.01
1789884540,80405.97
1789884600,80468.46
1789884660,80430
1789884720,80413.36
1789884780,80455.61
1789884840,80473.97
1789884900,80485.22
1789884960,80509.98
1789885020,80566.48
1789885080,80458.36
1789885140,80461.08
1789885200,80504.65
1789885260,80468.49
1789885320,80445.44
1789885380,80447.16
1789885440,80456.87
1789885500,80470.03
1789885560,80443.31
1789885620,80450.73
1789885680,80471.58
1789885740,80455.57
1789885800,80427.83
1789885860,80408.4
1789885920,80434.12
1789885980,80447.49
1789886040,80427.95
1789886100,80422.07
1789886160,80415.51
1789886220,80432.99
1789886280,80407.36
1789886340,80369.01
1789886400,80358.2
1789886460,80350
1789886520,80350.66
1789886580,80245.93
1789886640,80302.95
1789886700,80345.77
1789886760,80283
1789886820,80364.15
1789886880,80391.09
1789886940,80404.91
1789887000,80365.2
1789887060,80383.88
1789887120,80356.5
1789887180,80348.07
1789887240,80326.6
1789887300,80262
1789887360,80190.58
1789887420,80228.15
1789887480,80288.93
1789887540,80304
1789887600,80272.5
1789887660,80294.98
1789887720,80306.28
1789887780,80321.25
1789887840,80307.71
1789887900,80272.48
1789887960,80275.48
1789888020,80263.66
1789888080,80305
1789888140,80324.87
1789888200,80296.61
1789888260,80320.53
1789888320,80286.55
1789888380,80307.12
1789888440,80319.92
1789888500,80317.06
1789888560,80300.19
1789888620,80300.19
1789888680,80292.66
1789888740,80305.34
1789888800,80283
1789888860,80283
1789888920,80263.65
1789888980,80296.47
1789889040,80306.46
1789889100,80355.91
1789889160,80370.9
1789889220,80354.57
1789889280,80362.32
1789889340,80368.42
1789889400,80364.77
1789889460,80363.1
1789889520,80343.39
1789889580,80359.84
1789889640,80349.15
1789889700,80331.58
1789889760,80314.5
1789889820,80307.47
1789889880,80304.68
1789889940,80279.9
1789890000,80302.32
1789890060,80285
1789890120,80299.82
1789890180,80299.81
1789890240,80306
1789890300,80310.43
1789890360,80296.09
1789890420,80315.01
1789890480,80308.01
1789890540,80308
1789890600,80308
1789890660,80308
1789890720,80329.22
1789890780,80313.31
1789890840,80294.25
1789890900,80299.99
1789890960,80316.18
1789891020,80316.97
1789891080,80308.03
1789891140,80303.29
1789891200,80284.56
1789891260,80299.48
1789891320,80377.5
1789891380,80370.01
1789891440,80412.4
1789891500,80421.49
1789891560,80393.16
1789891620,80372.19
1789891680,80388.57
1789891740,80356.5
1789891800,80403.03
1789891860,80415.29
1789891920,80406.65
1789891980,80393.71
1789892040,80396.24
1789892100,80388.2
1789892160,80393.85
1789892220,80370.77
1789892280,80399.14
1789892340,80381.97
1789892400,80392.57
1789892460,80367.13
1789892520,80367.01
1789892580,80361.62
1789892640,80351.12
1789892700,80361.04
1789892760,80369.98
1789892820,80346.03
1789892880,80346.02
1789892940,80345.6
1789893000,80345.6
1789893060,80345.6
1789893120,80337.69
1789893180,80347.52
1789893240,80356.21
1789893300,80340.54
1789893360,80331.04
1789893420,80341.67
1789893480,80326.99
1789893540,80314.5
1789893600,80305.19
1789893660,80293.46
1789893720,80295.63
1789893780,80241.36
1789893840,80212.12
1789893900,80227.68
1789893960,80253.18
1789894020,80223.67
1789894080,80208.93
1789894140,80181.9
1789894200,80214.31
1789894260,80162.04
1789894320,80156.99
1789894380,80242.44
1789894440,80203.88
1789894500,80224.14
1789894560,80236.25
1789894620,80217.62
1789894680,80209.59
1789894740,80209.59
1789894800,80228.2
1789894860,80221
1789894920,80229.99
1789894980,80255.19
1789895040,80252.79
1789895100,80266
1789895160,80258.4
1789895220,80268.98
1789895280,80241.01
1789895340,80235.25
1789895400,80235.25
1789895460,80251.19
1789895520,80241.48
1789895580,80259.57
1789895640,80250.43
1789895700,80230.76
1789895760,80230.33
1789895820,80250.42
1789895880,80245
1789895940,80247.98
1789896000,80267.56
1789896060,80267.56
1789896120,80324.99
1789896180,80336.82
1789896240,80339.99
1789896300,80322.86
1789896360,80335.32
1789896420,80364.47
1789896480,80364.46
1789896540,80360.54
1789896600,80345.7
1789896660,80359.22
1789896720,80363.94
1789896780,80384.64
1789896840,80400.13
1789896900,80469.36
1789896960,80469.36
1789897020,80474.49
1789897080,80485.08
1789897140,80493
1789897200,80519.36
1789897260,80492.75
1789897320,80541.44
1789897380,80541.45
1789897440,80491.79
1789897500,80511.68
1789897560,80478.91
1789897620,80470.11
1789897680,80454.48
1789897740,80472
1789897800,80467.15
1789897860,80434.88
1789897920,80447.8
1789897980,80447.8
1789898040,80438.45
1789898100,80421.67
1789898160,80426.91
1789898220,80459.58
1789898280,80444.44
1789898340,80436.52
1789898400,80430.01
1789898460,80471.31
1789898520,80472.64
1789898580,80472.43
1789898640,80480.02
1789898700,80458.28
1789898760,80441.35
1789898820,80383.64
1789898880,80320.85
1789898940,80331.52
1789899000,80335.5
1789899060,80326.35
1789899120,80338.43
1789899180,80321.21
1789899240,80295.02
1789899300,80377.49
1789899360,80407.54
1789899420,80394.26
1789899480,80356.5
1789899540,80354.32
1789899600,80318.09
1789899660,80294
1789899720,80294.02
1789899780,80315.01
1789899840,80309.24
1789899900,80306.93
1789899960,80310.59
1789900020,80306.59
1789900080,80317.41
1789900140,80312.17
1789900200,80345.99
1789900260,80377.47
1789900320,80352.9
1789900380,80348.67
1789900440,80352.19
1789900500,80351.46
1789900560,80346.69
1789900620,80323.29
1789900680,80307.75
1789900740,80315.77
1789900800,80309.28
1789900860,80287.54
1789900920,80294.89
1789900980,80326.96
1789901040,80326.95
1789901100,80322.9
1789901160,80299.36
1789901220,80309.32
1789901280,80313.61
1789901340,80313.61
1789901400,80319.07
1789901460,80332.04
1789901520,80332.04
1789901580,80331.22
1789901640,80354.26
1789901700,80335.51
1789901760,80314.5
1789901820,80304.01
1789901880,80306.89
1789901940,80291.89
1789902000,80283.01
1789902060,80297.23
1789902120,80270
1789902180,80260.34
1789902240,80291.48
1789902300,80286.94
1789902360,80285.08
1789902420,80333.97
1789902480,80349.4
1789902540,80325.01
1789902600,80317.78
1789902660,80347.07
1789902720,80314.5
1789902780,80334.18
1789902840,80321.78
1789902900,80334.11
1789902960,80316.95
1789903020,80311.47
1789903080,80280.2
1789903140,80268
1789903200,80338.38
1789903260,80351.63
1789903320,80309.99
1789903380,80312.72
1789903440,80330.92
1789903500,80330.09
1789903560,80321.37
1789903620,80321.35
1789903680,80329.7
1789903740,80328.56
1789903800,80338.84
1789903860,80385.22
1789903920,80418.78
1789903980,80429.99
1789904040,80440.49
1789904100,80407.32
1789904160,80396.53
1789904220,80376.71
1789904280,80410.59
1789904340,80434.21
1789904400,80406.79
1789904460,80444.04
1789904520,80419.5
1789904580,80420.96
1789904640,80416.78
1789904700,80426.99
1789904760,80408.06
1789904820,80425.54
1789904880,80433.08
1789904940,80445.66
1789905000,80444.11
1789905060,80445.67
1789905120,80438.32
1789905180,80470.23
1789905240,80480.47
1789905300,80493.33
1789905360,80461.98
1789905420,80437.64
1789905480,80424.98
1789905540,80460.81
1789905600,80442.98
1789905660,80422.07
1789905720,80416.97
1789905780,80405.66
1789905840,80438.64
1789905900,80430.01
1789905960,80444.98
1789906020,80456.87
1789906080,80472
1789906140,80469.17
1789906200,80453.22
1789906260,80454.08
1789906320,80474.33
1789906380,80488.01
1789906440,80432.01
1789906500,80450.99
1789906560,80464.99
1789906620,80436.95
1789906680,80401.84
1789906740,80397.18
1789906800,80379.67
1789906860,80379.58
1789906920,80380.32
1789906980,80381.61
1789907040,80376.88
1789907100,80351.22
1789907160,80346.58
1789907220,80358.44
1789907280,80346
1789907340,80330.93
1789907400,80335.57
1789907460,80312.57
1789907520,80303.38
1789907580,80293.5
1789907640,80318.11
1789907700,80319.32
1789907760,80327.96
1789907820,80319.48
1789907880,80324.31
1789907940,80340.28
1789908000,80335.3
1789908060,80332.49
1789908120,80314.85
1789908180,80328.71
1789908240,80317.13
1789908300,80320.54
1789908360,80322.66
1789908420,80331.44
1789908480,80338.72
1789908540,80336.57
1789908600,80363.59
1789908660,80354.09
1789908720,80354.07
1789908780,80344.19
1789908840,80387.99
1789908900,80421.56
1789908960,80429.49
1789909020,80409.06
1789909080,80415.69
1789909140,80405.72
1789909200,80451.14
1789909260,80471.47
1789909320,80465.62
1789909380,80495.61
1789909440,80507.94
1789909500,80534.99
1789909560,80546.19
1789909620,80546.27
1789909680,80607.89
1789909740,80574
1789909800,80551.94
1789909860,80530.42
1789909920,80544.51
1789909980,80528.44
1789910040,80519.58
1789910100,80530.05
1789910160,80523.82
1789910220,80507.26
1789910280,80464.17
1789910340,80447.82
1789910400,80487.64
1789910460,80461.03
1789910520,80482.49
1789910580,80479.28
1789910640,80493.1
1789910700,80487.54
1789910760,80504.43
1789910820,80520.53
1789910880,80493
1789910940,80488.51
1789911000,80472
1789911060,80466.68
1789911120,80464.44
1789911180,80461.85
1789911240,80425.68
1789911300,80392.38
1789911360,80427.85
1789911420,80420.56
1789911480,80412.47
1789911540,80416.84
1789911600,80463.86
1789911660,80430.49
1789911720,80425
1789911780,80461.27
1789911840,80497.55
1789911900,80529.35
1789911960,80528.63
1789912020,80505.01
1789912080,80500
1789912140,80501.38
1789912200,80509.21
1789912260,80501.39
1789912320,80503.39
1789912380,80536.85
1789912440,80523.32
1789912500,80520.51
1789912560,80524.63
1789912620,80516.99
1789912680,80516
1789912740,80516.02
1789912800,80522.05
1789912860,80537.05
1789912920,80595.29
1789912980,80664.27
1789913040,80732.6
1789913100,80655.52
1789913160,80615.97
1789913220,80631.51
1789913280,80630.79
1789913340,80624.52
1789913400,80607.83
1789913460,80589.51
1789913520,80568.26
1789913580,80559.16
1789913640,80540.73
1789913700,80544.56
1789913760,80500
1789913820,80495.22
1789913880,80409.17
1789913940,80430
1789914000,80407.44
1789914060,80419.48
1789914120,80482.75
1789914180,80472.78
1789914240,80455.93
1789914300,80475.68
1789914360,80513.94
1789914420,80515.24
1789914480,80502.91
1789914540,80507.25
1789914600,80496.98
1789914660,80483.17
1789914720,80499.99
1789914780,80543.1
1789914840,80566.38
1789914900,80518.66
1789914960,80555.99
1789915020,80575.32
1789915080,80568.46
1789915140,80587.47
1789915200,80568.25
1789915260,80568.25
1789915320,80578.35
1789915380,80574.69
1789915440,80584.15
1789915500,80601.09
1789915560,80575.64
1789915620,80598.01
1789915680,80611.39
1789915740,80633.5
1789915800,80611.55
1789915860,80619.59
1789915920,80611.56
1789915980,80623.41
1789916040,80671.49
1789916100,80664.48
1789916160,80734.38
1789916220,80656.07
1789916280,80648.88
1789916340,80647.28
1789916400,80639.59
1789916460,80734.49
1789916520,80818.49
1789916580,80728.74
1789916640,80797.85
1789916700,80790.66
1789916760,80766
1789916820,80807.99
1789916880,80805.65
1789916940,80766
1789917000,80801.65
1789917060,80793.13
1789917120,80768.36
1789917180,80751.12
1789917240,80758.59
1789917300,80720.47
1789917360,80781.78
1789917420,80849.99
1789917480,80812.62
1789917540,80809.39
1789917600,80797.5
1789917660,80787
1789917720,80759.21
1789917780,80745.32
1789917840,80744.54
1789917900,80777.2
1789917960,80758.11
1789918020,80756.87
1789918080,80705.47
1789918140,80662.38
1789918200,80628.06
1789918260,80686.81
1789918320,80725.43
1789918380,80744.99
1789918440,80715.74
1789918500,80699.68
1789918560,80687.88
1789918620,80707.66
1789918680,80706.06
1789918740,80744.12
1789918800,80807.99
1789918860,80766.86
1789918920,80787.58
1789918980,80839.33
1789919040,80815.13
1789919100,80808.91
1789919160,80849.65
1789919220,80842.45
1789919280,80839.82
1789919340,80861.42
1789919400,80862.74
1789919460,80831.17
1789919520,80861.54
1789919580,80855.49
1789919640,80875.56
1789919700,80892.86
1789919760,80888.6
1789919820,80916.02
1789919880,80894.99
1789919940,80884.56
1789920000,80874.2
1789920060,80827.88
1789920120,80822.41
1789920180,80801.58
1789920240,80849.99
1789920300,80839.49
1789920360,80839.49
1789920420,80880.09
1789920480,80958.01
1789920540,80936.36
1789920600,80993.16
1789920660,81019.4
1789920720,81102.49
1789920780,81085.74
1789920840,81130.05
1789920900,81131.47
1789920960,81173.65
1789921020,81118.72
1789921080,81142.15
1789921140,81130.14
1789921200,81099.98
1789921260,81028.49
1789921320,81037.39
1789921380,81063.29
1789921440,81047.49
1789921500,81101.99
1789921560,81060
1789921620,81112.43
1789921680,81120.04
1789921740,81244.37
1789921800,81153.35
1789921860,81163.22
1789921920,81100.54
1789921980,81182.96
1789922040,81243.26
1789922100,81222.56
1789922160,81271.62
1789922220,81297.03
1789922280,81333.82
1789922340,81373.15
1789922400,81333.01
1789922460,81317.65
1789922520,81395.99
1789922580,81443.71
1789922640,81365.02
1789922700,81360.95
1789922760,81401.19
1789922820,81290.99
1789922880,81269.6
1789922940,81257.86
1789923000,81250
1789923060,81285.52
1789923120,81256.84
1789923180,81292.93
1789923240,81263.54
1789923300,81267.39
1789923360,81252.49
1789923420,81315.98
1789923480,81327.15
1789923540,81290.95
1789923600,81311.99
1789923660,81246.64
1789923720,81259.49
1789923780,81271.27
1789923840,81309.85
1789923900,81359.1
1789923960,81353.99
1789924020,81413.32
1789924080,81339.41
1789924140,81260.12
1789924200,81219.32
1789924260,81238.49
1789924320,81241.68
1789924380,81209.62
1789924440,81196.48
1789924500,81222.66
1789924560,81210.73
1789924620,81240.25
1789924680,81189.96
1789924740,81238.5
1789924800,81217.53
1789924860,81248.99
1789924920,81273.43
1789924980,81267.67
1789925040,81177.73
1789925100,81225.47
1789925160,81280.49
1789925220,81195.01
1789925280,81154.49
1789925340,81181.15
1789925400,81138
1789925460,81187.59
1789925520,81179.78
1789925580,81210.83
1789925640,81223.16
1789925700,81241.21
1789925760,81266.39
1789925820,81297.13
1789925880,81324.47
1789925940,81368.31
1789926000,81338.29
1789926060,81334.3
1789926120,81335.53
1789926180,81339.61
1789926240,81357.25
1789926300,81374.99
1789926360,81382.09
1789926420,81367.32
1789926480,81344.23
1789926540,81333.57
1789926600,81306.82
1789926660,81332.09
1789926720,81280.84
1789926780,81218.3
1789926840,81152.34
1789926900,81115.31
1789926960,81123.85
1789927020,81142.94
1789927080,81116.99
1789927140,81110.62
1789927200,81129.33
1789927260,81108.14
1789927320,81114.72
1789927380,81112.25
1789927440,81068.51
1789927500,81064.8
1789927560,81041.97
1789927620,81038.99
1789927680,81130.55
1789927740,81146.55
1789927800,81146.98
1789927860,81119.08
1789927920,81133.29
1789927980,81113.79
1789928040,81090.95
1789928100,81083.91
1789928160,81118.45
1789928220,81185.68
1789928280,81193.75
1789928340,81201.07
1789928400,81211.65
1789928460,81192.82
1789928520,81205.71
1789928580,81175.54
1789928640,81163.78
1789928700,81164.25
1789928760,81208.61
1789928820,81221.99
1789928880,81250.88
1789928940,81233.63
1789929000,81252.1
1789929060,81279.99
1789929120,81231.31
1789929180,81230.96
1789929240,81245.65
1789929300,81223.06
1789929360,81218.5
1789929420,81192.61
1789929480,81190.47
1789929540,81190.52
1789929600,81164.71
1789929660,81192.43
1789929720,81205.56
1789929780,81186.93
1789929840,81190.53
1789929900,81202.47
1789929960,81195.65
1789930020,81175.5
1789930080,81172.55
1789930140,81143.98
1789930200,81166.16
1789930260,81091.5
1789930320,81074.29
1789930380,81050.69
1789930440,81055
1789930500,81054.52
1789930560,81059.99
1789930620,81077.52
1789930680,81059
1789930740,81038.87
1789930800,81020.32
1789930860,81050.27
1789930920,81070.5
1789930980,81090.24
1789931040,81101.17
1789931100,81081
1789931160,81110.01
1789931220,81091.87
1789931280,81080.03
1789931340,81098.55
1789931400,81110.05
1789931460,81094.48
1789931520,81089.06
1789931580,81089.06
1789931640,81097.38
1789931700,81064.2
1789931760,81074.73
1789931820,81054.11
1789931880,81040.59
1789931940,81051.36
1789932000,81052.58
1789932060,81080.27
1789932120,81083.76
1789932180,81061.38
1789932240,81068.97
1789932300,81060
1789932360,81049.5
1789932420,81055.47
1789932480,81085.46
1789932540,81088.73
1789932600,81103.48
1789932660,81137.37
1789932720,81170.78
1789932780,81210
1789932840,81251.46
1789932900,81259.49
1789932960,81237.39
1789933020,81265.93
1789933080,81268.47
1789933140,81238.51
1789933200,81231.34
1789933260,81259.18
1789933320,81238.44
1789933380,81249.51
1789933440,81206.24
1789933500,81210.31
1789933560,81227.32
1789933620,81233.22
1789933680,81265.66
1789933740,81222.99
1789933800,81221.22
1789933860,81247.82
1789933920,81247.5
1789933980,81248.39
1789934040,81264.81
1789934100,81255.84
1789934160,81228.12
1789934220,81181.49
1789934280,81156.58
1789934340,81145.41
1789934400,81162.44
1789934460,81180.57
1789934520,81201.65
1789934580,81198.9
1789934640,81189.71
1789934700,81197.06
1789934760,81208.24
1789934820,81198.29
1789934880,81195.81
1789934940,81180.26
1789935000,81175.48
1789935060,81155.97
1789935120,81133.5
1789935180,81132.9
1789935240,81132.9
1789935300,81128.54
1789935360,81114.65
1789935420,81088.65
1789935480,81107.11
1789935540,81100.72
1789935600,81109.46
1789935660,81104.6
1789935720,81102
1789935780,81107.48
1789935840,81126.75
1789935900,81099.69
1789935960,81075.18
1789936020,81112.49
1789936080,81135.86
1789936140,81194.1
1789936200,81155
1789936260,81129.69
1789936320,81131.21
1789936380,81123
1789936440,81107.95
1789936500,81104.48
1789936560,81106.69
1789936620,81092.25
1789936680,81079.23
1789936740,81068.06
1789936800,81115.47
1789936860,81081.69
1789936920,81112.49
1789936980,81126.14
1789937040,81117.06
1789937100,81120.74
1789937160,81131.41
1789937220,81204.04
1789937280,81091.51
1789937340,81120.75
1789937400,81128.57
1789937460,81107.8
1789937520,81091.51
1789937580,81066.26
1789937640,81066.73
1789937700,81059.43
1789937760,81058.23
1789937820,81080.01
1789937880,81073.17
1789937940,81065.82
1789938000,81073.47
1789938060,81062.71
1789938120,80987.83
1789938180,80854.63
1789938240,80826.89
1789938300,80864.89
1789938360,80917.48
1789938420,80940.59
1789938480,80935.73
1789938540,80881.6
1789938600,80834.47
1789938660,80692.5
1789938720,80614.25
1789938780,80693.88
1789938840,80697.33
1789938900,80753.32
1789938960,80784.18
1789939020,80819.5
1789939080,80835.92
1789939140,80867.39
1789939200,80891.98
1789939260,80834.04
1789939320,80798.68
1789939380,80799.3
1789939440,80814.9
1789939500,80779.52
1789939560,80838.89
1789939620,80820.01
1789939680,80842.52
1789939740,80848.2
1789939800,80860.55
1789939860,80902.49
1789939920,80895.28
1789939980,80918.92
1789940040,80898.07
1789940100,80892.9
1789940160,80892.23
1789940220,80869.99
1789940280,80896.3
1789940340,80906.24
1789940400,80898.04
1789940460,80881.48
1789940520,80845.57
1789940580,80827.98
1789940640,80804.84
1789940700,80775.07
1789940760,80842.93
1789940820,80859.23
1789940880,80857.62
1789940940,80910.44
1789941000,80889.99
1789941060,80884.47
1789941120,80931.1
1789941180,80875.15
1789941240,80878.14
1789941300,80924.53
1789941360,80856.67
1789941420,80882.75
1789941480,80897.45
1789941540,80914.42
1789941600,80920.28
1789941660,80967.73
1789941720,80785.02
1789941780,80898.38
1789941840,80905.55
1789941900,80894.81
1789941960,80910.82
1789942020,80919.94
1789942080,81017.76
1789942140,81048.54
1789942200,81166.08
1789942260,81166.25
1789942320,81198.97
1789942380,81211.75
1789942440,81267.91
1789942500,81274.99
1789942560,81145.61
1789942620,81165.84
1789942680,81129.03
1789942740,81142.2
1789942800,81123.01
1789942860,81088.5
1789942920,81053.38
1789942980,81116.13
1789943040,81076.28
1789943100,81102.07
1789943160,81098.43
1789943220,81097.42
1789943280,81111.34
1789943340,81108.3
1789943400,81146.73
1789943460,81136.81
1789943520,81158.02
1789943580,81136.44
1789943640,81134.61
1789943700,81136.79
1789943760,81165.42
1789943820,81160.57
1789943880,81169.22
1789943940,81198.98
1789944000,81251.29
1789944060,81158.92
1789944120,81197.65
1789944180,81165.41
1789944240,81130.1
1789944300,81085.78
1789944360,81139.98
1789944420,81134.43
1789944480,81136.3
1789944540,81159.18
1789944600,81174.44
1789944660,81225
1789944720,81251.85
1789944780,81177.09
1789944840,81183.13
1789944900,81166.84
1789944960,81196.03
1789945020,81199.86
1789945080,81182.38
1789945140,81173.26
1789945200,81196.5
1789945260,81159.53
1789945320,81167.17
1789945380,81148
1789945440,81181.23
1789945500,81118.2
1789945560,81124.44
1789945620,81119.55
1789945680,81143.99
1789945740,81153.2
1789945800,81195.17
1789945860,81192.63
1789945920,81201.52
1789945980,81227.99
1789946040,81182.55
1789946100,81128.67
1789946160,81125.83
1789946220,81147.48
1789946280,81195.08
1789946340,81184.3
1789946400,81234.99
1789946460,81232.49
1789946520,81242.18
1789946580,81246.14
1789946640,81236.33
1789946700,81287.27
1789946760,81232.52
1789946820,81206.67
1789946880,81200.51
1789946940,81157.15
1789947000,81138.08
1789947060,81126.05
1789947120,81135.74
1789947180,81140.3
1789947240,81151.39
1789947300,81123
1789947360,81135.27
1789947420,81154.49
1789947480,81156.22
1789947540,81269.99
1789947600,81207
1789947660,81160.53
1789947720,81233.23
1789947780,81232.11
1789947840,81248.99
1789947900,81242.44
1789947960,81238.62
1789948020,81175.01
1789948080,81190.02
1789948140,81232.4
1789948200,81250.98
1789948260,81259.5
1789948320,81219.6
1789948380,81227.11
1789948440,81187.66
1789948500,81171.17
1789948560,81160.58
1789948620,81167.46
1789948680,81150.41
1789948740,81129.31
1789948800,81159.64
1789948860,81177.86
1789948920,81316.64
1789948980,81301.17
1789949040,81272.45
1789949100,81364.49
1789949160,81420.99
1789949220,81503.68
1789949280,81452.07
1789949340,81585.02
1789949400,81479.57
1789949460,81479.23
1789949520,81472.93
1789949580,81639.02
1789949640,81581.8
1789949700,81650
1789949760,81653.83
1789949820,81532.5
1789949880,81562.84
1789949940,81673.07
1789950000,81755.19
1789950060,81773.33
1789950120,81779.1
1789950180,81752.92
1789950240,81713.3
1789950300,81737.54
1789950360,81731.08
1789950420,81766.49
1789950480,81768.54
1789950540,81735.86
1789950600,81722.37
1789950660,81721.17
1789950720,81744.5
1789950780,81715.21
1789950840,81674.69
1789950900,81619.57
1789950960,81650.54
1789951020,81694.1
1789951080,81740
1789951140,81658.51
1789951200,81655.49
1789951260,81632.92
1789951320,81562.97
1789951380,81542.99
1789951440,81525.83
1789951500,81679.49
1789951560,81747.67
1789951620,81811.32
1789951680,81802.92
1789951740,81720.91
1789951800,81650.11
1789951860,81603.43
1789951920,81689.99
1789951980,81674.67
1789952040,81606.02
1789952100,81658.5
1789952160,81666.84
1789952220,81626.99
1789952280,81601.34
1789952340,81602.39
1789952400,81590.55
1789952460,81586.26
1789952520,81528.16
1789952580,81549.99
1789952640,81552.48
1789952700,81599.8
1789952760,81635.42
1789952820,81665.63
1789952880,81696.82
1789952940,81715.64
1789953000,81752.99
1789953060,81780.9
1789953120,81767.59
1789953180,81783.95
1789953240,81777.6
1789953300,81779.16
1789953360,81754.99
1789953420,81742.7
1789953480,81700.97
1789953540,81687.13
1789953600,81805.49
1789953660,81821.86
1789953720,81873.45
1789953780,81963.01
1789953840,81904.62
1789953900,81815.05
1789953960,81888.4
1789954020,81543
1789954080,81516.24
1789954140,81563.96
1789954200,81578.87
1789954260,81637.82
1789954320,81510
1789954380,81350.29
1789954440,81462.06
1789954500,81336.73
1789954560,81379.35
1789954620,81354.94
1789954680,81363.83
1789954740,81381.32
1789954800,81398.86
1789954860,81414.99
1789954920,81414.58
1789954980,81437.49
1789955040,81436.35
1789955100,81444.67
1789955160,81448.5
1789955220,81369.47
1789955280,81353.99
1789955340,81325.12
1789955400,81248.66
1789955460,81123.24
1789955520,80996.96
1789955580,80979.07
1789955640,80979.43
1789955700,80919.58
1789955760,80941.56
1789955820,80966.36
1789955880,81020.74
1789955940,81037.74
1789956000,80973.46
1789956060,80965.5
1789956120,81023.93
1789956180,81215.14
1789956240,81220.33
1789956300,81221.68
1789956360,81210.24
1789956420,81194.25
1789956480,81196.5
1789956540,81239.95
1789956600,81259.92
1789956660,81262.76
1789956720,81280.5
1789956780,81323.7
1789956840,81317.33
1789956900,81351.48
1789956960,81309.62
1789957020,81349.99
1789957080,81341.4
1789957140,81315.9
1789957200,81436.56
1789957260,81438.47
1789957320,81433.14
1789957380,81447.55
1789957440,81490.5
1789957500,81446.37
1789957560,81462.93
1789957620,81485.59
1789957680,81422.85
1789957740,81423.14
1789957800,81405.24
1789957860,81372.49
1789957920,81243.26
1789957980,81196.5
1789958040,81206.99
1789958100,81150
1789958160,81189.82
1789958220,81233.63
1789958280,81236.63
1789958340,81255.03
1789958400,81287.39
1789958460,81280.46
1789958520,81249
1789958580,81232.28
1789958640,81251.71
1789958700,81233.24
1789958760,81288.17
1789958820,81267.7
1789958880,81199.42
1789958940,81210.59
1789959000,81232.04
1789959060,81237.97
1789959120,81223.11
1789959180,81266.72
1789959240,81275.29
1789959300,81311.77
1789959360,81330.55
1789959420,81360.38
1789959480,81299.99
1789959540,81296.2
1789959600,81299.86
1789959660,81322.5
1789959720,81292.67
1789959780,81374.03
1789959840,81425.73
1789959900,81416.7
1789959960,81431.15
1789960020,81366.2
1789960080,81350.67
1789960140,81340.06
1789960200,81316.62
1789960260,81306.91
1789960320,81279.12
1789960380,81249
1789960440,81241.87
1789960500,81304.99
1789960560,81339.45
1789960620,81383.82
1789960680,81359.81
1789960740,81389.96
1789960800,81389.64
1789960860,81349.15
1789960920,81385.47
1789960980,81410.31
1789961040,81424.28
1789961100,81396
1789961160,81441
1789961220,81478.78
1789961280,81391.94
1789961340,81384.99
1789961400,81425.8
1789961460,81475.32
1789961520,81533.51
1789961580,81490.5
1789961640,81496.81
1789961700,81514.52
1789961760,81470
1789961820,81465.9
1789961880,81468.03
1789961940,81466.37
1789962000,81440.73
1789962060,81464.78
1789962120,81442.62
1789962180,81452.01
1789962240,81441.63
1789962300,81457.63
1789962360,81480.69
1789962420,81441.51
1789962480,81458.98
1789962540,81485.99
1789962600,81469.79
1789962660,81406.5
1789962720,81384.2
1789962780,81411.01
1789962840,81373.53
1789962900,81354.77
1789962960,81374.99
1789963020,81415.98
1789963080,81392.76
1789963140,81400.03
1789963200,81411.5
1789963260,81414.17
1789963320,81443.99
1789963380,81437.07
1789963440,81370.29
1789963500,81358.99
1789963560,81322.74
1789963620,81284.1
1789963680,81301.49
1789963740,81325.78
1789963800,81313.71
1789963860,81316.52
1789963920,81268.28
1789963980,81259.5
1789964040,81265.79
1789964100,81260.43
1789964160,81303.03
1789964220,81306.34
1789964280,81311.94
1789964340,81264
1789964400,81250
1789964460,81245
1789964520,81271.65
1789964580,81280.5
1789964640,81267.26
1789964700,81236.48
1789964760,81235.57
1789964820,81230.43
1789964880,81255.06
1789964940,81285.84
1789965000,81282.11
1789965060,81227.21
1789965120,81211.49
1789965180,81236.93
1789965240,81258.59
1789965300,81311.76
1789965360,81310.46
1789965420,81325.79
1789965480,81330.7
1789965540,81341.21
1789965600,81346.75
1789965660,81366.42
1789965720,81373.75
1789965780,81380.83
1789965840,81372.1
1789965900,81399.61
1789965960,81390.39
1789966020,81406
1789966080,81422.99
1789966140,81446.56
1789966200,81469.66
1789966260,81480.96
1789966320,81450
1789966380,81425.87
1789966440,81421.59
1789966500,81406.5
1789966560,81368.92
1789966620,81427.49
1789966680,81424.41
1789966740,81367.56
1789966800,81370.64
1789966860,81354.52
1789966920,81374.4
1789966980,81395.99
1789967040,81356.02
1789967100,81345.75
1789967160,81353.08
1789967220,81325.01
1789967280,81316.21
1789967340,81295.92
1789967400,81293.37
1789967460,81311.99
1789967520,81302.07
1789967580,81319.56
1789967640,81309.96
1789967700,81315.58
1789967760,81330.95
1789967820,81354.07
1789967880,81342.29
1789967940,81381.37
1789968000,81394.5
1789968060,81385.94
1789968120,81386.85
1789968180,81468.24
1789968240,81499.38
1789968300,81507.03
1789968360,81577.6
1789968420,81581.09
1789968480,81585
1789968540,81610.2
1789968600,81556.17
1789968660,81658.49
1789968720,81676.29
1789968780,81654.58
1789968840,81768.91
1789968900,81750.36
1789968960,81723.07
1789969020,81679.81
1789969080,81629.74
1789969140,81687.7
1789969200,81640.01
1789969260,81640.65
1789969320,81609.06
1789969380,81598.69
1789969440,81610.53
1789969500,81603.7
1789969560,81611.6
1789969620,81668.3
1789969680,81573.4
1789969740,81522
1789969800,81554.52
1789969860,81563.27
1789969920,81535.79
1789969980,81545.09
1789970040,81579.96
1789970100,81553.5
1789970160,81517.16
1789970220,81522.26
1789970280,81509.39
1789970340,81513.48
1789970400,81541.94
1789970460,81585.7
1789970520,81581.12
1789970580,81618.63
1789970640,81585.11
1789970700,81639
1789970760,81626.63
1789970820,81619.92
1789970880,81567.84
1789970940,81599.79
1789971000,81604.04
1789971060,81597.5
1789971120,81632.7
1789971180,81653.99
1789971240,81620.77
1789971300,81647.98
1789971360,81699.99
1789971420,81678.51
1789971480,81738.42
1789971540,81766.22
1789971600,81785.49
1789971660,81755.01
1789971720,81759.61
1789971780,81749.45
1789971840,81795
1789971900,81816.02
1789971960,81778
1789972020,81765.01
1789972080,81845.92
1789972140,81793.5
1789972200,81795.29
1789972260,81774
1789972320,81803.64
1789972380,81775.22
1789972440,81797.79
1789972500,81807.11
1789972560,81774
1789972620,81676.99
1789972680,81640.51
1789972740,81614.59
1789972800,81611.74
1789972860,81574.5
1789972920,81565.23
1789972980,81550.95
1789973040,81518
1789973100,81386.37
1789973160,81529.64
1789973220,81685.68
1789973280,81688.96
1789973340,81699.22
1789973400,81705.25
1789973460,81662.44
1789973520,81650.52
1789973580,81611.18
1789973640,81578.73
1789973700,81614.27
1789973760,81594.01
1789973820,81606
1789973880,81614.27
1789973940,81633.82
1789974000,81621.54
1789974060,81599.82
1789974120,81637.49
1789974180,81614.86
1789974240,81623.87
1789974300,81633.62
1789974360,81612.29
1789974420,81586.04
1789974480,81571.85
1789974540,81559.51
1789974600,81569.03
1789974660,81532.5
1789974720,81486.85
1789974780,81461.1
1789974840,81491
1789974900,81546.57
1789974960,81521.97
1789975020,81567.84
1789975080,81584.99
1789975140,81585.04
1789975200,81583.5
1789975260,81582.2
1789975320,81608.01
1789975380,81622.34
1789975440,81624.1
1789975500,81593.98
1789975560,81627.14
1789975620,81616.5
1789975680,81648.52
1789975740,81616.5
1789975800,81598.13
1789975860,81548.45
1789975920,81495.93
1789975980,81483.81
1789976040,81516.94
1789976100,81500.99
1789976160,81519.55
1789976220,81525.26
1789976280,81562.06
1789976340,81580.77
1789976400,81556.19
1789976460,81517.11
1789976520,81504.67
1789976580,81474.16
1789976640,81462.62
1789976700,81490.51
1789976760,81516.85
1789976820,81477.75
1789976880,81518.88
1789976940,81542.99
1789977000,81549.1
1789977060,81572.26
1789977120,81595.31
1789977180,81637.47
1789977240,81606
1789977300,81661.98
1789977360,81661.91
1789977420,81687.71
1789977480,81702.4
1789977540,81707.13
1789977600,81704.88
1789977660,81793.63
1789977720,81796.79
1789977780,81844.08
1789977840,81883.72
1789977900,81839.34
1789977960,81810.29
1789978020,81901.41
1789978080,81921
1789978140,81944.83
1789978200,81910.92
1789978260,81873.8
1789978320,81938.07
1789978380,81909.04
1789978440,81879
1789978500,81878.11
1789978560,81875.05
1789978620,81923
1789978680,81929.98
1789978740,81950.54
1789978800,81950.03
1789978860,81973.5
1789978920,82000
1789978980,82033.73
1789979040,82103.33
1789979100,82125.02
1789979160,82180.63
1789979220,82168.45
1789979280,82127.12
1789979340,82236
1789979400,82228.7
1789979460,82204.49
1789979520,82226.47
1789979580,82589.91
1789979640,82558.3
1789979700,82531.06
1789979760,82693.33
1789979820,82758.57
1789979880,82943.8
1789979940,83620.64
1789980000,83492.32
1789980060,83729.59
1789980120,83821.1
1789980180,83713.87
1789980240,83701.39
1789980300,83514.29
1789980360,83517.71
1789980420,83670.56
1789980480,83699.99
1789980540,83825
1789980600,83748
1789980660,83824.39
1789980720,83734.84
1789980780,83769
1789980840,83785
1789980900,83790.02
1789980960,83817.47
1789981020,83658.28
1789981080,83753.66
1789981140,83766.31
1789981200,83727
1789981260,83740.4
1789981320,83870.71
1789981380,83854.12
1789981440,83845.59
1789981500,83847.41
1789981560,83957.62
1789981620,83936.1
1789981680,83986.77
1789981740,83992.32
1789981800,83922.45
1789981860,83957.12
1789981920,84031.49
1789981980,83980.65
1789982040,83952.42
1789982100,83914.2
1789982160,84027.17
1789982220,84031.24
1789982280,84057.98
1789982340,84013.33
1789982400,83991.83
1789982460,84022.83
1789982520,83986.99
1789982580,83985
1789982640,83915.01
1789982700,83996.98
1789982760,84154.8
1789982820,84334.09
1789982880,84429.22
1789982940,84454.19
1789983000,84438.17
1789983060,84519.25
1789983120,84424.78
1789983180,84669.41
1789983240,84556.5
1789983300,84724.47
1789983360,84734.99
1789983420,84765
1789983480,84838.7
1789983540,85089.24
1789983600,84874.04
1789983660,84875.5
1789983720,84920.89
1789983780,84945.01
1789983840,84993.54
1789983900,85020.4
1789983960,85007.19
1789984020,84984.88
1789984080,84965.99
1789984140,84974.03
1789984200,84789.43
1789984260,84762.53
1789984320,84703.8
1789984380,84702.73
1789984440,84685.18
1789984500,84699.05
1789984560,84699.05
1789984620,84638.86
1789984680,84625.41
1789984740,84585.63
1789984800,84635.49
1789984860,84575.6
1789984920,84775.37
1789984980,84651.71
1789985040,84619.5
1789985100,84570.18
1789985160,84540.34
1789985220,84587.33
1789985280,84580.74
1789985340,84533.99
1789985400,84599.67
1789985460,84596.24
1789985520,84524.8
1789985580,84574.67
1789985640,84564.33
1789985700,84544.09
1789985760,84541.21
1789985820,84525.01
1789985880,84548.77
1789985940,84546.22
1789986000,84652.3
1789986060,84570.08
1789986120,84552.42
1789986180,84533.01
1789986240,84552.48
1789986300,84525.03
1789986360,84552.48
1789986420,84540
1789986480,84527.7
1789986540,84388
1789986600,84345.15
1789986660,84385.21
1789986720,84327.01
1789986780,84328.27
1789986840,84250.65
1789986900,84237.51
1789986960,84226.41
1789987020,84229.43
1789987080,84179.74
1789987140,84164.6
1789987200,84147
1789987260,84163.7
1789987320,84235.04
1789987380,84262.5
1789987440,84239.87
1789987500,84244.46
1789987560,84204.34
1789987620,84204.35
1789987680,84194.9
1789987740,84184.18
1789987800,84199.99
1789987860,84174.82
1789987920,84125.68
1789987980,84180.25
1789988040,84172.09
1789988100,84262.25
1789988160,84261.39
1789988220,84324.83
1789988280,84416.64
1789988340,84402.56
1789988400,84413.8
1789988460,84420.11
1789988520,84454.57
1789988580,84475.72
1789988640,84480.21
1789988700,84486.28
1789988760,84515.85
1789988820,84553.36
1789988880,84488.04
1789988940,84486.83
1789989000,84531.32
1789989060,84585.1
1789989120,84574.37
1789989180,84572.6
1789989240,84600
1789989300,84573.95
1789989360,84648.03
1789989420,84681.48
1789989480,84622.07
1789989540,84537.16
1789989600,84557.69
1789989660,84586.65
1789989720,84620.65
1789989780,84604.74
1789989840,84624.34
1789989900,84597.3
1789989960,84654.03
1789990020,84665.73
1789990080,84659.03
1789990140,84666.43
1789990200,84650.86
1789990260,84765
1789990320,84728.63
1789990380,84727.1
1789990440,84724.25
1789990500,84712.32
1789990560,84739.74
1789990620,84680.29
1789990680,84719.27
1789990740,84738.72
1789990800,84784.72
1789990860,84818.99
1789990920,84801.47
1789990980,84830.12
1789991040,84789.99
1789991100,84803.14
1789991160,84754.9
1789991220,84796.43
1789991280,84764.94
1789991340,84788.42
1789991400,84860.89
1789991460,84880.32
1789991520,84892.49
1789991580,84868.49
1789991640,84829.57
1789991700,84829.45
1789991760,84803.85
1789991820,84750
1789991880,84755.16
1789991940,84773.43
1789992000,84878.78
1789992060,84885.68
1789992120,84903.11
1789992180,84870.58
1789992240,84871.85
1789992300,84967.83
1789992360,85002.95
1789992420,85059.43
1789992480,85050.9
1789992540,85149.99
1789992600,84919.49
1789992660,84900.01
1789992720,85037.42
1789992780,85037.56
1789992840,85039.52
1789992900,84978.66
1789992960,85020.79
1789993020,85020.8
1789993080,85173.38
1789993140,85157.61
1789993200,85225.91
1789993260,85228.59
1789993320,85175.1
1789993380,85154.31
1789993440,85204.31
1789993500,85212.38
1789993560,85149.84
1789993620,85127.36
1789993680,85040.26
1789993740,85041.28
1789993800,85065
1789993860,85074.33
1789993920,85143.62
1789993980,85191.22
1789994040,85210.61
1789994100,85229.46
1789994160,85330.06
1789994220,85327.48
1789994280,85339.32
1789994340,85293.45
1789994400,85263.18
1789994460,85289.62
1789994520,85173.21
1789994580,85148.83
1789994640,85126.64
1789994700,85271.52
1789994760,85170.82
1789994820,85143.92
1789994880,85203.37
1789994940,85228.51
1789995000,85264.36
1789995060,85220.94
1789995120,85214.98
1789995180,85204.58
1789995240,85188
1789995300,85280.99
1789995360,85311.29
1789995420,85269.64
1789995480,85361.55
1789995540,85395.26
1789995600,85300
1789995660,85200
1789995720,85240.77
1789995780,85324.67
1789995840,85240
1789995900,85213.17
1789995960,85348.51
1789996020,85406.14
1789996080,85369.23
1789996140,85332.09
1789996200,85324.46
1789996260,85240.04
1789996320,85221.18
1789996380,85080.23
1789996440,85176.58
1789996500,85151.28
1789996560,85119.52
1789996620,85085.73
1789996680,85092.29
1789996740,85097.32
1789996800,85150.19
1789996860,85149.78
1789996920,85150.02
1789996980,85128.76
1789997040,85076.78
1789997100,85054.07
1789997160,85066.34
1789997220,85022.31
1789997280,85017.11
1789997340,84966.7
1789997400,84914.35
1789997460,85025.37
1789997520,84990.49
1789997580,85030.1
1789997640,85007.42
1789997700,85148.36
1789997760,85186.49
1789997820,84984.28
1789997880,84892.5
1789997940,84921.74
1789998000,85056
1789998060,85044.01
1789998120,84987.77
1789998180,85018.7
1789998240,85087.51
1789998300,85057.41
1789998360,85228.49
1789998420,85344.42
1789998480,85416.84
1789998540,85360
1789998600,85421.73
1789998660,85659.77
1789998720,85711.5
1789998780,85690.51
1789998840,85441
1789998900,85389.38
1789998960,85417.32
1789999020,85595.99
1789999080,85571.5
1789999140,85457.07
1789999200,85443.42
1789999260,85435.37
1789999320,85460.19
1789999380,85474.45
1789999440,85317.07
1789999500,85268.82
1789999560,85062.65
1789999620,85156.03
1789999680,85095.38
1789999740,85172.39
1789999800,85226.05
1789999860,85286.47
1789999920,85342.97
1789999980,85233.79
1790000040,85236.79
1790000100,85296.47
1790000160,85332.22
1790000220,85418.73
1790000280,85384.41
1790000340,85351.74
1790000400,85398.72
1790000460,85326.13
1790000520,85412.45
1790000580,85614.61
1790000640,85704.01
1790000700,85694.51
1790000760,85672.54
1790000820,85674.75
1790000880,85747.64
1790000940,85701.46
1790001000,85705.4
1790001060,85610.16
1790001120,85695.86
1790001180,85783.33
1790001240,85921.36
1790001300,85991.17
1790001360,85952.93
1790001420,85967.95
1790001480,85970.72
1790001540,85883.38
1790001600,85810.46
1790001660,85644.16
1790001720,85847
1790001780,85801.89
1790001840,85739.69
1790001900,85785.17
1790001960,85703.67
1790002020,85756.32
1790002080,85897.17
1790002140,85890.08
1790002200,85977.56
1790002260,86036.89
1790002320,86013.74
1790002380,86113.78
1790002440,85982.26
1790002500,86062.45
1790002560,86021.25
1790002620,85952.38
1790002680,85845.15
1790002740,85803.17
1790002800,85832.71
1790002860,85894.05
1790002920,85941.48
1790002980,85987.01
1790003040,85953.07
1790003100,85993.08
1790003160,86029.52
1790003220,85985.37
1790003280,86188.98
1790003340,86252.69
1790003400,86307.22
1790003460,86142.94
1790003520,86124.09
1790003580,86283.8
1790003640,86222.5
1790003700,86287.33
1790003760,86179.44
1790003820,86133.4
1790003880,86192.4
1790003940,86190.2
1790004000,86132.51
1790004060,86075.71
1790004120,86000.83
1790004180,85994.99
1790004240,85975.9
1790004300,85877.59
1790004360,85915.45
1790004420,85855.31
1790004480,85861.19
1790004540,85817.43
1790004600,85851.24
1790004660,85866.26
1790004720,85817.65
1790004780,85875.63
1790004840,85888.01
1790004900,85875.66
1790004960,85838.6
1790005020,85879.5
1790005080,85836.86
1790005140,85940.34
1790005200,85983.31
1790005260,85895.28
1790005320,85881.95
1790005380,85938.43
1790005440,86001.7
1790005500,86131.5
1790005560,86060.18
1790005620,86095.56
1790005680,86134.67
1790005740,86134.29
1790005800,86080.49
1790005860,86142.99
1790005920,86059.62
1790005980,86076.61
1790006040,86040.47
1790006100,85968.22
1790006160,86016.45
1790006220,86041.59
1790006280,85961.27
1790006340,85957.24
1790006400,85933.17
1790006460,85923.19
1790006520,85913.86
1790006580,85914.6
1790006640,85871.06
1790006700,85777.38
1790006760,85731.52
1790006820,85733.02
1790006880,85725
1790006940,85726.12
1790007000,85748.46
1790007060,85832.92
1790007120,85748.76
1790007180,85721.01
1790007240,85722.86
1790007300,85731.53
1790007360,85917.12
1790007420,85908.24
1790007480,85790.89
1790007540,85771.33
1790007600,85824.89
1790007660,85781.14
1790007720,85846.79
1790007780,85859
1790007840,85846.28
1790007900,85843.95
1790007960,85813.2
1790008020,85826.66
1790008080,85942.5
1790008140,85878.83
1790008200,85855.09
1790008260,85933.53
1790008320,85939.7
1790008380,85893.63
1790008440,85839.8
1790008500,85744.03
1790008560,85793.54
1790008620,85765.06
1790008680,85756.77
1790008740,85684.77
1790008800,85636.47
1790008860,85699.99
1790008920,85748.49
1790008980,85802.71
1790009040,85835.61
1790009100,85869.85
1790009160,85899.43
1790009220,85947.36
1790009280,85988.99
1790009340,86001.8
1790009400,86019.85
1790009460,86007.1
1790009520,85941.35
1790009580,85943.14
1790009640,85984.48
1790009700,86030.04
1790009760,86095.71
1790009820,86029.05
1790009880,86041.01
1790009940,85996.78
1790010000,85967.88
1790010060,85995.01
1790010120,85980.66
1790010180,85968.62
1790010240,85966.76
1790010300,85911.51
1790010360,85980.24
1790010420,86048.17
1790010480,86086.52
1790010540,86117.6
1790010600,86051.66
1790010660,86050.03
1790010720,86062.57
1790010780,86037
1790010840,85978.55
1790010900,85963.5
1790010960,85964.26
1790011020,85872.18
1790011080,85762.39
1790011140,85775.74
1790011200,85799
1790011260,85810.25
1790011320,85824.47
1790011380,85782.72
1790011440,85900.49
1790011500,85869.72
1790011560,85888.87
1790011620,85881.6
1790011680,85908.43
1790011740,85884.29
1790011800,85884.7
1790011860,85894.64
1790011920,85872.48
1790011980,85934.19
1790012040,85897.23
1790012100,85859.87
1790012160,85850
1790012220,85893.03
1790012280,85936.47
1790012340,85935.37
1790012400,85905.9
1790012460,85906.38
1790012520,85949.14
1790012580,85923.84
1790012640,85937.02
1790012700,85900.97
1790012760,85829.44
1790012820,85850.2
1790012880,85852.59
1790012940,85862.33
1790013000,85828.06
1790013060,85830.69
1790013120,85815.34
1790013180,85848
1790013240,85737.5
1790013300,85709.87
1790013360,85730.53
1790013420,85791.52
1790013480,85865.23
1790013540,85893.63
1790013600,85902.12
1790013660,85846
1790013720,85906.95
1790013780,85850.6
1790013840,85926.47
1790013900,85971.95
1790013960,85989.25
1790014020,85999.83
1790014080,85971.05
1790014140,85912.1
1790014200,85954.6
1790014260,85956.06
1790014320,86010.42
1790014380,85975.43
1790014440,86013.49
1790014500,86003.19
1790014560,86068.31
1790014620,86030.57
1790014680,86021.07
1790014740,86041.04
1790014800,86053.23
1790014860,86023.73
1790014920,86044.25
1790014980,86031.96
1790015040,86007.72
1790015100,85945.45
1790015160,85942.22
1790015220,85944.19
1790015280,85973.32
1790015340,85916.37
1790015400,85934.71
1790015460,85936.99
1790015520,85929.38
1790015580,85945.9
1790015640,85920.65
1790015700,85918.49
1790015760,85911.01
1790015820,85945.4
1790015880,85873.66
1790015940,85896.03
1790016000,85965.59
1790016060,85938.11
1790016120,85940.55
1790016180,85981.49
1790016240,85997.66
1790016300,85938
1790016360,85961.82
1790016420,85906.63
1790016480,85974.11
1790016540,85965.64
1790016600,85995.71
1790016660,85977.44
1790016720,85999.68
1790016780,86003.92
1790016840,86060.06
1790016900,86052.64
1790016960,86062.26
1790017020,86051.52
1790017080,86060.43
1790017140,86066.11
1790017200,86071.78
1790017260,86078.59
1790017320,86078.99
1790017380,86059.14
1790017440,86016.01
1790017500,86000.01
1790017560,86000
1790017620,86039.46
1790017680,86037
1790017740,86043.97
1790017800,86017.8
1790017860,85988.02
1790017920,86049.68
1790017980,86042.79
1790018040,86057.98
1790018100,86051.82
1790018160,86054.97
1790018220,86121.19
1790018280,86193.66
1790018340,86233.38
1790018400,86320.5
1790018460,86351.65
1790018520,86398.32
1790018580,86297.82
1790018640,86230.21
1790018700,86250.68
1790018760,86264.98
1790018820,86266.75
1790018880,86317.72
1790018940,86298.57
1790019000,86375.84
1790019060,86340.72
1790019120,86404.32
1790019180,86450.83
1790019240,86604.7
1790019300,86838.39
1790019360,86688.87
1790019420,86704.78
1790019480,86589.68
1790019540,86586.92
1790019600,86599.78
1790019660,86624.73
1790019720,86516.75
1790019780,86509.51
1790019840,86507.51
1790019900,86573.81
1790019960,86595.07
1790020020,86506.29
1790020080,86505.44
1790020140,86520.5
1790020200,86531.7
1790020260,86551.83
1790020320,86525.99
1790020380,86495.75
1790020440,86506.56
1790020500,86509.49
1790020560,86633.38
1790020620,86641.93
1790020680,86651.76
1790020740,86605.51
1790020800,86494.97
1790020860,86562.31
1790020920,86674.16
1790020980,86665.67
1790021040,86679.95
1790021100,86660.22
1790021160,86618.58
1790021220,86658.21
1790021280,86709
1790021340,86744.47
1790021400,86703.71
1790021460,86739.9
1790021520,86804.02
1790021580,86763.22
1790021640,86777.62
1790021700,86744.19
1790021760,86730.46
1790021820,86728.32
1790021880,86762.13
1790021940,86962.63
1790022000,86989.68
1790022060,86913.25
1790022120,86992.5
1790022180,86919.09
1790022240,86974.67
1790022300,86976.66
1790022360,86874.27
1790022420,87336.17
1790022480,87281.51
1790022540,87326.17
1790022600,87265.5
1790022660,87031.87
1790022720,87050.98
1790022780,87137.89
1790022840,87026.86
1790022900,87015.33
1790022960,87000.01
1790023020,87042.81
1790023080,87038.96
1790023140,87021.81
1790023200,86930.32
1790023260,86906.09
1790023320,86905.89
1790023380,86935.19
1790023440,86988.12
1790023500,86948.21
1790023560,86919.21
1790023620,86919.2
1790023680,86900
1790023740,86888.11
1790023800,86856.01
1790023860,86897.05
1790023920,86992.53
1790023980,87004.13
1790024040,86973.62
1790024100,86931.29
1790024160,86960.44
1790024220,86955.03
1790024280,87034.49
1790024340,86940.46
1790024400,86980.02
1790024460,86923.41
1790024520,86845.49
1790024580,86802.64
1790024640,86766.01
1790024700,86725.5
1790024760,86729.64
1790024820,86700.82
1790024880,86649.17
1790024940,86659.49
1790025000,86619.07
1790025060,86641.92
1790025120,86620
1790025180,86639.58
1790025240,86584.19
1790025300,86573.65
1790025360,86616.43
1790025420,86639.69
1790025480,86603.09
1790025540,86642.95
1790025600,86584.19
1790025660,86534.25
1790025720,86653.85
1790025780,86607.37
1790025840,86624.86
1790025900,86671.15
1790025960,86644.75
1790026020,86631.04
1790026080,86590.8
1790026140,86632.85
1790026200,86608.24
1790026260,86653.41
1790026320,86675.71
1790026380,86708.99
1790026440,86754.04
1790026500,86816.33
1790026560,86822.91
1790026620,86755.9
1790026680,86793.19
1790026740,86775.26
1790026800,86790.7
1790026860,86759.77
1790026920,86794.21
1790026980,86833.43
1790027040,86782
1790027100,86759.76
1790027160,86736.12
1790027220,86694.3
1790027280,86696.4
1790027340,86682.05
1790027400,86634.66
1790027460,86626.24
1790027520,86616.18
1790027580,86567.72
1790027640,86577.3
1790027700,86576.13
1790027760,86570.94
1790027820,86602.95
1790027880,86610.61
1790027940,86602.05
1790028000,86557.3
1790028060,86567.58
1790028120,86582.99
1790028180,86656.49
1790028240,86639.86
1790028300,86677.49
1790028360,86596.05
1790028420,86591.14
1790028480,86550.33
1790028540,86582.99
1790028600,86543.7
1790028660,86541.62
1790028720,86580.08
1790028780,86565.07
1790028840,86612.28
1790028900,86595.81
1790028960,86637.56
1790029020,86657.1
1790029080,86716.66
1790029140,86685.07
1790029200,86660.05
1790029260,86614.5
1790029320,86603.27
1790029380,86562.48
1790029440,86525.65
1790029500,86506.61
1790029560,86529.3
1790029620,86463.52
1790029680,86461.33
1790029740,86344.05
1790029800,86395.77
1790029860,86435.99
1790029920,86393.98
1790029980,86388.04
1790030040,86412.16
1790030100,86529.31
1790030160,86457.01
1790030220,86490.61
1790030280,86582.32
1790030340,86504.01
1790030400,86473.9
1790030460,86481
1790030520,86436
1790030580,86416.11
1790030640,86398.21
1790030700,86400.92
1790030760,86369.25
1790030820,86356.8
1790030880,86337.81
1790030940,86310.37
1790031000,86298.6
1790031060,86346.8
1790031120,86277.76
1790031180,86367.32
1790031240,86331.01
1790031300,86370.47
1790031360,86377.58
1790031420,86381.76
1790031480,86352
1790031540,86398.28
1790031600,86423.13
1790031660,86425.7
1790031720,86431.47
1790031780,86484.87
1790031840,86525.43
1790031900,86542.78
1790031960,86530.5
1790032020,86560.84
1790032080,86579.92
1790032140,86575.14
1790032200,86527.9
1790032260,86602.16
1790032320,86623.69
1790032380,86647.3
1790032440,86668.28
1790032500,86622.17
1790032560,86635.5
1790032620,86584.21
1790032680,86584.21
1790032740,86572.5
1790032800,86562.26
1790032860,86546.44
1790032920,86544.22
1790032980,86534.39
1790033040,86514.63
1790033100,86522.89
1790033160,86490.05
1790033220,86494.59
1790033280,86478.06
1790033340,86470.99
1790033400,86468.17
1790033460,86454.84
1790033520,86419.07
1790033580,86438.38
1790033640,86390.77
1790033700,86397.91
1790033760,86336.72
1790033820,86392.32
1790033880,86397.98
1790033940,86405
1790034000,86420.74
1790034060,86459.08
1790034120,86464.01
1790034180,86510.68
1790034240,86493.99
1790034300,86445.08
1790034360,86437.46
1790034420,86467.12
1790034480,86425.5
1790034540,86442.63
1790034600,86476.27
1790034660,86473.59
1790034720,86512.03
1790034780,86534.91
1790034840,86502.49
1790034900,86554.27
1790034960,86574.49
1790035020,86563.39
1790035080,86571.47
1790035140,86613.66
1790035200,86594.94
1790035260,86548.42
1790035320,86517.32
1790035380,86461.92
1790035440,86415.04
1790035500,86389.28
1790035560,86457.01
1790035620,86344.22
1790035680,86304.99
1790035740,86328.28
1790035800,86311.01
1790035860,86354.01
1790035920,86373.7
1790035980,86406.18
1790036040,86415.65
1790036100,86451.84
1790036160,86478.75
1790036220,86440.22
1790036280,86383.49
1790036340,86372.99
1790036400,86443.72
1790036460,86362.5
1790036520,86392.56
1790036580,86444.52
1790036640,86374.44
1790036700,86352
1790036760,86376.52
1790036820,86326.11
1790036880,86388.87
1790036940,86388.35
1790037000,86383.47
1790037060,86481.94
1790037120,86412.36
1790037180,86459.96
1790037240,86469.98
1790037300,86451.28
1790037360,86406.56
1790037420,86371.2
1790037480,86310.15
1790037540,86292.33
1790037600,86251.36
1790037660,86154.75
1790037720,86259.65
1790037780,86262.55
1790037840,86288.58
1790037900,86335
1790037960,86304.37
1790038020,86231.52
1790038080,86231.36
1790038140,86278.49
1790038200,86214.27
1790038260,86140.7
1790038320,86162.99
1790038380,86113.93
1790038440,86095.25
1790038500,86136.45
1790038560,85917.61
1790038620,85934.68
1790038680,85919.5
1790038740,85881.12
1790038800,85876.06
1790038860,85872.01
1790038920,85886.64
1790038980,85767.78
1790039040,85682.55
1790039100,85666.26
1790039160,85690.5
1790039220,85811.47
1790039280,85776.96
1790039340,85847.99
1790039400,85888.98
1790039460,85861.2
1790039520,85811.89
1790039580,85819.78
1790039640,85755.99
1790039700,85758.31
1790039760,85852.37
1790039820,85709.49
1790039880,85663.46
1790039940,85440.83
1790040000,85561.01
1790040060,85579.58
1790040120,85599.48
1790040180,85570.79
1790040240,85587.2
1790040300,85659.75
1790040360,85582.63
1790040420,85637.7
1790040480,85655.55
1790040540,85661.99
1790040600,85753.63
1790040660,85711.1
1790040720,85762.05
1790040780,85756.67
1790040840,85786.81
1790040900,85797.34
1790040960,85774.35
1790041020,85803.43
1790041080,85714.55
1790041140,85651.34
1790041200,85644.9
1790041260,85708.85
1790041320,85669.45
1790041380,85697.42
1790041440,85647.44
1790041500,85660.01
1790041560,85680
1790041620,85647.6
1790041680,85645.34
1790041740,85623.01
1790041800,85571.82
1790041860,85539.59
1790041920,85640.86
1790041980,85640.86
1790042040,85613.03
1790042100,85621.76
1790042160,85646.32
1790042220,85598.94
1790042280,85567.02
1790042340,85549.87
1790042400,85598.67
1790042460,85570.5
1790042520,85488.87
1790042580,85577.13
1790042640,85522.5
1790042700,85512.46
1790042760,85502.74
1790042820,85604.36
1790042880,85630.79
1790042940,85626.26
1790043000,85550.02
1790043060,85480.54
1790043120,85468.71
1790043180,85442.87
1790043240,85532.12
1790043300,85585.5
1790043360,85625.35
1790043420,85643.63
1790043480,85555
1790043540,85580.17
1790043600,85584.74
1790043660,85552.56
1790043720,85520.48
1790043780,85646.2
1790043840,85617
1790043900,85633.09
1790043960,85685.56
1790044020,85719.2
1790044080,85756.45
1790044140,85782.52
1790044200,85723.35
1790044260,85690.71
1790044320,85660.5
1790044380,85641.28
1790044440,85685.99
1790044500,85705.42
1790044560,85727.09
1790044620,85774.49
1790044680,85794.88
1790044740,85791.59
1790044800,85764.62
1790044860,85769.63
1790044920,85783.56
1790044980,85795.72
1790045040,85795.01
1790045100,85795.3
1790045160,85768.58
1790045220,85783.13
1790045280,85787.04
1790045340,85855.44
1790045400,85789.68
1790045460,85733.04
1790045520,85698.89
1790045580,85672.41
1790045640,85666.28
1790045700,85682
1790045760,85658.98
1790045820,85718.59
1790045880,85708.71
1790045940,85747.57
1790046000,85700
1790046060,85741.13
1790046120,85614.31
1790046180,85692.92
1790046240,85700.56
1790046300,85711.01
1790046360,85670.48
1790046420,85655.88
1790046480,85579.85
1790046540,85658.76
1790046600,85574.85
1790046660,85523.96
1790046720,85526.06
1790046780,85464.98
1790046840,85502.77
1790046900,85527.28
1790046960,85569.13
1790047020,85420.88
1790047080,85429.51
1790047140,85505.59
1790047200,85481.4
1790047260,85388.99
1790047320,85428.45
1790047380,85348.3
1790047440,85380.65
1790047500,85382.91
1790047560,85461.65
1790047620,85523.9
1790047680,85592.57
1790047740,85602.93
1790047800,85590.6
1790047860,85531.75
1790047920,85481.88
1790047980,85504.52
1790048040,85507.65
1790048100,85532.75
1790048160,85538.91
1790048220,85514.75
1790048280,85490.98
1790048340,85496.46
1790048400,85459.26
1790048460,85401.83
1790048520,85454.45
1790048580,85449.36
1790048640,85463.45
1790048700,85473.98
1790048760,85497.26
1790048820,85485.11
1790048880,85497.28
1790048940,85472.79
1790049000,85541.02
1790049060,85519.34
1790049120,85505.59
1790049180,85472.56
1790049240,85496.06
1790049300,85498.08
1790049360,85555
1790049420,85558.41
1790049480,85594.16
1790049540,85609.45
1790049600,85667.84
1790049660,85658.83
1790049720,85643.73
1790049780,85643.73
1790049840,85648.5
1790049900,85687.09
1790049960,85646.18
1790050020,85683.28
1790050080,85661.41
1790050140,85611.12
1790050200,85602.39
1790050260,85652.2
1790050320,85651.1
1790050380,85647.12
1790050440,85627.5
1790050500,85608.35
1790050560,85602.37
1790050620,85555.77
1790050680,85509.29
1790050740,85515.98
1790050800,85510.08
1790050860,85524.53
1790050920,85547.62
1790050980,85539.45
1790051040,85531.8
1790051100,85551.18
1790051160,85520.12
1790051220,85573.48
1790051280,85539.79
1790051340,85556.08
1790051400,85543.51
1790051460,85550.65
1790051520,85513
1790051580,85505.44
1790051640,85470.4
1790051700,85454.41
1790051760,85480.49
1790051820,85449.37
1790051880,85556.57
1790051940,85552.65
1790052000,85556.51
1790052060,85541.17
1790052120,85595.08
1790052180,85543.51
1790052240,85552.42
1790052300,85500
1790052360,85493.55
1790052420,85470.01
1790052480,85472.87
1790052540,85440.03
1790052600,85478.74
1790052660,85429.11
1790052720,85478.78
1790052780,85509.97
1790052840,85502.76
1790052900,85495.95
1790052960,85449
1790053020,85440.15
1790053080,85426.9
1790053140,85402.5
1790053200,85439.56
1790053260,85417.63
1790053320,85417.35
1790053380,85400.55
1790053440,85396.24
1790053500,85391.49
1790053560,85413.54
1790053620,85452.77
1790053680,85458.12
1790053740,85488.12
1790053800,85460.38
1790053860,85462.49
1790053920,85430.96
1790053980,85375.5
1790054040,85396.49
1790054100,85396.46
1790054160,85343.76
1790054220,85349.37
1790054280,85312.49
1790054340,85225.08
1790054400,85210.64
1790054460,85250.69
1790054520,85277.71
1790054580,85310.03
1790054640,85322.99
1790054700,85228.77
1790054760,85141.19
1790054820,85208.76
1790054880,85144.5
1790054940,85176
1790055000,85191.26
1790055060,85154.99
1790055120,85109.01
1790055180,85093.66
1790055240,85149.05
1790055300,85176.24
1790055360,85132.77
1790055420,85165.72
1790055480,85258.3
1790055540,85299.99
1790055600,85327.09
1790055660,85348.98
1790055720,85365.47
1790055780,85374.93
1790055840,85399.94
1790055900,85412.83
1790055960,85464.79
1790056020,85505
1790056080,85529.01
1790056140,85529.37
1790056200,85524.32
1790056260,85480.5
1790056320,85535.63
1790056380,85566.99
1790056440,85558.81
1790056500,85509.67
1790056560,85495
1790056620,85485.01
1790056680,85500.13
1790056740,85418.87
1790056800,85398.69
1790056860,85449.05
1790056920,85425.48
1790056980,85384.19
1790057040,85372.27
1790057100,85312.02
1790057160,85346.2
1790057220,85327.99
1790057280,85300.1
1790057340,85364.98
1790057400,85312.5
1790057460,85298.41
1790057520,85288.6
1790057580,85264.12
1790057640,85245.94
1790057700,85345.02
1790057760,85302
1790057820,85270.51
1790057880,85312.49
1790057940,85285.81
1790058000,85237.6
1790058060,85256.11
1790058120,85264.33
1790058180,85244.1
1790058240,85253.86
1790058300,85252.11
1790058360,85270
1790058420,85307.98
1790058480,85291.5
1790058540,85291.5
1790058600,85357.85
1790058660,85344.24
1790058720,85448.01
1790058780,85454.24
1790058840,85466.36
1790058900,85461.21
1790058960,85470.06
1790059020,85490.07
1790059080,85512.7
1790059140,85532.99
1790059200,85547.03
1790059260,85533.99
1790059320,85551.11
1790059380,85531.29
1790059440,85491
1790059500,85472.11
1790059560,85448.54
1790059620,85445.93
1790059680,85428.01
1790059740,85459.9
1790059800,85437.24
1790059860,85421.61
1790059920,85431.37
1790059980,85485.42
1790060040,85470.17
1790060100,85435.02
1790060160,85415.8
1790060220,85356.31
1790060280,85358.96
1790060340,85339.24
1790060400,85359.23
1790060460,85351.72
1790060520,85344
1790060580,85349.03
1790060640,85323.52
1790060700,85331.5
1790060760,85320.17
1790060820,85339.04
1790060880,85408.15
1790060940,85369.57
1790061000,85417.49
1790061060,85462.99
1790061120,85452.84
1790061180,85476.44
1790061240,85420.64
1790061300,85420.04
1790061360,85391.86
1790061420,85400.36
1790061480,85416.13
1790061540,85370.79
1790061600,85312.59
1790061660,85319.72
1790061720,85233.54
1790061780,85198.02
1790061840,85216.64
1790061900,85207.5
1790061960,85249.69
1790062020,85220.09
1790062080,85280.95
1790062140,85264.29
1790062200,85301.99
1790062260,85273.46
1790062320,85309.58
1790062380,85234.15
1790062440,85200.01
1790062500,85173.61
1790062560,85164.71
1790062620,85193.88
1790062680,85176.76
1790062740,85180.64
1790062800,85234.89
1790062860,85232.22
1790062920,85219.58
1790062980,85232.22
1790063040,85207.5
1790063100,85228.5
1790063160,85289.45
1790063220,85263.3
1790063280,85238.39
1790063340,85265.8
1790063400,85250
1790063460,85272.8
1790063520,85255.02
1790063580,85276.93
1790063640,85300.63
1790063700,85309.69
1790063760,85291.5
1790063820,85304.93
1790063880,85271.57
1790063940,85291.19
1790064000,85339.85
1790064060,85404.77
1790064120,85421.45
1790064180,85426.99
1790064240,85317.96
1790064300,85459.51
1790064360,85425.54
1790064420,85415
1790064480,85446.43
1790064540,85482.18
1790064600,85490.3
1790064660,85459.53
1790064720,85496
1790064780,85491.55
1790064840,85500
1790064900,85470.96
1790064960,85441.33
1790065020,85477.27
1790065080,85454.84
1790065140,85460.25
1790065200,85499.71
1790065260,85493.27
1790065320,85531.6
1790065380,85518.58
1790065440,85510.03
1790065500,85506.68
1790065560,85435.02
1790065620,85473.02
1790065680,85435.35
1790065740,85412.7
1790065800,85401.79
1790065860,85368.73
1790065920,85399.76
1790065980,85412.07
1790066040,85485.33
1790066100,85511.98
1790066160,85671.27
1790066220,85763.06
1790066280,85786.78
1790066340,85794.89
1790066400,85871.14
1790066460,85901.85
1790066520,85932.24
1790066580,85964.1
1790066640,86063.83
1790066700,86134.14
1790066760,86039.63
1790066820,86095.33
1790066880,86226.8
1790066940,86195
1790067000,86180.98
1790067060,86200.1
1790067120,86240.04
1790067180,86305.86
1790067240,86308.33
1790067300,86249.07
1790067360,86262.07
1790067420,86204.2
1790067480,86207.82
1790067540,86173.15
1790067600,86198.8
1790067660,86068
1790067720,86000.45
1790067780,86053.9
1790067840,85801.75
1790067900,85679.23
1790067960,85711.62
1790068020,85843.49
1790068080,85851.34
1790068140,85819.77
1790068200,85822.81
1790068260,85812.35
1790068320,85896.7
1790068380,85934.08
1790068440,85941.82
1790068500,85912.37
1790068560,85926.79
1790068620,85889.09
1790068680,85922.27
1790068740,85924.26
1790068800,85902.22
1790068860,85925.14
1790068920,85908.49
1790068980,85889.08
1790069040,85844.1
1790069100,85857.47
1790069160,85846.93
1790069220,85876.21
1790069280,85845.73
1790069340,85879.68
1790069400,85878.33
1790069460,85894.19
1790069520,85939.1
1790069580,85922.79
1790069640,85865.64
1790069700,85887.58
1790069760,85871.5
1790069820,85954.74
1790069880,85992.68
1790069940,85934.13
1790070000,85960.1
1790070060,85960.1
1790070120,85999.44
1790070180,86027.93
1790070240,86040.99
1790070300,86018.29
1790070360,86034.85
1790070420,86024.06
1790070480,86035.88
1790070540,86001.52
1790070600,86017.99
1790070660,86018.64
1790070720,86021.18
1790070780,86065.56
1790070840,86205.54
1790070900,86148.12
1790070960,86115.25
1790071020,86159.98
1790071080,86136.94
1790071140,86199.7
1790071200,86238.82
1790071260,86228.59
1790071320,86166.54
1790071380,86194.63
1790071440,86163.94
1790071500,86136.96
1790071560,86115.88
1790071620,86071.54
1790071680,86076.17
1790071740,86125.82
1790071800,86075.64
1790071860,86052.77
1790071920,86094.98
1790071980,86050.3
1790072040,85998.23
1790072100,86017.98
1790072160,86061.69
1790072220,86061.69
1790072280,86072.65
1790072340,86010
1790072400,86016.82
1790072460,85994.4
1790072520,86012.07
1790072580,85982.06
1790072640,85942.61
1790072700,85914.44
1790072760,85866.98
1790072820,85873.26
1790072880,85869.28
1790072940,85860.14
1790073000,85848.15
1790073060,85805.96
1790073120,85789.21
1790073180,85767.39
1790073240,85765.6
1790073300,85790
1790073360,85779.97
1790073420,85843.77
1790073480,85859.33
1790073540,85886.59
1790073600,85911.9
1790073660,85884
1790073720,85880.74
1790073780,85896.09
1790073840,85849.14
1790073900,85825.5
1790073960,85794.24
1790074020,85776.83
1790074080,85822.81
1790074140,85790.7
1790074200,85791.24
1790074260,85846.89
1790074320,85851.35
1790074380,85892.04
1790074440,85910.96
1790074500,85942.49
1790074560,85951.27
1790074620,85941.8
1790074680,85921.46
1790074740,85929.65
1790074800,85864.54
1790074860,85910.58
1790074920,85899.63
1790074980,85956.35
1790075040,85976.59
1790075100,85949.28
1790075160,85929.4
1790075220,85914.82
1790075280,85915.3
1790075340,85883.48
1790075400,85780.71
1790075460,85895.5
1790075520,85889.88
1790075580,85901.19
1790075640,85908.11
1790075700,85948.26
1790075760,85973.78
1790075820,86032.81
1790075880,86060
1790075940,86040.4
1790076000,86022.73
1790076060,86065.56
1790076120,86068.33
1790076180,86041.19
1790076240,86014.66
1790076300,86026.48
1790076360,86021.81
1790076420,85983.24
1790076480,85957.99
1790076540,85908.48
1790076600,85907.51
1790076660,85871.59
1790076720,85920.35
1790076780,85935.44
1790076840,85920.31
1790076900,85906.65
1790076960,85965.59
1790077020,85999.99
1790077080,86029.4
1790077140,86050.41
1790077200,86050.73
1790077260,86046.59
1790077320,86099.99
1790077380,86097.94
1790077440,86103.35
1790077500,86086.58
1790077560,86089.22
1790077620,86057.27
1790077680,86031.3
1790077740,86026.47
1790077800,86051.27
1790077860,86000
1790077920,85992.29
1790077980,85944.68
1790078040,85937.05
1790078100,85900.45
1790078160,85927.82
1790078220,85973.53
1790078280,85941.18
1790078340,85954.28
1790078400,85969.07
1790078460,86008.43
1790078520,85923.44
1790078580,85945.66
1790078640,85976.11
1790078700,85944.4
1790078760,85923.43
1790078820,85965.58
1790078880,85961.18
1790078940,85949.67
1790079000,85930.01
1790079060,85983.9
1790079120,85937.74
1790079180,85973.75
1790079240,85978.15
1790079300,85900
1790079360,85864.21
1790079420,85847.72
1790079480,85864.56
1790079540,85780.87
1790079600,85840.83
1790079660,85900.72
1790079720,85964.88
1790079780,85968.84
1790079840,85922.76
1790079900,85940.15
1790079960,85981.04
1790080020,85960.45
1790080080,86034.85
1790080140,86021.99
1790080200,86095.17
1790080260,86133.71
1790080320,86154.32
1790080380,86117.23
1790080440,86072.5
1790080500,86020.17
1790080560,86022.23
1790080620,86060.08
1790080680,86029.2
1790080740,86016.19
1790080800,86006.73
1790080860,86026.7
1790080920,85967.93
1790080980,85984.47
1790081040,86019.55
1790081100,85960.89
1790081160,85977.43
1790081220,85978.76
1790081280,85963.85
1790081340,85968.85
1790081400,85999.99
1790081460,85995.94
1790081520,85982
1790081580,85943.55
1790081640,85962.14
1790081700,85938.45
1790081760,85979.2
1790081820,85958.87
1790081880,85994.15
1790081940,85998.8
1790082000,86015.87
1790082060,86027.8
1790082120,86092.29
1790082180,86136.65
1790082240,86134.09
1790082300,86048.91
1790082360,86097.08
1790082420,86165.53
1790082480,86157.08
1790082540,86140.43
1790082600,86123.23
1790082660,86140.27
1790082720,86032.2
1790082780,86077.36
1790082840,86076.93
1790082900,86041.14
1790082960,85965.59
1790083020,85982.49
1790083080,85986.45
1790083140,85974.51
1790083200,85979.88
1790083260,85980.91
1790083320,85951.39
1790083380,85934.41
1790083440,85936.75
1790083500,85897.61
1790083560,85843.45
1790083620,85819.88
1790083680,85770.15
1790083740,85780.2
1790083800,85729.02
1790083860,85754.39
1790083920,85866.03
1790083980,85957
1790084040,85993.52
1790084100,86079.89
1790084160,86022.76
1790084220,85853.48
1790084280,85764.99
1790084340,85879.12
1790084400,85796.3
1790084460,85732.79
1790084520,85775.23
1790084580,85889.1
1790084640,85920.05
1790084700,85911.06
1790084760,85913.7
1790084820,85908.96
1790084880,85964.07
1790084940,86069.41
1790085000,86104.96
1790085060,86150
1790085120,86080.36
1790085180,86108.85
1790085240,86101.97
1790085300,86108.76
1790085360,86143.58
1790085420,86169.94
1790085480,86237.5
1790085540,86327.53
1790085600,86329.14
1790085660,86175.45
1790085720,86202.94
1790085780,86194.06
1790085840,86109.79
1790085900,86127.08
1790085960,86100
1790086020,86162.15
1790086080,86224.41
1790086140,86201.93
1790086200,86116.46
1790086260,86226.91
1790086320,86277.77
1790086380,86345.9
1790086440,86373.01
1790086500,86347.68
1790086560,86279.77
1790086620,86254.44
1790086680,86190
1790086740,86135.22
1790086800,86115.01
1790086860,86131.76
1790086920,86170.55
1790086980,86123.89
1790087040,86145.05
1790087100,86147.31
1790087160,86098.53
1790087220,86053.03
1790087280,86052.55
1790087340,86013.91
1790087400,85902.6
1790087460,85832.71
1790087520,85843.85
1790087580,85731.08
1790087640,85756.96
1790087700,85741.69
1790087760,85462.58
1790087820,85596.69
1790087880,85668.93
1790087940,85775.01
1790088000,85872.25
1790088060,85962.05
1790088120,85897.96
1790088180,85794.37
1790088240,85826.14
1790088300,85878.77
1790088360,85892.85
1790088420,85963.75
1790088480,85988.52
1790088540,85979.87
1790088600,86016.69
1790088660,86030.48
1790088720,86008.45
1790088780,85999.76
1790088840,86034.67
1790088900,86069.06
1790088960,86151.72
1790089020,86147.73
1790089080,86200
1790089140,86210.01
1790089200,86242.89
1790089260,86209.84
1790089320,86245.22
1790089380,86259
1790089440,86202.72
1790089500,86251.19
1790089560,86289.8
1790089620,86287.19
1790089680,86305.53
1790089740,86369.6
1790089800,86236.96
1790089860,86185.39
1790089920,86199.99
1790089980,86249.98
1790090040,86251.66
1790090100,86299.01
1790090160,86222.71
1790090220,86210.07
1790090280,86158.12
1790090340,86130.52
1790090400,86198.31
1790090460,86147.25
1790090520,86239.54
1790090580,86283.43
1790090640,86298.24
1790090700,86239.71
1790090760,86309.5
1790090820,86308.07
1790090880,86287.95
1790090940,86275.01
1790091000,86279.77
1790091060,86284.12
1790091120,86280.59
1790091180,86323.05
1790091240,86313.21
1790091300,86276.81
1790091360,86285.05
1790091420,86383.4
1790091480,86365.83
1790091540,86265.54
1790091600,86332.87
1790091660,86366.98
1790091720,86422.46
1790091780,86447.84
1790091840,86487.83
1790091900,86553.03
1790091960,86620.89
1790092020,86508.25
1790092080,86510.87
1790092140,86559.07
1790092200,86487.84
1790092260,86409.85
1790092320,86352.21
1790092380,86411.13
1790092440,86397.85
1790092500,86397.54
1790092560,86425.16
1790092620,86473.27
1790092680,86459.52
1790092740,86408.29
1790092800,86417.8
1790092860,86426.82
1790092920,86411
1790092980,86465.4
1790093040,86527.39
1790093100,86407.18
1790093160,86345.88
1790093220,86390.28
1790093280,86423.03
1790093340,86365.44
1790093400,86254.68
1790093460,86214.18
1790093520,86246.51
1790093580,86236.01
1790093640,86151.25
1790093700,86174.18
1790093760,86181.28
1790093820,86196.49
1790093880,86163.97
1790093940,86116.61
1790094000,86108.43
1790094060,86117.77
1790094120,86190.32
1790094180,86136.96
1790094240,86160.6
1790094300,86226.94
1790094360,86241.5
1790094420,86150.47
1790094480,86141.25
1790094540,86077.19
1790094600,86079.84
1790094660,86130.13
1790094720,86096.67
1790094780,86095.75
1790094840,86131.42
1790094900,86161.13
1790094960,86134.89
1790095020,86179.69
1790095080,86168.06
1790095140,86196.58
1790095200,86205.71
1790095260,86247.85
1790095320,86256.93
1790095380,86225.96
1790095440,86255.69
1790095500,86229.59
1790095560,86273.26
1790095620,86244
1790095680,86230.04
1790095740,86281.13
1790095800,86398.13
1790095860,86449.72
1790095920,86573.54
1790095980,86549.69
1790096040,86505.42
1790096100,86556.26
1790096160,86509.77
1790096220,86517.46
1790096280,86512.18
1790096340,86474.97
1790096400,86426.29
1790096460,86398.51
1790096520,86499.76
1790096580,86527.97
1790096640,86566.54
1790096700,86478.53
1790096760,86521.89
1790096820,86493.64
1790096880,86488.4
1790096940,86445.01
1790097000,86460.89
1790097060,86479.17
1790097120,86540.29
1790097180,86414.2
1790097240,86410.83
1790097300,86425.38
1790097360,86482.14
1790097420,86435.62
1790097480,86312.53
1790097540,86258.93
1790097600,86387.67
1790097660,86399.82
1790097720,86426.85
1790097780,86470.8
1790097840,86484.14
1790097900,86507.87
1790097960,86524.64
1790098020,86536.34
1790098080,86536.99
1790098140,86556.27
1790098200,86601.99
1790098260,86605.75
1790098320,86612.9
1790098380,86600.01
1790098440,86631
1790098500,86588.9
1790098560,86587.74
1790098620,86561.56
1790098680,86507.01
1790098740,86512.23
1790098800,86467.09
1790098860,86477.74
1790098920,86528.62
1790098980,86535.65
1790099040,86480.79
1790099100,86490.09
1790099160,86485.03
1790099220,86443.16
1790099280,86477.27
1790099340,86548.34
1790099400,86485.94
1790099460,86467.93
1790099520,86442.57
1790099580,86583.64
1790099640,86520.85
1790099700,86546.67
1790099760,86601.14
1790099820,86639.09
1790099880,86633.13
1790099940,86658.72
1790100000,86587.58
1790100060,86570.58
1790100120,86577.23
1790100180,86573.95
1790100240,86602.72
1790100300,86596.85
1790100360,86579
1790100420,86562.97
1790100480,86524.91
1790100540,86542.98
1790100600,86515.91
1790100660,86457.59
1790100720,86533.12
1790100780,86572.55
1790100840,86628.69
1790100900,86548.71
1790100960,86599.69
1790101020,86656.49
1790101080,86656.46
1790101140,86645.8
1790101200,86586.6
1790101260,86584.04
1790101320,86503.17
1790101380,86520.21
1790101440,86538.07
1790101500,86481.61
1790101560,86386.69
1790101620,86393
1790101680,86339.88
1790101740,86322.6
1790101800,86302.55
1790101860,86270.26
1790101920,86283.65
1790101980,86298.82
1790102040,86309.2
1790102100,86325.11
1790102160,86371.67
1790102220,86311.31
1790102280,86361.43
1790102340,86422.77
1790102400,86435.47
1790102460,86444.68
1790102520,86448.41
1790102580,86460.44
1790102640,86444.97
1790102700,86407.27
1790102760,86458.13
1790102820,86478.69
1790102880,86490.86
1790102940,86536.79
1790103000,86513.56
1790103060,86470.52
1790103120,86495.96
1790103180,86509.7
1790103240,86528.05
1790103300,86530.01
1790103360,86511.62
1790103420,86523.43
1790103480,86541.31
1790103540,86509.33
1790103600,86469.53
1790103660,86506.08
1790103720,86537.67
1790103780,86512.92
1790103840,86423.05
1790103900,86487.86
1790103960,86459.33
1790104020,86534.32
1790104080,86507.21
1790104140,86498.5
1790104200,86530.97
1790104260,86508.01
1790104320,86544.86
1790104380,86550
1790104440,86500.39
1790104500,86503.91
1790104560,86542.09
1790104620,86587.8
1790104680,86543
1790104740,86559.66
1790104800,86559.55
1790104860,86536.81
1790104920,86504.35
1790104980,86486.89
1790105040,86499.45
1790105100,86515.74
1790105160,86568.07
1790105220,86543.05
1790105280,86584.91
1790105340,86539.48
1790105400,86550.13
1790105460,86498.2
1790105520,86477.05
1790105580,86471.55
1790105640,86395.92
1790105700,86507
1790105760,86457.75
1790105820,86393.63
1790105880,86292.77
1790105940,86306.59
1790106000,86358.79
1790106060,86419.65
1790106120,86397.2
1790106180,86452.96
1790106240,86391.55
1790106300,86401.02
1790106360,86386.89
1790106420,86371.83
1790106480,86329.4
1790106540,86342.94
1790106600,86354.82
1790106660,86316.19
1790106720,86290.83
1790106780,86284.12
1790106840,86217.75
1790106900,86174.67
1790106960,86193.12
1790107020,86202.24
1790107080,86263.55
1790107140,86249.5
1790107200,86211.14
1790107260,86226.05
1790107320,86174.84
1790107380,86197.12
1790107440,86251.79
1790107500,86279.69
1790107560,86260.34
1790107620,86197.85
1790107680,86261.58
1790107740,86267.35
1790107800,86240.28
1790107860,86261.91
1790107920,86214.32
1790107980,86252.91
1790108040,86236.74
1790108100,86223.2
1790108160,86248
1790108220,86221.86
1790108280,86210.33
1790108340,86265.47
1790108400,86240.02
1790108460,86271.96
1790108520,86289.31
1790108580,86292.47
1790108640,86290.88
1790108700,86332.8
1790108760,86339.82
1790108820,86336.83
1790108880,86327.54
1790108940,86316.86
1790109000,86357.08
1790109060,86308.77
1790109120,86257.88
1790109180,86250
1790109240,86329.5
1790109300,86346.55
1790109360,86346.29
1790109420,86373.42
1790109480,86355.01
1790109540,86365.07
1790109600,86364.72
1790109660,86365.03
1790109720,86360.17
1790109780,86375.97
1790109840,86345.3
1790109900,86337.11
1790109960,86285.19
1790110020,86282.1
1790110080,86288.28
1790110140,86270.2
1790110200,86290.3
1790110260,86327.63
1790110320,86298.34
1790110380,86261.91
1790110440,86250.01
1790110500,86229.6
1790110560,86252.96
1790110620,86250.71
1790110680,86251.42
1790110740,86257.99
1790110800,86281.15
1790110860,86282
1790110920,86320.77
1790110980,86346.26
1790111040,86298.06
1790111100,86298.79
1790111160,86295.58
1790111220,86265.01
1790111280,86292.72
1790111340,86312.6
1790111400,86237.91
1790111460,86249.25
1790111520,86279.12
1790111580,86241.1
1790111640,86264.03
1790111700,86263.17
1790111760,86237.82
1790111820,86225.78
1790111880,86262.99
1790111940,86246.99
1790112000,86237.82
1790112060,86255.52
1790112120,86232.15
1790112180,86221.34
1790112240,86233.77
1790112300,86237.99
1790112360,86228.28
1790112420,86216.39
1790112480,86249.03
1790112540,86267.02
1790112600,86242.45
1790112660,86254.52
1790112720,86287
1790112780,86288.53
1790112840,86273.36
1790112900,86276.16
1790112960,86294.69
1790113020,86292.58
1790113080,86264.79
1790113140,86256.65
1790113200,86253.69
1790113260,86219.04
1790113320,86220.78
1790113380,86214.1
1790113440,86199.27
1790113500,86205.31
1790113560,86233.06
1790113620,86272.46
1790113680,86298.88
1790113740,86305.56
1790113800,86311.34
1790113860,86311.33
1790113920,86311.29
1790113980,86263.2
1790114040,86244.74
1790114100,86244.17
1790114160,86242.52
1790114220,86279.23
1790114280,86237.8
1790114340,86210.34
1790114400,86187.03
1790114460,86290.93
1790114520,86236.92
1790114580,86161.81
1790114640,86176.55
1790114700,86109.06
1790114760,86172.26
1790114820,86183.9
1790114880,86124.86
1790114940,86127.48
1790115000,86093.06
1790115060,86090.5
1790115120,86055.98
1790115180,86046.43
1790115240,86026.74
1790115300,86051.27
1790115360,86082.42
1790115420,86099.99
1790115480,86135.13
1790115540,86165.51
1790115600,86214.87
1790115660,86192.36
1790115720,86202.51
1790115780,86226.78
1790115840,86179.44
1790115900,86180.24
1790115960,86204.92
1790116020,86202.48
1790116080,86178.44
1790116140,86171.99
1790116200,86174.39
1790116260,86183.86
1790116320,86168.92
1790116380,86191.87
1790116440,86214.94
1790116500,86217.79
1790116560,86239.65
1790116620,86204.78
1790116680,86184.25
1790116740,86200.2
1790116800,86230.05
1790116860,86249.53
1790116920,86278.65
1790116980,86257.72
1790117040,86235.04
1790117100,86227.25
1790117160,86247.09
1790117220,86267.36
1790117280,86272.19
1790117340,86216.63
1790117400,86193.75
1790117460,86180.07
1790117520,86199.51
1790117580,86170
1790117640,86191.91
1790117700,86163.77
1790117760,86171.77
1790117820,86173.92
1790117880,86163
1790117940,86122
1790118000,86121.88
1790118060,86160
1790118120,86174.46
1790118180,86179.53
1790118240,86223.11
1790118300,86179.94
1790118360,86321.57
1790118420,86384.29
1790118480,86418.75
1790118540,86430.84
1790118600,86497.8
1790118660,86456.06
1790118720,86461.56
1790118780,86381.02
1790118840,86363.19
1790118900,86395.47
1790118960,86415.99
1790119020,86422.57
1790119080,86413.65
1790119140,86387.88
1790119200,86351.16
1790119260,86319.76
1790119320,86328.22
1790119380,86364.63
1790119440,86323.59
1790119500,86311.73
1790119560,86253.62
1790119620,86195
1790119680,86181.26
1790119740,86221.54
1790119800,86233.61
1790119860,86241.83
1790119920,86164.35
1790119980,86148.13
1790120040,86179.79
1790120100,86213.21
1790120160,86184.38
1790120220,86169.73
1790120280,86117.51
1790120340,86140.62
1790120400,86125
1790120460,86159.99
1790120520,86128.66
1790120580,86094.24
1790120640,86120.58
1790120700,86152.03
1790120760,86188.93
1790120820,86183.59
1790120880,86202.36
1790120940,86182.51
1790121000,86147.48
1790121060,86150.16
1790121120,86186.67
1790121180,86179.8
1790121240,86174.11
1790121300,86176.33
1790121360,86142.64
1790121420,86172.35
1790121480,86190.79
1790121540,86182.93
1790121600,86198.05
1790121660,86168.86
1790121720,86165.87
1790121780,86194.93
1790121840,86249.98
1790121900,86175.01
1790121960,86139.56
1790122020,86237.69
1790122080,86162.04
1790122140,86181.16
1790122200,86229.51
1790122260,86239.87
1790122320,86291.29
1790122380,86312.16
1790122440,86375.53
1790122500,86348.98
1790122560,86361.8
1790122620,86371.67
1790122680,86372.8
1790122740,86408.26
1790122800,86515.39
1790122860,86461.39
1790122920,86472.58
1790122980,86467.32
1790123040,86485.28
1790123100,86508.11
1790123160,86479.68
1790123220,86511.95
1790123280,86534.21
1790123340,86452.98
1790123400,86456.08
1790123460,86510.05
1790123520,86510.7
1790123580,86493.93
1790123640,86537.45
1790123700,86531.78
1790123760,86528.42
1790123820,86567.34
1790123880,86494.66
1790123940,86480.28
1790124000,86468.29
1790124060,86528.2
1790124120,86579.7
1790124180,86510.14
1790124240,86437.26
1790124300,86449.67
1790124360,86473.95
1790124420,86496
1790124480,86484.85
1790124540,86470.03
1790124600,86482.17
1790124660,86503.22
1790124720,86479.74
1790124780,86470.75
1790124840,86472.21
1790124900,86451.93
1790124960,86463.39
1790125020,86467.6
1790125080,86439.1
1790125140,86430.21
1790125200,86461.52
1790125260,86518.44
1790125320,86490.74
1790125380,86597.13
1790125440,86629.08
1790125500,86569.29
1790125560,86622.47
1790125620,86639.84
1790125680,86694.74
1790125740,86674.2
1790125800,86612.24
1790125860,86572.47
1790125920,86679.56
1790125980,86704.39
1790126040,86759.19
1790126100,86720.04
1790126160,86717.34
1790126220,86679.61
1790126280,86646.23
1790126340,86666.57
1790126400,86720.63
1790126460,86690.32
1790126520,86719.86
1790126580,86711.15
1790126640,86665.32
1790126700,86663.79
1790126760,86622.48
1790126820,86659.15
1790126880,86627.1
1790126940,86635.92
1790127000,86636.75
1790127060,86621.05
1790127120,86606.43
1790127180,86598.28
1790127240,86629.34
1790127300,86600.86
1790127360,86500
1790127420,86465.41
1790127480,86422.28
1790127540,86488.25
1790127600,86423.18
1790127660,86400.01
1790127720,86317.65
1790127780,86301.85
1790127840,86294.3
1790127900,86270.15
1790127960,86266.46
1790128020,86268.61
1790128080,86235.29
1790128140,86245.08
1790128200,86227.59
1790128260,86275.45
1790128320,86236.92
1790128380,86205
1790128440,86202.7
1790128500,86187.53
1790128560,86232.8
1790128620,86269.35
1790128680,86294.09
1790128740,86309.99
1790128800,86360.01
1790128860,86379.16
1790128920,86334.56
1790128980,86338.2
1790129040,86300
1790129100,86349.53
1790129160,86342.11
1790129220,86322.6
1790129280,86276.15
1790129340,86369.09
1790129400,86361.93
1790129460,86310.06
1790129520,86329.13
1790129580,86340.02
1790129640,86354.69
1790129700,86373.44
1790129760,86373.98
1790129820,86408.27
1790129880,86419.03
1790129940,86432.52
1790130000,86456.47
1790130060,86523.29
1790130120,86621.83
1790130180,86595.09
1790130240,86587.08
1790130300,86579.29
1790130360,86591.51
1790130420,86587.99
1790130480,86572.49
1790130540,86579.78
1790130600,86579.47
1790130660,86560.12
1790130720,86536.12
1790130780,86572.18
1790130840,86565.68
1790130900,86554.85
1790130960,86553.28
1790131020,86530.97
1790131080,86516.44
1790131140,86527.97
1790131200,86534.99
1790131260,86502.83
1790131320,86513.71
1790131380,86493.97
1790131440,86479.94
1790131500,86474.9
1790131560,86513.37
1790131620,86493.21
1790131680,86465.28
1790131740,86476.38
1790131800,86470.46
1790131860,86452.49
1790131920,86459.69
1790131980,86487.52
1790132040,86470.69
1790132100,86457.56
1790132160,86467.92
1790132220,86477.34
1790132280,86499.41
1790132340,86534.98
1790132400,86538.14
1790132460,86532.52
1790132520,86497.21
1790132580,86465.55
1790132640,86453.28
1790132700,86452.23
1790132760,86452.77
1790132820,86431.95
1790132880,86416.95
1790132940,86449.93
1790133000,86469.47
1790133060,86482.19
1790133120,86465.98
1790133180,86468.77
1790133240,86506.97
1790133300,86537.49
1790133360,86510.96
1790133420,86528.17
1790133480,86527.69
1790133540,86556.19
1790133600,86573.95
1790133660,86617
1790133720,86663.5
1790133780,86663.51
1790133840,86750
1790133900,86728.11
1790133960,86668.99
1790134020,86665.71
1790134080,86644.59
1790134140,86630.43
1790134200,86689.75
1790134260,86701.94
1790134320,86677.51
1790134380,86680.01
1790134440,86686.73
1790134500,86688.38
1790134560,86698.39
1790134620,86714.25
1790134680,86771.37
1790134740,86733.11
1790134800,86827.48
1790134860,86932.27
1790134920,86846.83
1790134980,86891.41
1790135040,86836.33
1790135100,86880.9
1790135160,86800.38
1790135220,86756.75
1790135280,86794.64
1790135340,86760.65
1790135400,86734.51
1790135460,86724.46
1790135520,86717.15
1790135580,86707.86
1790135640,86714.25
1790135700,86709.54
1790135760,86719.18
1790135820,86707.97
1790135880,86708.22
1790135940,86692.7
1790136000,86696.41
1790136060,86658.53
1790136120,86665.01
1790136180,86636.76
1790136240,86643.38
1790136300,86634.14
1790136360,86637.98
1790136420,86677.23
1790136480,86719.18
1790136540,86731.58
1790136600,86825.17
1790136660,86850.7
1790136720,86866.45
1790136780,86864.03
1790136840,86853.41
1790136900,86838.01
1790136960,86918.45
1790137020,86822.4
1790137080,86803.41
1790137140,86824.53
1790137200,86836.92
1790137260,86951.69
1790137320,86985.65
1790137380,86979.47
1790137440,87123.61
1790137500,87115.57
1790137560,87161.85
1790137620,87111.29
1790137680,87217.49
1790137740,87100
1790137800,87010.01
1790137860,87113.84
1790137920,87150.18
1790137980,87198.66
1790138040,87239.06
1790138100,87236.52
1790138160,87234.67
1790138220,87213.22
1790138280,87190
1790138340,87142.56
1790138400,87121.92
1790138460,87085.53
1790138520,87164.37
1790138580,87144.09
1790138640,87174.91
1790138700,87139.2
1790138760,87152.87
1790138820,87172.44
1790138880,87155.51
1790138940,87201.47
1790139000,87204.58
1790139060,87170.39
1790139120,87160
1790139180,87129.55
1790139240,87155.16
1790139300,87162.67
1790139360,87209.72
1790139420,87222.47
1790139480,87170.17
1790139540,87190.35
1790139600,87164.81
1790139660,87113.2
1790139720,87022.32
1790139780,86975.74
1790139840,86921.02
1790139900,86971.98
1790139960,86914.35
1790140020,86906
1790140080,86954.28
1790140140,86896.77
1790140200,86915.58
1790140260,86954.49
1790140320,86922.88
1790140380,86964.58
1790140440,86936.65
1790140500,86927.27
1790140560,86935.44
1790140620,86955.61
1790140680,86922.58
1790140740,86865.29
1790140800,86875.5
1790140860,86874.25
1790140920,86798.88
1790140980,86827.98
1790141040,86846
1790141100,86800.01
1790141160,86834.86
1790141220,86824.55
1790141280,86784.13
1790141340,86768.06
1790141400,86767.02
1790141460,86756.93
1790141520,86733.01
1790141580,86707.77
1790141640,86719.75
1790141700,86720.62
1790141760,86771.2
1790141820,86772.92
1790141880,86779.43
1790141940,86724.1
1790142000,86730.66
1790142060,86784.51
1790142120,86817.58
1790142180,86820.71
1790142240,86734.55
1790142300,86742.62
1790142360,86765.27
1790142420,86736.72
1790142480,86758.07
1790142540,86733.42
1790142600,86591.85
1790142660,86507.62
1790142720,86572.26
1790142780,86538.8
1790142840,86528.66
1790142900,86546.4
1790142960,86500
1790143020,86516.74
1790143080,86493.91
1790143140,86470.58
1790143200,86487.46
1790143260,86464.63
1790143320,86458.42
1790143380,86508.23
1790143440,86545.99
1790143500,86510.98
1790143560,86544.42
1790143620,86567.04
1790143680,86505
1790143740,86551.07
1790143800,86540
1790143860,86538.45
1790143920,86574.16
1790143980,86587.35
1790144040,86606.99
1790144100,86603.21
1790144160,86587.45
1790144220,86590.15
1790144280,86574.47
1790144340,86533.36
1790144400,86501.04
1790144460,86515.09
1790144520,86493.96
1790144580,86519.63
1790144640,86490.27
1790144700,86478.73
1790144760,86495.04
1790144820,86465.4
1790144880,86448.34
1790144940,86437.01
1790145000,86416.32
1790145060,86383.27
1790145120,86451.11
1790145180,86448.26
1790145240,86434.53
1790145300,86445.25
1790145360,86479.67
1790145420,86512.6
1790145480,86526.89
1790145540,86531.93
1790145600,86527.7
1790145660,86523.47
1790145720,86527.37
1790145780,86565.36
1790145840,86543.34
1790145900,86565.36
1790145960,86533.49
1790146020,86511.1
1790146080,86498.28
1790146140,86477.52
1790146200,86462.24
1790146260,86475.9
1790146320,86496.13
1790146380,86463.89
1790146440,86478.47
1790146500,86436.84
1790146560,86465.4
1790146620,86455.19
1790146680,86466.74
1790146740,86492.48
1790146800,86456.51
1790146860,86427.22
1790146920,86394
1790146980,86355.93
1790147040,86461.98
1790147100,86425.13
1790147160,86353.63
1790147220,86308.32
1790147280,86373.11
1790147340,86420
1790147400,86377.99
1790147460,86382.44
1790147520,86405.24
1790147580,86432.98
1790147640,86381.31
1790147700,86355.54
1790147760,86380.87
1790147820,86414.24
1790147880,86432.94
1790147940,86424.36
1790148000,86361.79
1790148060,86427.27
1790148120,86422.55
1790148180,86396.74
1790148240,86350
1790148300,86343.64
1790148360,86324.21
1790148420,86298.13
1790148480,86330.66
1790148540,86376.05
1790148600,86404.72
1790148660,86381
1790148720,86351.95
1790148780,86328.91
1790148840,86284.91
1790148900,86255.77
1790148960,86186.69
1790149020,86207.01
1790149080,86267.99
1790149140,86194.47
1790149200,86156.11
1790149260,86234.99
1790149320,86225.04
1790149380,86194.08
1790149440,86169.59
1790149500,86058.35
1790149560,86145.05
1790149620,86135.74
1790149680,86085.08
1790149740,86131.9
1790149800,86134.76
1790149860,86162.37
1790149920,86210.27
1790149980,86217.29
1790150040,86176.48
1790150100,86200.94
1790150160,86191.06
1790150220,86151.24
1790150280,86151.73
1790150340,86159.19
1790150400,86128.2
1790150460,86191.78
1790150520,86228.39
1790150580,86212.84
1790150640,86165.53
1790150700,86140.83
1790150760,86113.66
1790150820,86095.52
1790150880,86141.61
1790150940,86180.14
1790151000,86191.74
1790151060,86204.14
1790151120,86210.38
1790151180,86198.19
1790151240,86194.08
1790151300,86185.25
1790151360,86249.99
1790151420,86249.57
1790151480,86249.57
1790151540,86251.47
1790151600,86268.08
1790151660,86247.15
1790151720,86232.26
1790151780,86235.98
1790151840,86228.26
1790151900,86216.85
1790151960,86232.16
1790152020,86218.36
1790152080,86159.91
1790152140,86177.97
1790152200,86153.71
1790152260,86185.57
1790152320,86146.85
1790152380,86165.61
1790152440,86155.18
1790152500,86153.92
1790152560,86136.88
1790152620,86179.78
1790152680,86208.35
1790152740,86174.65
1790152800,86209.22
1790152860,86190.28
1790152920,86175.29
1790152980,86155.43
1790153040,86100.82
1790153100,86099.62
1790153160,86063.41
1790153220,86042.98
1790153280,85942.92
1790153340,85980
1790153400,85819.16
1790153460,85783.99
1790153520,85734.48
1790153580,85721
1790153640,85744.35
1790153700,85718.73
1790153760,85793.67
1790153820,85860
1790153880,85900
1790153940,85913.07
1790154000,85901.81
1790154060,85915.67
1790154120,85915.84
1790154180,85949.3
1790154240,85941.08
1790154300,85920.28
1790154360,85904.99
1790154420,85940.25
1790154480,85987.57
1790154540,85988.48
1790154600,85998.69
1790154660,85994.14
1790154720,85983.93
1790154780,85994.14
1790154840,85927.01
1790154900,85946.29
1790154960,85945.78
1790155020,85957.14
1790155080,85922.77
1790155140,85914.79
1790155200,85906.7
1790155260,85904.96
1790155320,85948.76
1790155380,85959.91
1790155440,85959.92
1790155500,85987.69
1790155560,85986.69
1790155620,85973.43
1790155680,85960.13
1790155740,85892.84
1790155800,85884.46
1790155860,85919.79
1790155920,85883.65
1790155980,85866.31
1790156040,85844.1
1790156100,85821.64
1790156160,85810
1790156220,85816.4
1790156280,85814.99
1790156340,85841.41
1790156400,85800
1790156460,85794.06
1790156520,85783.75
1790156580,85801.5
1790156640,85792.49
1790156700,85793.67
1790156760,85826.44
1790156820,85801.05
1790156880,85802.58
1790156940,85788.22
1790157000,85837.07
1790157060,85790
1790157120,85785.1
1790157180,85799.99
1790157240,85742.75
1790157300,85802.5
1790157360,85850.56
1790157420,85886.09
1790157480,85838.1
1790157540,85811.28
1790157600,85848.87
1790157660,85900.06
1790157720,85848.98
1790157780,85877.45
1790157840,85865
1790157900,85868.28
1790157960,85857.69
1790158020,85856.08
1790158080,85822.8
1790158140,85842.87
1790158200,85836.47
1790158260,85812.03
1790158320,85848.25
1790158380,85829.74
1790158440,85819.95
1790158500,85845.39
1790158560,85834.89
1790158620,85807.62
1790158680,85825.6
1790158740,85803.02
1790158800,85826.16
1790158860,85778.1
1790158920,85782.93
1790158980,85739.4
1790159040,85703.56
1790159100,85658.24
1790159160,85649.04
1790159220,85664.06
1790159280,85733.16
1790159340,85749.33
1790159400,85799.06
1790159460,85794.84
1790159520,85755.05
1790159580,85749.26
1790159640,85724.99
1790159700,85800
1790159760,85760.01
1790159820,85837.35
1790159880,85853.43
1790159940,85815.02
1790160000,85864.69
1790160060,85863.89
1790160120,85828.55
1790160180,85848.94
1790160240,85845.1
1790160300,85868.3
1790160360,85861.62
1790160420,85877.76
1790160480,85858.31
1790160540,85859.57
1790160600,85856.28
1790160660,85842.12
1790160720,85827.26
1790160780,85840.4
1790160840,85820.28
1790160900,85824.54
1790160960,85855.78
1790161020,85852
1790161080,85849.58
1790161140,85902.23
1790161200,85906.66
1790161260,85935.56
1790161320,85858.44
1790161380,85832.32
1790161440,85809.13
1790161500,85863.83
1790161560,85845.2
1790161620,85830.71
1790161680,85858.07
1790161740,85834.28
1790161800,85849.37
1790161860,85716.41
1790161920,85750.6
1790161980,85712.5
1790162040,85729.25
1790162100,85741.48
1790162160,85734.68
1790162220,85713.01
1790162280,85695.76
1790162340,85679.07
1790162400,85675.76
1790162460,85612.8
1790162520,85583.67
1790162580,85581.56
1790162640,85602.33
1790162700,85558.37
1790162760,85532.74
1790162820,85527.01
1790162880,85524.45
1790162940,85528.46
1790163000,85501.05
1790163060,85520.74
1790163120,85560.88
1790163180,85556.68
1790163240,85521.09
1790163300,85510.08
1790163360,85496.5
1790163420,85491.97
1790163480,85470.21
1790163540,85471.35
1790163600,85470.44
1790163660,85455.25
1790163720,85471.17
1790163780,85484.99
1790163840,85470.82
1790163900,85501.77
1790163960,85549.82
1790164020,85597.37
1790164080,85602
1790164140,85602.81
1790164200,85633.5
1790164260,85633.77
1790164320,85631.42
1790164380,85644.37
1790164440,85625.66
1790164500,85641.96
1790164560,85649.99
1790164620,85647.04
1790164680,85641.79
1790164740,85634.72
1790164800,85637.71
1790164860,85649.76
1790164920,85601.86
1790164980,85587.09
1790165040,85480.61
1790165100,85472.48
1790165160,85494.03
1790165220,85448.56
1790165280,85512.03
1790165340,85527.43
1790165400,85551.07
1790165460,85528.28
1790165520,85514.13
1790165580,85473.45
1790165640,85448.77
1790165700,85454.1
1790165760,85464.49
1790165820,85442.88
1790165880,85367.83
1790165940,85303.65
1790166000,85265.94
1790166060,85329.99
1790166120,85348.62
1790166180,85405.87
1790166240,85422.51
1790166300,85482.1
1790166360,85468.33
1790166420,85453.65
1790166480,85416.81
1790166540,85456.47
1790166600,85464.69
1790166660,85508.9
1790166720,85520.24
1790166780,85557.88
1790166840,85507.84
1790166900,85490
1790166960,85454.99
1790167020,85464.07
1790167080,85504.07
1790167140,85481.2
1790167200,85475.65
1790167260,85463.13
1790167320,85453.1
1790167380,85450.11
1790167440,85452.52
1790167500,85430.67
1790167560,85470.64
1790167620,85473.6
1790167680,85483.46
1790167740,85529.99
1790167800,85454.5
1790167860,85435.76
1790167920,85393.51
1790167980,85398.8
1790168040,85449.31
1790168100,85454.37
1790168160,85443.33
1790168220,85457.79
1790168280,85446.27
1790168340,85457.04
1790168400,85482.1
1790168460,85435.64
1790168520,85446.96
1790168580,85433.59
1790168640,85390
1790168700,85368.59
1790168760,85355.92
1790168820,85368.58
1790168880,85321.94
1790168940,85303.27
1790169000,85312.99
1790169060,85356.12
1790169120,85384.02
1790169180,85386.69
1790169240,85347.17
1790169300,85353.57
1790169360,85407.46
1790169420,85450.04
1790169480,85467.94
1790169540,85395.27
1790169600,85428.66
1790169660,85460.68
1790169720,85448.16
1790169780,85438.93
1790169840,85440.8
1790169900,85435.72
1790169960,85462.88
1790170020,85496.03
1790170080,85539.11
1790170140,85534.51
1790170200,85529.34
1790170260,85536.24
1790170320,85563.88
1790170380,85661.16
1790170440,85650.71
1790170500,85570
1790170560,85522.91
1790170620,85587.04
1790170680,85764.41
1790170740,85759.8
1790170800,85722.9
1790170860,85837.82
1790170920,85798.95
1790170980,85729.28
1790171040,85808.22
1790171100,85816.38
1790171160,85693.51
1790171220,85692.07
1790171280,85692.68
1790171340,85651.99
1790171400,85660.38
1790171460,85614.96
1790171520,85603.63
1790171580,85677.76
1790171640,85642.92
1790171700,85685.89
1790171760,85687.57
1790171820,85702.77
1790171880,85806.55
1790171940,85758.67
1790172000,85783
1790172060,85856.13
1790172120,85906.77
1790172180,85798.59
1790172240,85716.22
1790172300,85740.51
1790172360,85693.92
1790172420,85636.26
1790172480,85527
1790172540,85420.85
1790172600,85304.35
1790172660,85145.64
1790172720,84986.61
1790172780,84764.11
1790172840,84699.33
1790172900,84855.44
1790172960,84768.61
1790173020,84575.2
1790173080,84506.2
1790173140,84446.68
1790173200,84327
1790173260,84469.32
1790173320,84377.62
1790173380,84179.1
1790173440,84084.26
1790173500,84187.22
1790173560,84260.96
1790173620,84129.91
1790173680,84099.51
1790173740,84092.7
1790173800,84010.9
1790173860,83930.83
1790173920,84007.51
1790173980,84192.45
1790174040,84135
1790174100,84398.95
1790174160,84408.91
1790174220,84436.18
1790174280,84379.99
1790174340,84336.14
1790174400,84392.38
1790174460,84436.03
1790174520,84414.46
1790174580,84299.6
1790174640,84336.67
1790174700,84283.6
1790174760,84340.46
1790174820,84211.72
1790174880,84210.6
1790174940,84275.41
1790175000,84311.74
1790175060,84210.51
1790175120,84412.56
1790175180,84400.64
1790175240,84454.49
1790175300,84533.54
1790175360,84527.53
1790175420,84421.91
1790175480,84506.15
1790175540,84511.51
1790175600,84521.36
1790175660,84521.35
1790175720,84599.42
1790175780,84561.48
1790175840,84510
1790175900,84544.31
1790175960,84531.45
1790176020,84512.33
1790176080,84553.15
1790176140,84653.53
1790176200,84595.78
1790176260,84556.1
1790176320,84632.81
1790176380,84645.87
1790176440,84656.46
1790176500,84629.12
1790176560,84730.25
1790176620,84707.43
1790176680,84670.8
1790176740,84583.39
1790176800,84606.64
1790176860,84597.25
1790176920,84559.47
1790176980,84621.59
1790177040,84593.91
1790177100,84559.31
1790177160,84583.39
1790177220,84664.04
1790177280,84633.05
1790177340,84515.01
1790177400,84505.21
1790177460,84493
1790177520,84418.95
1790177580,84415.16
1790177640,84427.43
1790177700,84498.77
1790177760,84510
1790177820,84431.35
1790177880,84364
1790177940,84355
1790178000,84337.31
1790178060,84324.72
1790178120,84365.01
1790178180,84358.52
1790178240,84332.56
1790178300,84286.55
1790178360,84310.59
1790178420,84297.18
1790178480,84229.47
1790178540,84234.93
1790178600,84263.99
1790178660,84255.53
1790178720,84223.32
1790178780,84186.97
1790178840,84126.07
1790178900,84050
1790178960,84060.91
1790179020,84088.04
1790179080,84138.49
1790179140,84033.81
1790179200,83998.33
1790179260,84016.24
1790179320,83707.29
1790179380,83620.2
1790179440,83727.97
1790179500,83911.25
1790179560,84089.11
1790179620,84228.99
1790179680,84274.46
1790179740,84266.51
1790179800,84311.8
1790179860,84275.46
1790179920,84304.41
1790179980,84289.29
1790180040,84297.87
1790180100,84339.18
1790180160,84280.51
1790180220,84296.86
1790180280,84320.06
1790180340,84289.87
1790180400,84290.6
1790180460,84216.16
1790180520,84181.23
1790180580,84243.99
1790180640,84220.79
1790180700,84215.1
1790180760,84230.83
1790180820,84251.97
1790180880,84220.43
1790180940,84174.72
1790181000,84230.35
1790181060,84336.73
1790181120,84285.8
1790181180,84252.67
1790181240,84272.85
1790181300,84234.67
1790181360,84135.02
1790181420,84177.67
1790181480,84205
1790181540,84113.49
1790181600,84017.93
1790181660,84004.64
1790181720,83994.64
1790181780,84038.38
1790181840,84109.67
1790181900,84086.69
1790181960,84086.58
1790182020,84000.41
1790182080,83986
1790182140,83933.19
1790182200,83900.11
1790182260,83904.81
1790182320,83881.79
1790182380,83892.64
1790182440,83922.56
1790182500,83917.94
1790182560,83916.57
1790182620,83981.64
1790182680,83951.84
1790182740,83990.48
1790182800,84030.09
1790182860,84093.05
1790182920,84119.33
1790182980,83914.43
1790183040,83865.89
1790183100,83887.91
1790183160,83859.86
1790183220,83863.04
1790183280,83848.8
1790183340,83818.93
1790183400,83861.68
1790183460,83828.62
1790183520,83809.92
1790183580,83831.71
1790183640,83730.29
1790183700,83786.99
1790183760,83868.95
1790183820,83941.45
1790183880,83998.24
1790183940,84017.96
1790184000,83999.1
1790184060,84034.48
1790184120,84029
1790184180,84137.03
1790184240,84165.96
1790184300,84032.97
1790184360,84088.35
1790184420,84094.13
1790184480,84057.67
1790184540,84058.99
1790184600,84057.57
1790184660,84050.96
1790184720,84043.86
1790184780,84089.85
1790184840,84052.27
1790184900,83990
1790184960,83981.42
1790185020,84024.97
1790185080,84042.58
1790185140,84029.7
1790185200,84013.55
1790185260,84096.85
1790185320,84094.84
1790185380,84128.25
1790185440,84232.4
1790185500,84246.01
1790185560,84290.49
1790185620,84303.86
1790185680,84312.64
1790185740,84276.2
1790185800,84312.1
1790185860,84313.96
1790185920,84321
1790185980,84343.97
1790186040,84300.01
1790186100,84298.67
1790186160,84243.94
1790186220,84294.67
1790186280,84275.03
1790186340,84308.5
1790186400,84314.47
1790186460,84273.84
1790186520,84302
1790186580,84224.01
1790186640,84205.53
1790186700,84231.33
1790186760,84278.73
1790186820,84277.15
1790186880,84323.05
1790186940,84300.34
1790187000,84252.75
1790187060,84200.72
1790187120,84235
1790187180,84191.37
1790187240,84235.69
1790187300,84191.36
1790187360,84205.82
1790187420,84187.8
1790187480,84186.2
1790187540,84198.04
1790187600,84254.01
1790187660,84172.01
1790187720,84160.77
1790187780,84156.93
1790187840,84196.55
1790187900,84190.54
1790187960,84171
1790188020,84174.47
1790188080,84166.33
1790188140,84183.68
1790188200,84137.12
1790188260,84165.24
1790188320,84163.51
1790188380,84183.45
1790188440,84157.61
1790188500,84126.16
1790188560,84128.02
1790188620,84144.15
1790188680,84136.4
1790188740,84154.01
1790188800,84145.38
1790188860,84168
1790188920,84148.15
1790188980,84162
1790189040,84199.99
1790189100,84214.27
1790189160,84229.2
1790189220,84185.56
1790189280,84198.12
1790189340,84263.23
1790189400,84270.27
1790189460,84354.28
1790189520,84376.55
1790189580,84367.93
1790189640,84353.33
1790189700,84354.66
1790189760,84402.63
1790189820,84344.41
1790189880,84363
1790189940,84369.93
1790190000,84313
1790190060,84340.37
1790190120,84317.04
1790190180,84293.99
1790190240,84275.6
1790190300,84250.01
1790190360,84219.65
1790190420,84288.07
1790190480,84338.25
1790190540,84311.12
1790190600,84312.39
1790190660,84332.67
1790190720,84377.31
1790190780,84338.89
1790190840,84380.69
1790190900,84366.86
1790190960,84354.76
1790191020,84323.93
1790191080,84323.75
1790191140,84350.59
1790191200,84352.06
1790191260,84339.34
1790191320,84348.9
1790191380,84393.19
1790191440,84406.94
1790191500,84448.63
1790191560,84407.96
1790191620,84416.46
1790191680,84456.66
1790191740,84404.72
1790191800,84410.3
1790191860,84416.11
1790191920,84413.8
1790191980,84436.06
1790192040,84456.74
1790192100,84459.98
1790192160,84467.21
1790192220,84454.72
1790192280,84456.44
1790192340,84464.88
1790192400,84447.35
1790192460,84460.74
1790192520,84458.35
1790192580,84442.92
1790192640,84450.96
1790192700,84446.13
1790192760,84445.94
1790192820,84457.59
1790192880,84519.41
1790192940,84515.32
1790193000,84532.64
1790193060,84533.92
1790193120,84537.31
1790193180,84475.09
1790193240,84518.55
1790193300,84505.63
1790193360,84500
1790193420,84504.69
1790193480,84495.96
1790193540,84489.89
1790193600,84515.87
1790193660,84535.51
1790193720,84454.16
1790193780,84400
1790193840,84348.58
1790193900,84318.23
1790193960,84319.88
1790194020,84351.26
1790194080,84386.02
1790194140,84407.44
1790194200,84380.01
1790194260,84362.31
1790194320,84343.75
1790194380,84348.3
1790194440,84372.53
1790194500,84333.27
1790194560,84376.87
1790194620,84347.62
1790194680,84381.89
1790194740,84373.28
1790194800,84357.71
1790194860,84353.36
1790194920,84371.62
1790194980,84361.79
1790195040,84327.71
1790195100,84285.25
1790195160,84260.46
1790195220,84262.45
1790195280,84281.69
1790195340,84267.65
1790195400,84307.97
1790195460,84355.7
1790195520,84366.32
1790195580,84318.97
1790195640,84326.25
1790195700,84337.35
1790195760,84321.23
1790195820,84299.6
1790195880,84326.61
1790195940,84352.09
1790196000,84405.17
1790196060,84419.56
1790196120,84415.19
1790196180,84396.01
1790196240,84402.39
1790196300,84402.31
1790196360,84404.46
1790196420,84385.05
1790196480,84364.01
1790196540,84308.16
1790196600,84306.43
1790196660,84302.85
1790196720,84287.14
1790196780,84262.87
1790196840,84273.71
1790196900,84255.96
1790196960,84253.89
1790197020,84228.67
1790197080,84221.61
1790197140,84218.37
1790197200,84235.46
1790197260,84228.22
1790197320,84228.96
1790197380,84216.3
1790197440,84275.59
1790197500,84296.12
1790197560,84250
1790197620,84265.44
1790197680,84262.49
1790197740,84285.62
1790197800,84335.1
1790197860,84365.02
1790197920,84348.62
1790197980,84327.2
1790198040,84343.9
1790198100,84356.68
1790198160,84370
1790198220,84363.12
1790198280,84344.95
1790198340,84340.45
1790198400,84315.56
1790198460,84317.85
1790198520,84363.84
1790198580,84336.67
1790198640,84370.07
1790198700,84390.65
1790198760,84393.49
1790198820,84372.6
1790198880,84400.95
1790198940,84421.23
1790199000,84412.78
1790199060,84425.26
1790199120,84431.57
1790199180,84429.99
1790199240,84419.77
1790199300,84434.58
1790199360,84457.77
1790199420,84471.36
1790199480,84479.7
1790199540,84491.23
1790199600,84489.25
1790199660,84481.83
1790199720,84485.09
1790199780,84477.63
1790199840,84497.96
1790199900,84479.61
1790199960,84498.38
1790200020,84490.14
1790200080,84490.11
1790200140,84454
1790200200,84448.1
1790200260,84441.19
1790200320,84445.11
1790200380,84438.42
1790200440,84441.76
1790200500,84435.96
1790200560,84435.97
1790200620,84445
1790200680,84425.18
1790200740,84425.17
1790200800,84399.36
1790200860,84380.96
1790200920,84422.06
1790200980,84401.56
1790201040,84366.38
1790201100,84343.16
1790201160,84363.04
1790201220,84471.04
1790201280,84580.42
1790201340,84650.44
1790201400,84593.29
1790201460,84593.51
1790201520,84637.9
1790201580,84609.72
1790201640,84615.96
1790201700,84581.26
1790201760,84541.99
1790201820,84565.39
1790201880,84552
1790201940,84549.17
1790202000,84586.82
1790202060,84573.21
1790202120,84522.57
1790202180,84519.59
1790202240,84503.68
1790202300,84505.46
1790202360,84495.04
1790202420,84480.43
1790202480,84492.86
1790202540,84483.3
1790202600,84466.25
1790202660,84380.81
1790202720,84388.95
1790202780,84404.62
1790202840,84440.04
1790202900,84412.9
1790202960,84405.91
1790203020,84420
1790203080,84409.38
1790203140,84430.46
1790203200,84438.4
1790203260,84463.53
1790203320,84465.01
1790203380,84489.56
1790203440,84492.04
1790203500,84475.21
1790203560,84544.31
1790203620,84586.96
1790203680,84584.01
1790203740,84569.18
1790203800,84602.6
1790203860,84593.96
1790203920,84567.88
1790203980,84577.56
1790204040,84564.23
1790204100,84576.57
1790204160,84579.68
1790204220,84567.74
1790204280,84556.7
1790204340,84541.49
1790204400,84550.19
1790204460,84504.06
1790204520,84471.01
1790204580,84479.95
1790204640,84512.64
1790204700,84555.86
1790204760,84532.5
1790204820,84510.62
1790204880,84508.87
1790204940,84526.79
1790205000,84526.38
1790205060,84518.93
1790205120,84511.93
1790205180,84524.52
1790205240,84518.92
1790205300,84479.95
1790205360,84494.23
1790205420,84466.04
1790205480,84481.14
1790205540,84460.61
1790205600,84451.43
1790205660,84446.38
1790205720,84426.68
1790205780,84420.87
1790205840,84445.25
1790205900,84442.01
1790205960,84435.73
1790206020,84440.51
1790206080,84455.78
1790206140,84469.1
1790206200,84476.63
1790206260,84503.74
1790206320,84451.46
1790206380,84436.13
1790206440,84464.02
1790206500,84479
1790206560,84504.02
1790206620,84491.76
1790206680,84489.59
1790206740,84486.46
1790206800,84505.68
1790206860,84447.43
1790206920,84476.57
1790206980,84443.55
1790207040,84448.25
1790207100,84459.76
1790207160,84450.71
1790207220,84423.8
1790207280,84402.64
1790207340,84412.36
1790207400,84424.66
1790207460,84369
1790207520,84348
1790207580,84363.65
1790207640,84365.76
1790207700,84405.52
1790207760,84397.76
1790207820,84376.99
1790207880,84391.3
1790207940,84375.5
1790208000,84378.31
1790208060,84453.31
1790208120,84432.46
1790208180,84432.08
1790208240,84453.42
1790208300,84452.43
1790208360,84452.32
1790208420,84479.92
1790208480,84441.28
1790208540,84407.1
1790208600,84381.99
1790208660,84350.58
1790208720,84296.02
1790208780,84336.61
1790208840,84346.66
1790208900,84348.16
1790208960,84416.35
1790209020,84385.61
1790209080,84388.56
1790209140,84408.48
1790209200,84423.9
1790209260,84393.35
1790209320,84400.9
1790209380,84333.51
1790209440,84352.72
1790209500,84374.02
1790209560,84383.58
1790209620,84379.42
1790209680,84368.5
1790209740,84347.79
1790209800,84332.13
1790209860,84386.22
1790209920,84415.66
1790209980,84432.43
1790210040,84371
1790210100,84358.75
1790210160,84312.48
1790210220,84334.22
1790210280,84306.41
1790210340,84306.58
1790210400,84288.53
1790210460,84295
1790210520,84279.12
1790210580,84335.16
1790210640,84334.41
1790210700,84349.99
1790210760,84296.51
1790210820,84349.31
1790210880,84316.13
1790210940,84295.7
1790211000,84311.65
1790211060,84282.59
1790211120,84255.92
1790211180,84250.48
1790211240,84249.28
1790211300,84232.69
1790211360,84251.06
1790211420,84323.67
1790211480,84278.25
1790211540,84305.95
1790211600,84301.26
1790211660,84318.02
1790211720,84356.55
1790211780,84328.57
1790211840,84312.3
1790211900,84265.54
1790211960,84242.06
1790212020,84275.91
1790212080,84325.54
1790212140,84278.88
1790212200,84243.56
1790212260,84262.7
1790212320,84253.44
1790212380,84238.19
1790212440,84261.05
1790212500,84275.66
1790212560,84288.49
1790212620,84239.39
1790212680,84172.02
1790212740,84273.59
1790212800,84315.45
1790212860,84282.52
1790212920,84242.04
1790212980,84210
1790213040,84231.27
1790213100,84310.99
1790213160,84225.47
1790213220,84223.02
1790213280,84271.76
1790213340,84264.51
1790213400,84213.42
1790213460,84212.27
1790213520,84235.14
1790213580,84270.06
1790213640,84306.34
1790213700,84371.89
1790213760,84398.34
1790213820,84428.39
1790213880,84364.26
1790213940,84286.73
1790214000,84279.53
1790214060,84222.32
1790214120,84203.11
1790214180,84185.75
1790214240,84076.57
1790214300,84128.68
1790214360,84179.87
1790214420,84109.95
1790214480,84123.04
1790214540,84074.77
1790214600,84099
1790214660,84050.12
1790214720,84069.94
1790214780,84147.71
1790214840,84108.02
1790214900,84128.08
1790214960,84166.27
1790215020,84175.37
1790215080,84155.48
1790215140,84113.69
1790215200,84100.39
1790215260,84104.75
1790215320,84097.97
1790215380,84100.35
1790215440,84013.72
1790215500,84005.3
1790215560,83955.54
1790215620,83970.72
1790215680,83831.96
1790215740,83806.08
1790215800,83794.86
1790215860,83778.14
1790215920,83741.97
1790215980,83887.12
1790216040,83923.62
1790216100,83934.07
1790216160,84057.19
1790216220,84124.21
1790216280,84169.08
1790216340,84196.79
1790216400,84220.77
1790216460,84189.11
1790216520,84157.92
1790216580,84112.89
1790216640,84095.88
1790216700,84097.88
1790216760,84083.01
1790216820,84088.44
1790216880,84084.85
1790216940,84110.51
1790217000,84150.27
1790217060,84162.54
1790217120,84135.29
1790217180,84262.95
1790217240,84235.21
1790217300,84200.45
1790217360,84170.86
1790217420,84175.19
1790217480,84183.44
1790217540,84223.23
1790217600,84237.32
1790217660,84296.04
1790217720,84317.64
1790217780,84325.49
1790217840,84317.88
1790217900,84319.86
1790217960,84331.51
1790218020,84326.65
1790218080,84363.18
1790218140,84350.4
1790218200,84339.34
1790218260,84338.33
1790218320,84325.37
1790218380,84325.68
1790218440,84338.06
1790218500,84358.58
1790218560,84336.68
1790218620,84336.68
1790218680,84340.89
1790218740,84356.64
1790218800,84349.88
1790218860,84370.42
1790218920,84402.64
1790218980,84410.86
1790219040,84448.43
1790219100,84428.13
1790219160,84406.75
1790219220,84365.71
1790219280,84338.24
1790219340,84300
1790219400,84323.41
1790219460,84292.56
1790219520,84242.27
1790219580,84229.24
1790219640,84241.67
1790219700,84331.58
1790219760,84287.65
1790219820,84257.33
1790219880,84241.66
1790219940,84234.69
1790220000,84209.45
1790220060,84178.09
1790220120,84164.77
1790220180,84145.04
1790220240,84067.77
1790220300,84029.13
1790220360,84054.47
1790220420,84051.39
1790220480,84012.32
1790220540,84010.23
1790220600,84049.04
1790220660,84004.17
1790220720,84012.62
1790220780,83954.7
1790220840,83962.34
1790220900,83982.28
1790220960,83984.13
1790221020,83964.73
1790221080,83950.7
1790221140,83942.84
1790221200,83929.21
1790221260,83971.91
1790221320,83987.62
1790221380,83980.97
1790221440,83990.01
1790221500,83996.33
1790221560,83986.25
1790221620,83969.99
1790221680,83953.56
1790221740,83945.64
1790221800,83930.2
1790221860,83924.04
1790221920,83874.79
1790221980,83859.93
1790222040,83905.78
1790222100,83903.91
1790222160,83878.18
1790222220,83854.01
1790222280,83847.18
1790222340,83898.82
1790222400,83928.16
1790222460,83892.24
1790222520,83886.23
1790222580,83854.04
1790222640,83830.87
1790222700,83847.42
1790222760,83825.34
1790222820,83873.17
1790222880,83901.32
1790222940,83887.42
1790223000,83919.62
1790223060,83858.99
1790223120,83842.62
1790223180,83814.47
1790223240,83823.03
1790223300,83812.21
1790223360,83865.05
1790223420,83870.3
1790223480,83813
1790223540,83785.22
1790223600,83817.13
1790223660,83841.36
1790223720,83858.1
1790223780,83865.12
1790223840,83855.12
1790223900,83863.19
1790223960,83869.33
1790224020,83882.23
1790224080,83879.41
1790224140,83904.47
1790224200,83921.59
1790224260,83877.8
1790224320,83885.54
1790224380,83867.24
1790224440,83888.43
1790224500,83888.92
1790224560,83897.79
1790224620,83874.56
1790224680,83852.7
1790224740,83857.97
1790224800,83869.95
1790224860,83864
1790224920,83857.93
1790224980,83864.61
1790225040,83852.92
1790225100,83864.46
1790225160,83859.51
1790225220,83860.57
1790225280,83797.69
1790225340,83775.5
1790225400,83790.82
1790225460,83780.8
1790225520,83780.01
1790225580,83840.1
1790225640,83854.9
1790225700,83870.62
1790225760,83912.9
1790225820,84036.84
1790225880,84029.11
1790225940,84017.82
1790226000,84024.37
1790226060,84080.63
1790226120,84101.56
1790226180,84168.59
1790226240,84215.07
1790226300,84230.32
1790226360,84313.99
1790226420,84272.7
1790226480,84345.02
1790226540,84312.5
1790226600,84298.09
1790226660,84278.08
1790226720,84267.15
1790226780,84227.55
1790226840,84203.33
1790226900,84186.26
1790226960,84203.31
1790227020,84158.9
1790227080,84172.32
1790227140,84176.35
1790227200,84159.52
1790227260,84163.44
1790227320,84115.89
1790227380,84149.84
1790227440,84169.71
1790227500,84150.11
1790227560,84176.2
1790227620,84164.04
1790227680,84158.85
1790227740,84172.89
1790227800,84168.96
1790227860,84140.41
1790227920,84119.33
1790227980,84114.3
1790228040,84095.9
1790228100,84081.99
1790228160,84107.43
1790228220,84092.02
1790228280,84110.21
1790228340,84198.23
1790228400,84156.99
1790228460,84206.03
1790228520,84176.71
1790228580,84176.98
1790228640,84206.08
1790228700,84179.06
1790228760,84176.35
1790228820,84220.03
1790228880,84163.45
1790228940,84171.34
1790229000,84132.16
1790229060,84161.96
1790229120,84139.41
1790229180,84138.76
1790229240,84157.92
1790229300,84139.78
1790229360,84120.43
1790229420,84093.48
1790229480,84015.2
1790229540,83983.56
1790229600,83965.41
1790229660,83959.95
1790229720,83921.85
1790229780,83929.96
1790229840,83990.47
1790229900,84024.53
1790229960,84006.16
1790230020,83964.71
1790230080,84037.27
1790230140,84089.57
1790230200,84120.38
1790230260,84117.14
1790230320,84157.91
1790230380,84176.54
1790230440,84137.45
1790230500,84112.99
1790230560,84116.54
1790230620,84152.97
1790230680,84124.91
1790230740,84170.79
1790230800,84139.62
1790230860,84092.77
1790230920,84087.97
1790230980,84088.18
1790231040,84054.88
1790231100,84125
1790231160,84118.88
1790231220,84118.87
1790231280,84152.83
1790231340,84139.82
1790231400,84177.87
1790231460,84196.55
1790231520,84200.33
1790231580,84212.76
1790231640,84167.42
1790231700,84174.05
1790231760,84190.52
1790231820,84175.62
1790231880,84167.97
1790231940,84179.99
1790232000,84173.63
1790232060,84141.92
1790232120,84170.79
1790232180,84196.55
1790232240,84183.36
1790232300,84178.32
1790232360,84150.06
1790232420,84071.99
1790232480,84100.41
1790232540,84119.26
1790232600,84143.35
1790232660,84123.33
1790232720,84105.39
1790232780,84105.74
1790232840,84093.88
1790232900,84097.22
1790232960,84102.83
1790233020,84123.6
1790233080,84143.81
1790233140,84115.61
1790233200,84095.61
1790233260,84052.08
1790233320,83992.83
1790233380,83971.44
1790233440,83979.27
1790233500,83994.63
1790233560,83994.63
1790233620,84032.77
1790233680,84082.7
1790233740,84063.76
1790233800,84063.46
1790233860,84065.84
1790233920,84018
1790233980,84023.48
1790234040,84048.76
1790234100,84071.99
1790234160,84080.63
1790234220,84119.33
1790234280,84093.52
1790234340,84145.01
1790234400,84170.79
1790234460,84171.25
1790234520,84151.17
1790234580,84175.77
1790234640,84155.51
1790234700,84167.35
1790234760,84227.78
1790234820,84246.42
1790234880,84242.03
1790234940,84338.23
1790235000,84408.44
1790235060,84410.22
1790235120,84509.15
1790235180,84519.38
1790235240,84487.46
1790235300,84472.11
1790235360,84518.37
1790235420,84497.99
1790235480,84494.05
1790235540,84445.31
1790235600,84450.19
1790235660,84413.25
1790235720,84429.4
1790235780,84392.73
1790235840,84373.73
1790235900,84416.37
1790235960,84394.31
1790236020,84396.8
1790236080,84391.75
1790236140,84454.29
1790236200,84426.36
1790236260,84451.57
1790236320,84495.79
1790236380,84506.13
1790236440,84565.88
1790236500,84577.28
1790236560,84547.02
1790236620,84497.51
1790236680,84490.84
1790236740,84500.98
1790236800,84503.45
1790236860,84497.75
1790236920,84555.78
1790236980,84536.34
1790237040,84530.45
1790237100,84551.21
1790237160,84554.6
1790237220,84552.96
1790237280,84558.48
1790237340,84551.55
1790237400,84515.31
1790237460,84497.52
1790237520,84435.79
1790237580,84418.98
1790237640,84389.71
1790237700,84388.85
1790237760,84360.48
1790237820,84385.22
1790237880,84420.04
1790237940,84350.69
1790238000,84340.78
1790238060,84264.33
1790238120,84169.24
1790238180,84168.2
1790238240,84128
1790238300,84109.31
1790238360,84132.17
1790238420,84022.76
1790238480,84017.09
1790238540,83917.92
1790238600,83763.27
1790238660,83853.61
1790238720,83933.37
1790238780,83938.95
1790238840,83922.72
1790238900,83758.68
1790238960,83756.72
1790239020,83792.55
1790239080,83849.3
1790239140,83819.4
1790239200,83809.94
1790239260,83823.07
1790239320,83783.64
1790239380,83717.08
1790239440,83745.75
1790239500,83704.19
1790239560,83683.66
1790239620,83662.93
1790239680,83607.25
1790239740,83590.28
1790239800,83315.07
1790239860,83361
1790239920,83454.08
1790239980,83441.51
1790240040,83480.24
1790240100,83479.57
1790240160,83465.86
1790240220,83479.37
1790240280,83494.31
1790240340,83556.74
1790240400,83634.15
1790240460,83669.95
1790240520,83645.43
1790240580,83558.44
1790240640,83539.05
1790240700,83505.6
1790240760,83588.32
1790240820,83570.84
1790240880,83599.03
1790240940,83582.8
1790241000,83603.45
1790241060,83541.08
1790241120,83526.33
1790241180,83478.92
1790241240,83491.18
1790241300,83439.22
1790241360,83435.63
1790241420,83371.36
1790241480,83388.84
1790241540,83418.38
1790241600,83470.16
1790241660,83471.4
1790241720,83439.11
1790241780,83368.46
1790241840,83371.3
1790241900,83357.32
1790241960,83351.21
1790242020,83351.65
1790242080,83372.99
1790242140,83329.77
1790242200,83340.19
1790242260,83166.26
1790242320,83188.99
1790242380,83089.85
1790242440,83001.01
1790242500,82932.6
1790242560,83181.98
1790242620,83239.08
1790242680,83279.32
1790242740,83230.08
1790242800,83190.97
1790242860,83237.01
1790242920,83227.62
1790242980,83244.93
1790243040,83137.6
1790243100,83138.62
1790243160,83058.94
1790243220,83125.16
1790243280,83073.97
1790243340,83056.91
1790243400,83108.2
1790243460,83153.39
1790243520,83130.44
1790243580,83215.27
1790243640,83206.3
1790243700,83214
1790243760,83240.87
1790243820,83203.99
1790243880,83175
1790243940,83229.08
1790244000,83244.97
1790244060,83283.1
1790244120,83332.99
1790244180,83328.2
1790244240,83361.01
1790244300,83315.99
1790244360,83280.45
1790244420,83221
1790244480,83208.96
1790244540,83235.85
1790244600,83280.41
1790244660,83342.23
1790244720,83314.47
1790244780,83216.15
1790244840,83146.09
1790244900,83275.66
1790244960,83253.41
1790245020,83344.22
1790245080,83276.87
1790245140,83281.81
1790245200,83281.87
1790245260,83205.56
1790245320,83197.52
1790245380,83198.48
1790245440,83232.97
1790245500,83241.37
1790245560,83238.82
1790245620,83260.83
1790245680,83219.75
1790245740,83175.92
1790245800,83234.25
1790245860,83181.54
1790245920,83157.2
1790245980,83182.54
1790246040,83217.99
1790246100,83260.53
1790246160,83265.66
1790246220,83214.93
1790246280,83242.25
1790246340,83298.23
1790246400,83347.71
1790246460,83408.9
1790246520,83406.75
1790246580,83402.94
1790246640,83373.18
1790246700,83369.69
1790246760,83360.15
1790246820,83347.99
1790246880,83372.84
1790246940,83389.7
1790247000,83501.2
1790247060,83506.07
1790247120,83473.63
1790247180,83478.72
1790247240,83492.55
1790247300,83466.37
1790247360,83461.82
1790247420,83417.86
1790247480,83468.11
1790247540,83493.82
1790247600,83496.96
1790247660,83550.19
1790247720,83552.59
1790247780,83535.54
1790247840,83580.72
1790247900,83578.34
1790247960,83542.58
1790248020,83523.29
1790248080,83495.97
1790248140,83482.14
1790248200,83539.68
1790248260,83506.14
1790248320,83514.73
1790248380,83514.03
1790248440,83501.08
1790248500,83545.53
1790248560,83565.97
1790248620,83565.42
1790248680,83538.05
1790248740,83531.16
1790248800,83525.62
1790248860,83510.41
1790248920,83508.02
1790248980,83542.01
1790249040,83565.44
1790249100,83574.81
1790249160,83538.35
1790249220,83541.66
1790249280,83512.6
1790249340,83516.07
1790249400,83505.96
1790249460,83501
1790249520,83493.31
1790249580,83475.28
1790249640,83462.28
1790249700,83461.42
1790249760,83482.38
1790249820,83460.09
1790249880,83431.01
1790249940,83429.17
1790250000,83456.08
1790250060,83444.4
1790250120,83425.85
1790250180,83398
1790250240,83409.01
1790250300,83429.99
1790250360,83420.77
1790250420,83443.82
1790250480,83438.04
1790250540,83407.69
1790250600,83408.18
1790250660,83443.26
1790250720,83461.73
1790250780,83385.32
1790250840,83392.61
1790250900,83410.5
1790250960,83412.78
1790251020,83389.48
1790251080,83417.63
1790251140,83433.05
1790251200,83468.76
1790251260,83406.3
1790251320,83373.56
1790251380,83412.78
1790251440,83400.56
1790251500,83369.35
1790251560,83408.32
1790251620,83412.68
1790251680,83430
1790251740,83523.13
1790251800,83516.18
1790251860,83571.61
1790251920,83528.88
1790251980,83541.25
1790252040,83508.03
1790252100,83511.36
1790252160,83526.55
1790252220,83549
1790252280,83561.77
1790252340,83530.4
1790252400,83503.17
1790252460,83556.72
1790252520,83553.78
1790252580,83603.79
1790252640,83597.99
1790252700,83648.28
1790252760,83575.26
1790252820,83506.74
1790252880,83518.65
1790252940,83532.44
1790253000,83527.69
1790253060,83535.53
1790253120,83472.19
1790253180,83412
1790253240,83349.52
1790253300,83369.75
1790253360,83317.4
1790253420,83370.04
1790253480,83374.86
1790253540,83365.53
1790253600,83366.97
1790253660,83397.16
1790253720,83451.64
1790253780,83479.73
1790253840,83442.38
1790253900,83473.74
1790253960,83430
1790254020,83450.28
1790254080,83428.48
1790254140,83464.74
1790254200,83423.76
1790254260,83406.05
1790254320,83431.48
1790254380,83426.04
1790254440,83392.92
1790254500,83460.16
1790254560,83490.58
1790254620,83560.19
1790254680,83613.75
1790254740,83602.53
1790254800,83578.94
1790254860,83627.75
1790254920,83603.04
1790254980,83660.06
1790255040,83699.69
1790255100,83722.04
1790255160,83693.09
1790255220,83671.46
1790255280,83693.34
1790255340,83707.44
1790255400,83678.97
1790255460,83683.92
1790255520,83650
1790255580,83684.67
1790255640,83736.3
1790255700,83744.3
1790255760,83739.53
1790255820,83753.65
1790255880,83800
1790255940,83820.41
1790256000,83883.02
1790256060,83939.98
1790256120,83825.99
1790256180,83790
1790256240,83802.72
1790256300,83779.02
1790256360,83846
1790256420,83814.51
1790256480,83798.19
1790256540,83792.78
1790256600,83758.81
1790256660,83839.2
1790256720,84050.3
1790256780,84116.38
1790256840,84071.49
1790256900,84111.9
1790256960,83992.48
1790257020,83990.4
1790257080,84084.94
1790257140,84197.82
1790257200,84225.83
1790257260,84072.37
1790257320,83887.38
1790257380,83876.5
1790257440,83932.83
1790257500,83921.94
1790257560,83912.06
1790257620,83950.56
1790257680,84012.16
1790257740,83952.08
1790257800,83866.96
1790257860,83911.92
1790257920,83929.07
1790257980,83924.25
1790258040,83868.04
1790258100,84004.37
1790258160,84153.11
1790258220,84145.79
1790258280,84166.95
1790258340,84216.13
1790258400,84236.3
1790258460,84183.97
1790258520,84127.68
1790258580,84221.04
1790258640,84194.5
1790258700,84178.45
1790258760,84156.92
1790258820,84287.61
1790258880,84338.11
1790258940,84286.03
1790259000,84233.69
1790259060,84252.04
1790259120,84159.51
1790259180,84122.16
1790259240,84210.08
1790259300,84203.86
1790259360,84122.17
1790259420,84233.39
1790259480,84260.21
1790259540,84260.08
1790259600,84286.2
1790259660,84291.9
1790259720,84266.05
1790259780,84248.2
1790259840,84313.03
1790259900,84364.57
1790259960,84463.27
1790260020,84466.44
1790260080,84599
1790260140,84830.34
1790260200,84854.18
1790260260,84735.3
1790260320,84778.51
1790260380,84777.24
1790260440,84732.22
1790260500,84762
1790260560,84721.73
1790260620,84584.32
1790260680,84531.31
1790260740,84474.87
1790260800,84492.95
1790260860,84516.65
1790260920,84457.59
1790260980,84468.24
1790261040,84382.87
1790261100,84387.73
1790261160,84326.75
1790261220,84238.73
1790261280,84184.16
1790261340,83949.13
1790261400,83779.39
1790261460,83758.83
1790261520,83802.47
1790261580,83534.02
1790261640,83625.22
1790261700,83743.96
1790261760,83719.69
1790261820,83667.34
1790261880,83586.75
1790261940,83620.44
1790262000,83644.95
1790262060,83607.85
1790262120,83633.63
1790262180,83493.22
1790262240,83619.97
1790262300,83735.7
1790262360,83733.96
1790262420,83866.65
1790262480,83825.91
1790262540,83871.52
1790262600,83826.63
1790262660,83759.75
1790262720,83873.26
1790262780,83856.76
1790262840,83850.24
1790262900,83874.95
1790262960,83932.94
1790263020,83995.58
1790263080,84009.39
1790263140,83932.84
1790263200,83993.18
1790263260,84004.88
1790263320,84011.41
1790263380,84036.73
1790263440,84128.52
1790263500,84208.74
1790263560,84121.12
1790263620,84105
1790263680,84113.98
1790263740,84064.59
1790263800,84102.5
1790263860,84076.03
1790263920,84159.24
1790263980,84152.22
1790264040,84168.4
1790264100,84205.88
1790264160,84269.65
1790264220,84319.11
1790264280,84390.07
1790264340,84307.49
1790264400,84298.18
1790264460,84315.78
1790264520,84332.28
1790264580,84295.11
1790264640,84321.14
1790264700,84406.43
1790264760,84357.01
1790264820,84310.07
1790264880,84326.55
1790264940,84274.56
1790265000,84321.77
1790265060,84319.92
1790265120,84319.21
1790265180,84321.76
1790265240,84358.61
1790265300,84406.43
1790265360,84389.75
1790265420,84417.01
1790265480,84390.8
1790265540,84393.34
1790265600,84401.36
1790265660,84262.02
1790265720,84279.18
1790265780,84281.65
1790265840,84218.84
1790265900,84212.69
1790265960,84228.91
1790266020,84200.25
1790266080,84123.15
1790266140,84198.84
1790266200,84187.84
1790266260,84155.62
1790266320,84081.11
1790266380,84024.43
1790266440,84081.93
1790266500,84233.32
1790266560,84422.06
1790266620,84686.13
1790266680,84777.24
1790266740,84529.34
1790266800,84536.24
1790266860,84665.04
1790266920,84625.55
1790266980,84636.89
1790267040,84606.62
1790267100,84560.45
1790267160,84510.9
1790267220,84590.98
1790267280,84606.73
1790267340,84706.09
1790267400,84691.14
1790267460,84626.06
1790267520,84543.65
1790267580,84498.19
1790267640,84488.48
1790267700,84470
1790267760,84591.83
1790267820,84607.97
1790267880,84589.71
1790267940,84620.77
1790268000,84664.05
1790268060,84793.08
1790268120,84895.8
1790268180,84817.52
1790268240,84700
1790268300,84520.7
1790268360,84518.16
1790268420,84607.07
1790268480,84660.08
1790268540,84628.92
1790268600,84617.56
1790268660,84563.1
1790268720,84562.73
1790268780,84503.31
1790268840,84454.82
1790268900,84507.58
1790268960,84429.94
1790269020,84486.03
1790269080,84482.92
1790269140,84502.85
1790269200,84467.79
1790269260,84405.01
1790269320,84480.6
1790269380,84487.69
1790269440,84481.62
1790269500,84446.33
1790269560,84408.7
1790269620,84351.04
1790269680,84407.54
1790269740,84456.51
1790269800,84445.39
1790269860,84413.13
1790269920,84415.16
1790269980,84370.39
1790270040,84404.63
1790270100,84458.22
1790270160,84425.19
1790270220,84480.34
1790270280,84366.67
1790270340,84413.78
1790270400,84332.05
1790270460,84335.48
1790270520,84337.84
1790270580,84306.7
1790270640,84250.46
1790270700,84222.66
1790270760,84210.75
1790270820,84220.08
1790270880,84249.74
1790270940,84280.73
1790271000,84302.29
1790271060,84358.23
1790271120,84373.05
1790271180,84379.83
1790271240,84335.02
1790271300,84266.17
1790271360,84242.47
1790271420,84268.12
1790271480,84186.91
1790271540,84160.93
1790271600,84226.04
1790271660,84204.53
1790271720,84195.36
1790271780,84228.9
1790271840,84124.59
1790271900,84147
1790271960,84152.18
1790272020,84163.38
1790272080,84195.62
1790272140,84192.63
1790272200,84149.42
1790272260,84191.08
1790272320,84127.57
1790272380,84099.64
1790272440,84060.98
1790272500,84034.82
1790272560,84003.32
1790272620,84050.15
1790272680,84089.66
1790272740,84069.89
1790272800,84091.6
1790272860,84051.82
1790272920,84006.23
1790272980,83931.22
1790273040,83881.48
1790273100,83925.1
1790273160,83982.87
1790273220,84063
1790273280,84025.58
1790273340,84135.03
1790273400,84142.85
1790273460,84187.86
1790273520,84164.28
1790273580,84179.01
1790273640,84179.28
1790273700,84230.04
1790273760,84264.33
1790273820,84297.16
1790273880,84342.94
1790273940,84345.97
1790274000,84340.7
1790274060,84341.63
1790274120,84352.21
1790274180,84377.8
1790274240,84361.42
1790274300,84372.74
1790274360,84355.58
1790274420,84421.28
1790274480,84449.77
1790274540,84425.31
1790274600,84400.66
1790274660,84435.74
1790274720,84386.67
1790274780,84357.71
1790274840,84341.75
1790274900,84307.79
1790274960,84218.89
1790275020,84237.84
1790275080,84303.5
1790275140,84470.19
1790275200,84422.21
1790275260,84381.52
1790275320,84383.41
1790275380,84386.98
1790275440,84380.54
1790275500,84400
1790275560,84386.74
1790275620,84375.95
1790275680,84338.39
1790275740,84375.14
1790275800,84385.55
1790275860,84481.03
1790275920,84461.6
1790275980,84449.24
1790276040,84415.66
1790276100,84422.95
1790276160,84455.06
1790276220,84481.31
1790276280,84515.93
1790276340,84470.52
1790276400,84453.28
1790276460,84438.09
1790276520,84356.85
1790276580,84322.8
1790276640,84283.07
1790276700,84294.74
1790276760,84320.58
1790276820,84339.96
1790276880,84405.21
1790276940,84428.05
1790277000,84476.25
1790277060,84463.71
1790277120,84499.99
1790277180,84515.25
1790277240,84579.09
1790277300,84564.38
1790277360,84520.43
1790277420,84531.44
1790277480,84558.62
1790277540,84580.73
1790277600,84588.03
1790277660,84545.13
1790277720,84548.95
1790277780,84577.06
1790277840,84598.85
1790277900,84610.34
1790277960,84637.65
1790278020,84599.37
1790278080,84598.01
1790278140,84612.31
1790278200,84613.75
1790278260,84598.84
1790278320,84584.2
1790278380,84550.01
1790278440,84583.13
1790278500,84606.95
1790278560,84555.98
1790278620,84535.21
1790278680,84480.38
1790278740,84497.65
1790278800,84459.62
1790278860,84417.98
1790278920,84432.9
1790278980,84415.75
1790279040,84414.84
1790279100,84413.85
1790279160,84466.11
1790279220,84408.76
1790279280,84439.55
1790279340,84466.3
1790279400,84500.4
1790279460,84537.01
1790279520,84539.84
1790279580,84508.48
1790279640,84512.84
1790279700,84533.99
1790279760,84499.64
1790279820,84359.31
1790279880,84343.45
1790279940,84302.31
1790280000,84395.47
1790280060,84374.41
1790280120,84315.99
1790280180,84365.3
1790280240,84382.24
1790280300,84372.48
1790280360,84322.81
1790280420,84348.09
1790280480,84368.37
1790280540,84401.37
1790280600,84385.86
1790280660,84394.31
1790280720,84378.84
1790280780,84353.37
1790280840,84286.48
1790280900,84233.68
1790280960,84251.56
1790281020,84229.88
1790281080,84271.86
1790281140,84283.3
1790281200,84275.83
1790281260,84229.31
1790281320,84209.63
1790281380,84253.39
1790281440,84201.33
1790281500,84175.1
1790281560,84200.02
1790281620,84215.32
1790281680,84229.02
1790281740,84278.83
1790281800,84259.37
1790281860,84224.48
1790281920,84238.83
1790281980,84213.83
1790282040,84199.61
1790282100,84240.85
1790282160,84258.18
1790282220,84274.73
1790282280,84280.43
1790282340,84320.41
1790282400,84362.46
1790282460,84384.12
1790282520,84382.44
1790282580,84380.59
1790282640,84394.35
1790282700,84370.58
1790282760,84389.66
1790282820,84439.08
1790282880,84379.45
1790282940,84375.34
1790283000,84457.99
1790283060,84447.98
1790283120,84444.59
1790283180,84422.32
1790283240,84394.66
1790283300,84342.98
1790283360,84263.76
1790283420,84317.66
1790283480,84277.35
1790283540,84343.69
1790283600,84354.08
1790283660,84379.44
1790283720,84359.96
1790283780,84330.99
1790283840,84338.17
1790283900,84325
1790283960,84322.29
1790284020,84303.03
1790284080,84315.29
1790284140,84329.48
1790284200,84327.04
1790284260,84345.17
1790284320,84329.26
1790284380,84348.64
1790284440,84332.7
1790284500,84310.26
1790284560,84365.27
1790284620,84374.68
1790284680,84366.34
1790284740,84405.55
1790284800,84396.82
1790284860,84420.86
1790284920,84423.55
1790284980,84398.92
1790285040,84396.87
1790285100,84402.06
1790285160,84408.53
1790285220,84413.23
1790285280,84433.1
1790285340,84406.28
1790285400,84405.54
1790285460,84412.41
1790285520,84438.53
1790285580,84457.12
1790285640,84478.93
1790285700,84474.32
1790285760,84485.58
1790285820,84487.62
1790285880,84425.18
1790285940,84420.43
1790286000,84409.33
1790286060,84428.98
1790286120,84478.26
1790286180,84466.05
1790286240,84445.51
1790286300,84470.75
1790286360,84449.32
1790286420,84452.43
1790286480,84425.01
1790286540,84432.66
1790286600,84396.42
1790286660,84402.93
1790286720,84412.11
1790286780,84403.64
1790286840,84403.41
1790286900,84393.36
1790286960,84357.37
1790287020,84359.15
1790287080,84362.5
1790287140,84326.85
1790287200,84320.1
1790287260,84274.6
1790287320,84272.71
1790287380,84308.37
1790287440,84341.71
1790287500,84343.82
1790287560,84252.22
1790287620,84292
1790287680,84330.43
1790287740,84304.86
1790287800,84319.97
1790287860,84324.22
1790287920,84313.5
1790287980,84336.95
1790288040,84314.19
1790288100,84314.15
1790288160,84329.62
1790288220,84224.9
1790288280,84181.18
1790288340,84124.32
1790288400,84001
1790288460,84048.81
1790288520,84066
1790288580,84092.84
1790288640,84068
1790288700,84143.06
1790288760,84169.24
1790288820,84152.45
1790288880,84137.45
1790288940,84135.64
1790289000,84117.75
1790289060,84132.4
1790289120,84154.38
1790289180,84130.82
1790289240,84177.19
1790289300,84163.02
1790289360,84141.35
1790289420,84133.48
1790289480,84120.4
1790289540,84104.27
1790289600,84085.59
1790289660,84062.7
1790289720,84076.6
1790289780,84096.23
1790289840,84127.75
1790289900,84117.24
1790289960,84131.81
1790290020,84149.99
1790290080,84216.58
1790290140,84207.19
1790290200,84225.31
1790290260,84221.43
1790290320,84221.42
1790290380,84217.17
1790290440,84227.95
1790290500,84235.53
1790290560,84229.04
1790290620,84219.83
1790290680,84232.96
1790290740,84216.94
1790290800,84263.42
1790290860,84280.28
1790290920,84261.78
1790290980,84272.94
1790291040,84291.19
1790291100,84299.82
1790291160,84321.56
1790291220,84343.21
1790291280,84350.6
1790291340,84326.38
1790291400,84328.31
1790291460,84337.81
1790291520,84342.86
1790291580,84249.66
1790291640,84284.38
1790291700,84280.32
1790291760,84267.54
1790291820,84315.52
1790291880,84317.62
1790291940,84320.36
1790292000,84325.15
1790292060,84322.87
1790292120,84365.27
1790292180,84369.71
1790292240,84364.38
1790292300,84371.64
1790292360,84387.21
1790292420,84391.69
1790292480,84415.53
1790292540,84420
1790292600,84405.01
1790292660,84418
1790292720,84409.67
1790292780,84400.69
1790292840,84418.37
1790292900,84417.27
1790292960,84435.64
1790293020,84453.04
1790293080,84434.93
1790293140,84451.15
1790293200,84412.02
1790293260,84425
1790293320,84437.22
1790293380,84435.68
1790293440,84399.81
1790293500,84380.89
1790293560,84382.29
1790293620,84380.9
1790293680,84381.78
1790293740,84378.02
1790293800,84388.35
1790293860,84424.32
1790293920,84389.8
1790293980,84389.8
1790294040,84402.89
1790294100,84357.55
1790294160,84369.62
1790294220,84382.81
1790294280,84380.02
1790294340,84385.47
1790294400,84385.46
1790294460,84407.75
1790294520,84421.91
1790294580,84440.04
1790294640,84468.63
1790294700,84499.99
1790294760,84529.94
1790294820,84474.59
1790294880,84523.75
1790294940,84607.56
1790295000,84688.7
1790295060,84592.03
1790295120,84611.49
1790295180,84613.23
1790295240,84631.15
1790295300,84639.55
1790295360,84599.41
1790295420,84602.43
1790295480,84570.02
1790295540,84535.2
1790295600,84543.22
1790295660,84572.16
1790295720,84565.02
1790295780,84594.02
1790295840,84633.05
1790295900,84597.12
1790295960,84611.84
1790296020,84597.91
1790296080,84629.96
1790296140,84644.31
1790296200,84654
1790296260,84555.01
1790296320,84540.17
1790296380,84560.93
1790296440,84576.08
1790296500,84559.49
1790296560,84535.21
1790296620,84585.02
1790296680,84583.31
1790296740,84582.44
1790296800,84590.39
1790296860,84630.71
1790296920,84646.37
1790296980,84606.01
1790297040,84611.47
1790297100,84575.42
1790297160,84564.3
1790297220,84600.04
1790297280,84574.31
1790297340,84585.77
1790297400,84628.03
1790297460,84578.69
1790297520,84617.74
1790297580,84584.02
1790297640,84598.26
1790297700,84630.09
1790297760,84610.06
1790297820,84594.55
1790297880,84565.73
1790297940,84560.59
1790298000,84577.63
1790298060,84576.14
1790298120,84626.22
1790298180,84672.97
1790298240,84674.77
1790298300,84661.93
1790298360,84657.17
1790298420,84659.01
1790298480,84677.65
1790298540,84701.13
1790298600,84706.88
1790298660,84726.14
1790298720,84787.82
1790298780,84709.35
1790298840,84713
1790298900,84682.74
1790298960,84696.81
1790299020,84666.01
1790299080,84713.45
1790299140,84702.1
1790299200,84664.44
1790299260,84626.21
1790299320,84651.93
1790299380,84597.02
1790299440,84556.07
1790299500,84544.69
1790299560,84510.01
1790299620,84550
1790299680,84564.84
1790299740,84521.04
1790299800,84516.54
1790299860,84414.88
1790299920,84361.5
1790299980,84440.31
1790300040,84405.73
1790300100,84399.29
1790300160,84385.99
1790300220,84338.4
1790300280,84363.95
1790300340,84367.34
1790300400,84442.73
1790300460,84407.74
1790300520,84508.04
1790300580,84500.3
1790300640,84480.21
1790300700,84465.84
1790300760,84477
1790300820,84516.29
1790300880,84494.7
1790300940,84513.62
1790301000,84534.6
1790301060,84561.98
1790301120,84580.45
1790301180,84591.83
1790301240,84538.02
1790301300,84520.62
1790301360,84499.86
1790301420,84513.02
1790301480,84520.22
1790301540,84544.01
1790301600,84596.07
1790301660,84564.48
1790301720,84589.7
1790301780,84699.99
1790301840,84740.26
1790301900,84838.75
1790301960,84812.37
1790302020,84824.36
1790302080,84791.01
1790302140,84739.66
1790302200,84776.86
1790302260,84834.24
1790302320,84846.86
1790302380,84839.01
1790302440,84810.28
1790302500,84810.01
1790302560,84752.86
1790302620,84805.78
1790302680,84823.35
1790302740,84824.99
1790302800,84847.18
1790302860,84817.54
1790302920,84833.03
1790302980,84787.05
1790303040,84766.12
1790303100,84747.61
1790303160,84752.39
1790303220,84759.02
1790303280,84726.2
1790303340,84650.82
1790303400,84671.9
1790303460,84675.26
1790303520,84696.49
1790303580,84680.57
1790303640,84680
1790303700,84608.83
1790303760,84595.66
1790303820,84478.57
1790303880,84500
1790303940,84443.96
1790304000,84422.53
1790304060,84379.69
1790304120,84400.21
1790304180,84452.97
1790304240,84463
1790304300,84456.55
1790304360,84428.02
1790304420,84280.4
1790304480,84270.66
1790304540,84300
1790304600,84324.05
1790304660,84255.76
1790304720,84247.99
1790304780,84271.69
1790304840,84223.09
1790304900,84216.33
1790304960,84198.01
1790305020,84193.99
1790305080,84166.69
1790305140,84207.47
1790305200,84220.94
1790305260,84193.12
1790305320,84186.15
1790305380,84175.55
1790305440,84198.68
1790305500,84239.35
1790305560,84277.67
1790305620,84250.9
1790305680,84279.9
1790305740,84291.33
1790305800,84304.16
1790305860,84279.26
1790305920,84300.27
1790305980,84286.57
1790306040,84234.22
1790306100,84235.07
1790306160,84309.72
1790306220,84235.47
1790306280,84256.95
1790306340,84225
1790306400,84217.69
1790306460,84229.29
1790306520,84216.55
1790306580,84241.55
1790306640,84214.75
1790306700,84206.02
1790306760,84212.03
1790306820,84225
1790306880,84177.96
1790306940,84146.88
1790307000,84129.16
1790307060,84058.02
1790307120,84117.67
1790307180,84180.35
1790307240,84196.69
1790307300,84211.38
1790307360,84212.09
1790307420,84218.56
1790307480,84261.61
1790307540,84298.34
1790307600,84322.79
1790307660,84298.33
1790307720,84299.62
1790307780,84274.67
1790307840,84221.79
1790307900,84180.35
1790307960,84152.89
1790308020,84177.19
1790308080,84178.02
1790308140,84194.78
1790308200,84172.27
1790308260,84214.07
1790308320,84192.45
1790308380,84176.78
1790308440,84177.46
1790308500,84171.37
1790308560,84197.88
1790308620,84200.45
1790308680,84219.28
1790308740,84218.95
1790308800,84216
1790308860,84204.16
1790308920,84194.83
1790308980,84170.87
1790309040,84147.51
1790309100,84142.4
1790309160,84150.2
1790309220,84166.66
1790309280,84204.63
1790309340,84188.02
1790309400,84190.62
1790309460,84130.55
1790309520,84108.87
1790309580,84057.3
1790309640,84080.39
1790309700,84048.76
1790309760,84066.67
1790309820,84138.72
1790309880,84133.02
1790309940,84099.41
1790310000,84108.72
1790310060,84089.45
1790310120,84124.01
1790310180,84113.02
1790310240,84099.48
1790310300,84103.57
1790310360,84100.67
1790310420,84087.71
1790310480,84091.12
1790310540,84103.59
1790310600,84108.01
1790310660,84134.76
1790310720,84132.45
1790310780,84128.39
1790310840,84140.23
1790310900,84174.12
1790310960,84172.73
1790311020,84183.5
1790311080,84172.74
1790311140,84189.96
1790311200,84223.4
1790311260,84228.18
1790311320,84255.85
1790311380,84283.78
1790311440,84270.04
1790311500,84256.22
1790311560,84275.16
1790311620,84264.63
1790311680,84237.85
1790311740,84202.12
1790311800,84190.77
1790311860,84169.73
1790311920,84169.94
1790311980,84171.78
1790312040,84172.41
1790312100,84148.94
1790312160,84156.95
1790312220,84189.01
1790312280,84187.31
1790312340,84183.51
1790312400,84189.81
1790312460,84206.01
1790312520,84227
1790312580,84235.02
1790312640,84227.53
1790312700,84210.1
1790312760,84179.32
1790312820,84202.66
1790312880,84162.11
1790312940,84181.19
1790313000,84210.06
1790313060,84203.61
1790313120,84175.92
1790313180,84184.96
1790313240,84180.06
1790313300,84144.49
1790313360,84191.87
1790313420,84235.02
1790313480,84210.07
1790313540,84177.49
1790313600,84162
1790313660,84164.47
1790313720,84170.84
1790313780,84121.78
1790313840,84082.76
1790313900,84105.32
1790313960,84143.53
1790314020,84172.33
1790314080,84171
1790314140,84168
1790314200,84168.01
1790314260,84128.62
1790314320,84135.85
1790314380,84108
1790314440,84172.33
1790314500,84148.55
1790314560,84190.98
1790314620,84234.88
1790314680,84249.86
1790314740,84270.41
1790314800,84332.15
1790314860,84283.56
1790314920,84262.77
1790314980,84237.85
1790315040,84238.36
1790315100,84251.3
1790315160,84280.02
1790315220,84265.55
1790315280,84275.59
1790315340,84253.36
1790315400,84252
1790315460,84247.05
1790315520,84242.01
1790315580,84237.84
1790315640,84204.48
1790315700,84232.75
1790315760,84211.98
1790315820,84190.8
1790315880,84187.01
1790315940,84188.73
1790316000,84181.75
1790316060,84159.87
1790316120,84168.56
1790316180,84172.77
1790316240,84170.48
1790316300,84179.3
1790316360,84216.31
1790316420,84181.2
1790316480,84167.04
1790316540,84179.06
1790316600,84062.01
1790316660,84029.3
1790316720,84018.01
1790316780,83996.23
1790316840,84015.07
1790316900,84111.46
1790316960,84056.1
1790317020,84086.58
1790317080,84086.86
1790317140,84107.83
1790317200,84195.35
1790317260,84237.36
1790317320,84251.72
1790317380,84186.61
1790317440,84199.59
1790317500,84198.7
1790317560,84153.7
1790317620,84145.02
1790317680,84082.76
1790317740,84061.85
1790317800,84092.11
1790317860,84094.09
1790317920,84092.54
1790317980,84081.51
1790318040,84006.63
1790318100,84032.02
1790318160,84026.29
1790318220,83987.85
1790318280,83983.03
1790318340,83950
1790318400,83954.63
1790318460,83997.01
1790318520,84003.9
1790318580,84014.97
1790318640,84023.36
1790318700,84025.43
1790318760,84028.07
1790318820,84066.4
1790318880,83997.12
1790318940,84021.43
1790319000,84009.63
1790319060,84007.83
1790319120,84017
1790319180,84036.35
1790319240,84034.52
1790319300,84053.75
1790319360,84037.67
1790319420,84053.41
1790319480,84035.12
1790319540,84026.64
1790319600,84022.58
1790319660,84048.6
1790319720,84035.08
1790319780,84019.37
1790319840,84013.01
1790319900,83969.29
1790319960,83990.68
1790320020,83987.7
1790320080,83942.95
1790320140,83770.01
1790320200,83837.23
1790320260,83869.68
1790320320,83871.02
1790320380,83770.6
1790320440,83784.04
1790320500,83803.61
1790320560,83836.14
1790320620,83855.51
1790320680,83925.05
1790320740,83924.8
1790320800,83929.49
1790320860,83979.81
1790320920,83975.97
1790320980,83979.82
1790321040,83961.8
1790321100,83979.63
1790321160,84011.05
1790321220,83992.73
1790321280,83997.12
1790321340,84029.45
1790321400,84042.01
1790321460,84078.24
1790321520,84024.4
1790321580,83947.66
1790321640,83886.16
1790321700,83832.95
1790321760,83847.63
1790321820,83840
1790321880,83877.19
1790321940,83832.33
1790322000,83802.46
1790322060,83803.68
1790322120,83846.03
1790322180,83853.16
1790322240,83894.34
1790322300,83900.68
1790322360,83894.03
1790322420,83949.93
1790322480,83966.68
1790322540,83945.68
1790322600,83981.39
1790322660,84013.26
1790322720,83999.78
1790322780,83985.28
1790322840,84009.2
1790322900,83977.2
1790322960,84005.89
1790323020,84019.85
1790323080,84053.75
1790323140,84064.76
1790323200,84023.5
1790323260,84064.82
1790323320,84115.77
1790323380,84124.08
1790323440,84146.11
1790323500,84113.66
1790323560,84113.64
1790323620,84118.91
1790323680,84053.75
1790323740,84090.5
1790323800,84107.92
1790323860,84072.36
1790323920,84079.07
1790323980,84139.02
1790324040,84109.07
1790324100,84097.73
1790324160,84160.95
1790324220,84174.71
1790324280,84193.74
1790324340,84220.22
1790324400,84234.41
1790324460,84234.42
1790324520,84329.59
1790324580,84315.34
1790324640,84324.44
1790324700,84350.28
1790324760,84366.08
1790324820,84392.19
1790324880,84418.57
1790324940,84445.33
1790325000,84407.76
1790325060,84403.27
1790325120,84404.01
1790325180,84393.85
1790325240,84401.34
1790325300,84368.39
1790325360,84362.07
1790325420,84355.97
1790325480,84347.11
1790325540,84356.72
1790325600,84329.32
1790325660,84336.96
1790325720,84325.08
1790325780,84309.65
1790325840,84314.71
1790325900,84301.29
1790325960,84281.05
1790326020,84308.03
1790326080,84308.02
1790326140,84296.24
1790326200,84269.18
1790326260,84302.96
1790326320,84331.56
1790326380,84330.55
1790326440,84336.61
1790326500,84352.4
1790326560,84389.13
1790326620,84451.55
1790326680,84423.4
1790326740,84404.97
1790326800,84406.85
1790326860,84431.5
1790326920,84467.37
1790326980,84495.17
1790327040,84495.05
1790327100,84567.07
1790327160,84611.02
1790327220,84695.54
1790327280,84688.83
1790327340,84662.64
1790327400,84636.53
1790327460,84598.92
1790327520,84619.36
1790327580,84610.65
1790327640,84614.99
1790327700,84584.45
1790327760,84596.65
1790327820,84586.05
1790327880,84553.47
1790327940,84626.96
1790328000,84596.77
1790328060,84556.92
1790328120,84562.42
1790328180,84589.83
1790328240,84609.83
1790328300,84669.32
1790328360,84657.53
1790328420,84710.07
1790328480,84722.17
1790328540,84807.57
1790328600,84797.71
1790328660,84801.6
1790328720,84740.19
1790328780,84711.33
1790328840,84694.86
1790328900,84723.61
1790328960,84692.97
1790329020,84669.86
1790329080,84662.42
1790329140,84680.8
1790329200,84695.35
1790329260,84644.12
1790329320,84596.71
1790329380,84609.65
1790329440,84620.13
1790329500,84626.17
1790329560,84594.98
1790329620,84623.75
1790329680,84624.66
1790329740,84609.13
1790329800,84600
1790329860,84600.35
1790329920,84585.19
1790329980,84565.85
1790330040,84603.23
1790330100,84572.81
1790330160,84619.13
1790330220,84620.5
1790330280,84593.77
1790330340,84585.37
1790330400,84567.53
1790330460,84556.22
1790330520,84493.91
1790330580,84440.23
1790330640,84398.75
1790330700,84406.07
1790330760,84400.96
1790330820,84400.96
1790330880,84396.97
1790330940,84405.68
1790331000,84430.49
1790331060,84473.51
1790331120,84472.33
1790331180,84478.6
1790331240,84485.48
1790331300,84481.92
1790331360,84477.74
1790331420,84474.22
1790331480,84471.63
1790331540,84447.73
1790331600,84446.42
1790331660,84489.08
1790331720,84465.02
1790331780,84451.35
1790331840,84481.05
1790331900,84531.66
1790331960,84553.91
1790332020,84574.73
1790332080,84651
1790332140,84741.01
1790332200,84713.36
1790332260,84745.96
1790332320,84704.48
1790332380,84651.52
1790332440,84706.6
1790332500,84684.62
1790332560,84682.33
1790332620,84719.64
1790332680,84741.27
1790332740,84725.42
1790332800,84691.17
1790332860,84709.74
1790332920,84750.12
1790332980,84795.78
1790333040,84739.16
1790333100,84768.55
1790333160,84759.06
1790333220,84767.09
1790333280,84774.41
1790333340,84801.24
1790333400,84773.84
1790333460,84739.22
1790333520,84809.05
1790333580,84791.29
1790333640,84809.42
1790333700,84820.53
1790333760,84734.77
1790333820,84749.37
1790333880,84712.32
1790333940,84706.4
1790334000,84709.25
1790334060,84692.61
1790334120,84764.36
1790334180,84762.25
1790334240,84770.21
1790334300,84801.69
1790334360,84805.41
1790334420,84992
1790334480,85052.19
1790334540,85089
1790334600,85074.42
1790334660,85054.93
1790334720,85120.01
1790334780,85160.78
1790334840,85140.08
1790334900,85230.52
1790334960,85219.4
1790335020,85164.29
1790335080,85160.74
1790335140,85056.15
1790335200,85088.53
1790335260,85033.41
1790335320,85031.74
1790335380,85017.29
1790335440,84900.02
1790335500,84936.62
1790335560,84894.37
1790335620,84951.79
1790335680,84940.22
1790335740,84953.66
1790335800,84930.44
1790335860,84886.41
1790335920,84859.07
1790335980,84857.78
1790336040,84818.68
1790336100,84880.83
1790336160,84932.44
1790336220,84839.05
1790336280,84829.92
1790336340,84867
1790336400,84824.65
1790336460,84787.3
1790336520,84716.41
1790336580,84732.26
1790336640,84733.73
1790336700,84719.35
1790336760,84671.65
1790336820,84707.33
1790336880,84713.3
1790336940,84602
1790337000,84596.16
1790337060,84636.39
1790337120,84676.35
1790337180,84648.97
1790337240,84596.96
1790337300,84612.02
1790337360,84608.01
1790337420,84600
1790337480,84621.72
1790337540,84609.81
1790337600,84575.04
1790337660,84639.86
1790337720,84644.96
1790337780,84624.26
1790337840,84638.4
1790337900,84641.83
1790337960,84615.31
1790338020,84614.19
1790338080,84687.18
1790338140,84659.45
1790338200,84649.3
1790338260,84638.92
1790338320,84585.58
1790338380,84553.92
1790338440,84280.13
1790338500,84353.28
1790338560,84124
1790338620,84027.31
1790338680,83907.98
1790338740,84004.8
1790338800,83994.23
1790338860,84115.16
1790338920,84163.21
1790338980,84219.82
1790339040,84205.43
1790339100,84285.82
1790339160,84277.99
1790339220,84318.43
1790339280,84307.59
1790339340,84363.83
1790339400,84391.5
1790339460,84471.15
1790339520,84437.75
1790339580,84431.88
1790339640,84487.06
1790339700,84450.64
1790339760,84510.04
1790339820,84498.27
1790339880,84475.56
1790339940,84495.19
1790340000,84483.67
1790340060,84477.21
1790340120,84407.97
1790340180,84393.53
1790340240,84384.97
1790340300,84421.23
1790340360,84422.9
1790340420,84432.86
1790340480,84560.81
1790340540,84426.54
1790340600,84398.57
1790340660,84437.98
1790340720,84437.76
1790340780,84367.77
1790340840,84408.02
1790340900,84430.96
1790340960,84468.78
1790341020,84511.34
1790341080,84465.57
1790341140,84508.32
1790341200,84453.53
1790341260,84333.21
1790341320,84414.69
1790341380,84401.2
1790341440,84439.23
1790341500,84459.89
1790341560,84521.24
1790341620,84486.63
1790341680,84449.59
1790341740,84428.52
1790341800,84437.09
1790341860,84417.84
1790341920,84424.09
1790341980,84425.98
1790342040,84412.75
1790342100,84434.63
1790342160,84541.74
1790342220,84485.22
1790342280,84429.88
1790342340,84355.42
1790342400,84248.91
1790342460,84265.1
1790342520,84247.67
1790342580,84247.63
1790342640,84230.13
1790342700,84197.04
1790342760,84156.21
1790342820,84149.99
1790342880,84110.4
1790342940,84174.92
1790343000,84082.76
1790343060,84012.25
1790343120,83954.57
1790343180,83927.27
1790343240,83973.11
1790343300,84021.39
1790343360,84257.36
1790343420,84107.01
1790343480,84080.02
1790343540,84135.7
1790343600,84084.72
1790343660,84051.14
1790343720,84040.42
1790343780,84039.27
1790343840,83871.17
1790343900,83993.61
1790343960,83962.56
1790344020,83627.1
1790344080,83708.86
1790344140,83754.84
1790344200,83729.85
1790344260,83821.73
1790344320,83775.52
1790344380,83879.25
1790344440,83918.13
1790344500,84063.38
1790344560,84054.02
1790344620,83951.65
1790344680,83908.82
1790344740,83901.74
1790344800,83902.76
1790344860,83949.26
1790344920,83938.73
1790344980,83719.68
1790345040,83504.46
1790345100,83227.49
1790345160,83183.46
1790345220,83272.85
1790345280,83350.08
1790345340,83471.5
1790345400,83438.62
1790345460,83439.46
1790345520,83610.67
1790345580,83593.36
1790345640,83593.36
1790345700,83561.14
1790345760,83634
1790345820,83545.77
1790345880,83461.97
1790345940,83548.25
1790346000,83628.55
1790346060,83630.28
1790346120,83725.13
1790346180,83711.3
1790346240,83629.62
1790346300,83597.8
1790346360,83659.6
1790346420,83646.77
1790346480,83583.85
1790346540,83624.12
1790346600,83635.03
1790346660,83725.25
1790346720,83804.16
1790346780,83814.13
1790346840,83800.46
1790346900,83859.64
1790346960,83846.38
1790347020,83835.85
1790347080,83835.86
1790347140,83907.32
1790347200,83851.99
1790347260,83733.2
1790347320,83792.02
1790347380,83817.94
1790347440,83645.76
1790347500,83675.06
1790347560,83698.48
1790347620,83709.12
1790347680,83760.34
1790347740,83781.08
1790347800,83803.94
1790347860,83763.44
1790347920,83665.78
1790347980,83627.88
1790348040,83732.83
1790348100,83796.63
1790348160,83894.88
1790348220,83919.69
1790348280,83937.28
1790348340,83981.35
1790348400,84002.17
1790348460,84001.44
1790348520,84031.98
1790348580,83916.46
1790348640,83857.67
1790348700,83774.55
1790348760,83768.36
1790348820,83773.04
1790348880,83858.28
1790348940,83910.93
1790349000,83893.89
1790349060,83867.29
1790349120,83821.48
1790349180,83926.31
1790349240,83941.44
1790349300,83981.65
1790349360,83941.43
1790349420,83933.57
1790349480,83900.07
1790349540,83850.23
1790349600,83770.23
1790349660,83791.8
1790349720,83899.88
1790349780,83874.84
1790349840,83890.05
1790349900,83853.28
1790349960,83836.58
1790350020,83847.64
1790350080,83792.6
1790350140,83752.66
1790350200,83755.54
1790350260,83747.13
1790350320,83780.56
1790350380,83810.9
1790350440,83761.92
1790350500,83721.84
1790350560,83700.2
1790350620,83696.1
1790350680,83679.34
1790350740,83605
1790350800,83466.99
1790350860,83582.77
1790350920,83531.19
1790350980,83532.14
1790351040,83454.3
1790351100,83458.61
1790351160,83445.12
1790351220,83501.31
1790351280,83463.08
1790351340,83426.99
1790351400,83423.1
1790351460,83410.69
1790351520,83358.36
1790351580,83441.74
1790351640,83457.83
1790351700,83484.31
1790351760,83547.28
1790351820,83607.24
1790351880,83630.06
1790351940,83713.2
1790352000,83783.99
1790352060,83895.7
1790352120,83911.62
1790352180,83982.82
1790352240,83975.96
1790352300,83962.55
1790352360,84003.66
1790352420,84042.35
1790352480,83969
1790352540,83938.91
1790352600,83965.93
1790352660,83931.63
1790352720,83982.38
1790352780,83989.59
1790352840,83957.84
1790352900,84002.7
1790352960,84047.58
1790353020,84064.04
1790353080,84003.85
1790353140,83987.9
1790353200,84032.63
1790353260,83984.75
1790353320,83964.35
1790353380,83953.28
1790353440,83942.78
1790353500,83962.56
1790353560,83976.12
1790353620,84022.83
1790353680,83975.93
1790353740,83961.85
1790353800,83963.96
1790353860,83963.76
1790353920,83971.6
1790353980,84003.3
1790354040,83953.01
1790354100,83811.78
1790354160,83863.69
1790354220,83917.91
1790354280,83903.7
1790354340,83878.75
1790354400,83914.22
1790354460,83858.74
1790354520,83902.37
1790354580,83900.44
1790354640,83934.08
1790354700,83883.26
1790354760,83868.26
1790354820,83860.09
1790354880,83795.69
1790354940,83737.42
1790355000,83786.01
1790355060,83780.63
1790355120,83830.39
1790355180,83871.87
1790355240,83811.97
1790355300,83833.86
1790355360,83836.78
1790355420,83822.31
1790355480,83771.58
1790355540,83743.53
1790355600,83731.52
1790355660,83752.61
1790355720,83859.15
1790355780,83882.34
1790355840,83874.41
1790355900,83925.91
1790355960,83860.69
1790356020,83829.37
1790356080,83857.65
1790356140,83885.19
1790356200,83938.4
1790356260,83906.64
1790356320,83892.46
1790356380,83916.57
1790356440,83933.38
1790356500,83944.54
1790356560,83961.23
1790356620,83947.99
1790356680,83927.77
1790356740,83927.78
1790356800,83900.85
1790356860,83896.28
1790356920,83880.77
1790356980,83886.02
1790357040,83901.78
1790357100,83876.7
1790357160,83847.95
1790357220,83808.39
1790357280,83810.88
1790357340,83728.69
1790357400,83667.35
1790357460,83671.98
1790357520,83614.44
1790357580,83746.31
1790357640,83709.12
1790357700,83720.53
1790357760,83710.63
1790357820,83701.44
1790357880,83687.99
1790357940,83709.32
1790358000,83741.17
1790358060,83739.28
1790358120,83800.86
1790358180,83820.17
1790358240,83811.84
1790358300,83785.97
1790358360,83770.86
1790358420,83736.69
1790358480,83736.49
1790358540,83738.2
1790358600,83773.47
1790358660,83738.8
1790358720,83719.66
1790358780,83690.34
1790358840,83705.07
1790358900,83703.89
1790358960,83722.83
1790359020,83730.92
1790359080,83716.25
1790359140,83735.39
1790359200,83761.83
1790359260,83814.71
1790359320,83840.78
1790359380,83793.33
1790359440,83837.64
1790359500,83820.34
1790359560,83795.71
1790359620,83873.34
1790359680,83873.33
1790359740,83858.46
1790359800,83939.04
1790359860,83946.45
1790359920,83952.97
1790359980,83996.45
1790360040,83986.35
1790360100,83973.83
1790360160,83978.54
1790360220,83971.99
1790360280,84009.39
1790360340,84014.96
1790360400,84026.2
1790360460,84036.91
1790360520,84017
1790360580,83974.66
1790360640,83991.28
1790360700,83997.3
1790360760,84027.07
1790360820,83903.3
1790360880,83873.38
1790360940,83942.55
1790361000,83941.43
1790361060,83956.3
1790361120,83953.87
1790361180,83961.16
1790361240,83962.4
1790361300,83960.38
1790361360,83999.49
1790361420,83952.53
1790361480,83918.93
1790361540,83945.1
1790361600,83902.58
1790361660,83899.6
1790361720,83932.06
1790361780,83935.78
1790361840,83948.24
1790361900,83970.03
1790361960,83968.39
1790362020,83974.23
1790362080,83920.4
1790362140,83932.57
1790362200,83936.47
1790362260,83927.74
1790362320,83917.89
1790362380,83945.39
1790362440,83940.1
1790362500,83959.28
1790362560,83953.21
1790362620,83943.43
1790362680,83960.52
1790362740,83949.21
1790362800,83949.99
1790362860,83920.34
1790362920,83944.15
1790362980,83928.23
1790363040,83919.87
1790363100,83919.29
1790363160,83943.94
1790363220,83961.32
1790363280,83982.89
1790363340,83970.2
1790363400,83909.76
1790363460,83937.8
1790363520,83967.66
1790363580,84006.42
1790363640,84033.02
1790363700,84028.92
1790363760,84004.8
1790363820,83971.4
1790363880,83966.54
1790363940,83973.48
1790364000,83965.52
1790364060,83984.57
1790364120,83998.62
1790364180,84015.35
1790364240,83994.24
1790364300,83967.02
1790364360,83957.19
1790364420,83961.02
1790364480,83956.76
1790364540,83965.96
1790364600,83991.01
1790364660,83993.72
1790364720,83994.39
1790364780,84003.61
1790364840,84016.39
1790364900,83991.87
1790364960,83987.32
1790365020,84034.99
1790365080,84041.9
1790365140,84040.09
1790365200,83980.49
1790365260,83970.61
1790365320,83936.93
1790365380,83943.1
1790365440,83967.54
1790365500,83963.41
1790365560,84002.16
1790365620,84053.24
1790365680,84020.82
1790365740,84006.81
1790365800,84001.36
1790365860,84035.32
1790365920,84017.05
1790365980,84009.96
1790366040,84006.6
1790366100,84006.93
1790366160,84003.63
1790366220,84012.79
1790366280,84029.83
1790366340,84040.55
1790366400,84003.55
1790366460,83976.71
1790366520,83987.09
1790366580,83985.87
1790366640,83951.11
1790366700,83943.46
1790366760,83944.31
1790366820,83944.31
1790366880,83944.31
1790366940,83944.74
1790367000,83967.35
1790367060,83940
1790367120,83949.21
1790367180,83962.55
1790367240,83959.84
1790367300,83955.09
1790367360,83955.09
1790367420,83969.4
1790367480,83975.01
1790367540,83989.85
1790367600,83989.57
1790367660,83989.66
1790367720,83973.12
1790367780,84003.3
1790367840,84042.32
1790367900,84085.04
1790367960,84057.28
1790368020,84079.54
1790368080,84063.98
1790368140,84047.06
1790368200,84045.67
1790368260,84035.47
1790368320,84038.18
1790368380,84054.23
1790368440,84071.34
1790368500,84071.34
1790368560,84063.99
1790368620,84062.43
1790368680,84056.62
1790368740,84184.63
1790368800,84151.44
1790368860,84113.5
1790368920,84039.53
1790368980,84082.62
1790369040,84118.54
1790369100,84118.02
1790369160,84084.39
1790369220,84080.01
1790369280,84062.21
1790369340,84084.4
1790369400,84021
1790369460,83956.77
1790369520,83974.94
1790369580,83992.01
1790369640,83952.05
1790369700,83920.31
1790369760,83844.92
1790369820,83831.56
1790369880,83848.3
1790369940,83874.12
1790370000,83867.63
1790370060,83909.75
1790370120,83879.97
1790370180,83879.33
1790370240,83828.29
1790370300,83826.41
1790370360,83749.15
1790370420,83682.16
1790370480,83659.98
1790370540,83680.54
1790370600,83716.53
1790370660,83722.44
1790370720,83719.1
1790370780,83733.89
1790370840,83705.12
1790370900,83682
1790370960,83664.8
1790371020,83650.78
1790371080,83659.39
1790371140,83638.74
1790371200,83628.6
1790371260,83663.18
1790371320,83700.24
1790371380,83676.79
1790371440,83709.48
1790371500,83726.17
1790371560,83707.82
1790371620,83734.1
1790371680,83760.88
1790371740,83761.04
1790371800,83762.43
1790371860,83769.62
1790371920,83769.61
1790371980,83767.19
1790372040,83762.95
1790372100,83784.86
1790372160,83807.49
1790372220,83748.1
1790372280,83715.7
1790372340,83783.04
1790372400,83791.18
1790372460,83804.35
1790372520,83812.22
1790372580,83818.06
1790372640,83799.47
1790372700,83808.63
1790372760,83808.64
1790372820,83831.77
1790372880,83813.81
1790372940,83823.91
1790373000,83853.49
1790373060,83864.65
1790373120,83868.77
1790373180,83859.25
1790373240,83830.49
1790373300,83831.42
1790373360,83836.57
1790373420,83837.05
1790373480,83838.1
1790373540,83787.97
1790373600,83787.95
1790373660,83775.95
1790373720,83781.77
1790373780,83792.69
1790373840,83836.54
1790373900,83851.36
1790373960,83878.19
1790374020,83878.84
1790374080,83878.83
1790374140,83878.99
1790374200,83911.35
1790374260,83916.99
1790374320,83916.99
1790374380,83917.05
1790374440,83924.14
1790374500,83923.89
1790374560,83923.11
1790374620,83944.36
1790374680,83942.27
1790374740,83941.91
1790374800,83952.4
1790374860,83934.35
1790374920,83926.93
1790374980,83948.02
1790375040,83943.02
1790375100,83960.99
1790375160,83964.77
1790375220,83964.77
1790375280,83957.41
1790375340,83888.65
1790375400,83903.24
1790375460,83906.46
1790375520,83956.59
1790375580,83978.41
1790375640,83995.5
1790375700,84013.98
1790375760,84040.26
1790375820,84043.15
1790375880,84046.39
1790375940,84043.94
1790376000,84080.75
1790376060,84092.26
1790376120,84057.6
1790376180,84075.13
1790376240,84078.72
1790376300,84073.56
1790376360,84066.52
1790376420,84063.35
1790376480,84049.2
1790376540,84050.25
1790376600,84050
1790376660,84054.1
1790376720,84060.69
1790376780,84085.4
1790376840,84082.35
1790376900,84105.8
1790376960,84119.25
1790377020,84117.52
1790377080,84094.95
1790377140,84062.16
1790377200,84058.72
1790377260,84075.51
1790377320,84081.16
1790377380,84077.35
1790377440,84089.26
1790377500,84084.37
1790377560,84091.7
1790377620,84084.35
1790377680,84083.73
1790377740,84091.2
1790377800,84078.9
1790377860,84087.93
1790377920,84094.52
1790377980,84073.77
1790378040,84057.86
1790378100,84058.03
1790378160,84065.89
1790378220,84068.91
1790378280,84061.04
1790378340,84061.04
1790378400,84062.54
1790378460,84062.54
1790378520,84068.73
1790378580,84061.04
1790378640,84063.01
1790378700,84005.99
1790378760,84008.93
1790378820,84066.68
1790378880,84068.04
1790378940,84061.42
1790379000,84087.66
1790379060,84073.82
1790379120,84073.51
1790379180,84088.27
1790379240,84080.41
1790379300,84063.49
1790379360,84063.49
1790379420,84067.37
1790379480,84067.99
1790379540,84076.09
1790379600,84067.99
1790379660,84069.3
1790379720,84072.89
1790379780,84067.99
1790379840,84065.97
1790379900,84062.79
1790379960,84065.04
1790380020,84062.81
1790380080,84062.31
1790380140,84065.44
1790380200,84066.77
1790380260,84071.1
1790380320,84070.37
1790380380,84073.46
1790380440,84039.33
1790380500,84031.25
1790380560,84038.89
1790380620,84043.5
1790380680,84043.5
1790380740,84039.93
1790380800,84093.13
1790380860,84068.23
1790380920,84072.59
1790380980,84056.04
1790381040,84048.07
1790381100,84038.16
1790381160,84052.82
1790381220,84052.81
1790381280,84096.22
1790381340,84110.4
1790381400,84065.36
1790381460,84061.35
1790381520,84069.31
1790381580,84040.64
1790381640,84085.96
1790381700,84059.47
1790381760,84073.05
1790381820,84042.37
1790381880,84042.38
1790381940,84046.59
1790382000,84022.12
1790382060,84035.04
1790382120,84052.38
1790382180,84034.33
1790382240,84015.69
1790382300,84043.59
1790382360,84040.76
1790382420,84009.33
1790382480,83993.79
1790382540,83922.12
1790382600,83941.46
1790382660,83934.85
1790382720,83818.65
1790382780,83842.1
1790382840,83814.72
1790382900,83812.86
1790382960,83817.03
1790383020,83804.94
1790383080,83793.61
1790383140,83801.16
1790383200,83821.93
1790383260,83861.82
1790383320,83861.82
1790383380,83900.91
1790383440,83898.31
1790383500,83861.27
1790383560,83883.47
1790383620,83896.95
1790383680,83898.6
1790383740,83881.28
1790383800,83907.04
1790383860,83929.69
1790383920,83936.07
1790383980,83885.15
1790384040,83891.34
1790384100,83889.04
1790384160,83910.09
1790384220,83903.74
1790384280,83889.5
1790384340,83889.41
1790384400,83904.8
1790384460,83915.31
1790384520,83950.11
1790384580,83956.16
1790384640,83973.11
1790384700,83895.98
1790384760,83941.64
1790384820,83950.45
1790384880,83939.12
1790384940,83935.49
1790385000,83896.31
1790385060,83951.99
1790385120,83950.95
1790385180,83920.32
1790385240,83920.35
1790385300,83927.6
1790385360,83948.37
1790385420,83972.31
1790385480,83972.31
1790385540,83940.23
1790385600,83936.52
1790385660,83946.2
1790385720,83962.65
1790385780,83944.23
1790385840,83956.51
1790385900,83941.48
1790385960,83934.89
1790386020,83953.47
1790386080,83945.9
1790386140,83940.63
1790386200,83937.32
1790386260,83934.41
1790386320,83940.57
1790386380,83947.27
1790386440,83945.61
1790386500,83950.72
1790386560,83945.98
1790386620,83980.71
1790386680,83985.14
1790386740,84025.51
1790386800,84030.29
1790386860,84030.29
1790386920,84061.97
1790386980,84023.8
1790387040,84025.92
1790387100,84036.28
1790387160,84037.41
1790387220,84065.43
1790387280,84056.1
1790387340,84023.78
1790387400,84026.96
1790387460,84032.29
1790387520,84023.35
1790387580,84064.78
1790387640,84070.1
1790387700,84075.76
1790387760,84056.1
1790387820,84047.42
1790387880,84058.8
1790387940,84064.86
1790388000,84072.83
1790388060,84015.55
1790388120,84000
1790388180,83998.44
1790388240,84036.72
1790388300,84017.16
1790388360,84015.36
1790388420,84025.8
1790388480,84023.27
1790388540,84026.98
1790388600,84030.18
1790388660,84023.27
1790388720,84030.58
1790388780,84062.51
1790388840,84068.14
1790388900,84120.14
1790388960,84079.06
1790389020,84087.98
1790389080,84105.38
1790389140,84109.53
1790389200,84124.88
1790389260,84079.59
1790389320,84047.04
1790389380,84078.7
1790389440,84061.19
1790389500,84030
1790389560,84045.22
1790389620,84045.22
1790389680,84038.17
1790389740,84039.14
1790389800,84017.41
1790389860,84020.76
1790389920,84007.39
1790389980,84011.35
1790390040,84007.39
1790390100,84033.3
1790390160,84016.55
1790390220,84001.73
1790390280,84032.46
1790390340,84024.38
1790390400,84012.33
1790390460,84020.43
1790390520,84002.87
1790390580,84022.12
1790390640,84034.58
1790390700,84004.22
1790390760,84003.41
1790390820,84009.98
1790390880,84018.48
1790390940,84018.12
1790391000,84050.92
1790391060,84037.72
1790391120,84030.59
1790391180,84019.02
1790391240,84028.24
1790391300,84017.03
1790391360,84018.56
1790391420,84024.79
1790391480,84024.78
1790391540,84021.32
1790391600,83999.75
1790391660,83999.18
1790391720,83980.41
1790391780,83981.41
1790391840,83983.66
1790391900,83990.65
1790391960,83985.01
1790392020,83999.76
1790392080,83991.33
1790392140,83999.71
1790392200,83996.37
1790392260,83948.96
1790392320,83916.16
1790392380,83916.17
1790392440,83911.52
1790392500,83937.15
1790392560,83922.62
1790392620,83922.61
1790392680,83922.61
1790392740,83913.94
1790392800,83913.93
1790392860,83908.27
1790392920,83930.87
1790392980,83946.38
1790393040,83947.74
1790393100,83947.74
1790393160,83988.81
1790393220,84011.34
1790393280,84011.36
1790393340,84017.71
1790393400,84011.35
1790393460,84029.63
1790393520,84047.03
1790393580,84037.62
1790393640,84004.8
1790393700,83985.53
1790393760,83995.47
1790393820,83990.44
1790393880,83992.11
1790393940,83986
1790394000,83986.48
1790394060,83967.44
1790394120,83967.44
1790394180,83960.94
1790394240,83949.24
1790394300,83941.44
1790394360,83930.9
1790394420,83926.34
1790394480,83943.34
1790394540,83943.63
1790394600,83934.24
1790394660,83945.15
1790394720,83953
1790394780,83941.7
1790394840,83951.56
1790394900,83936
1790394960,83923.01
1790395020,83924.75
1790395080,83924.37
1790395140,83934.55
1790395200,83931.18
1790395260,83933.83
1790395320,83979.44
1790395380,83986.82
1790395440,83984.8
1790395500,83984.8
1790395560,83978.8
1790395620,83984.8
1790395680,83992.19
1790395740,83990.88
1790395800,83998.68
1790395860,83990.63
1790395920,83999.67
1790395980,83982.84
1790396040,83974.24
1790396100,83977.52
1790396160,84001.89
1790396220,84000.35
1790396280,84000.35
1790396340,84007.83
1790396400,84026.72
1790396460,84039.09
1790396520,84005.55
1790396580,83962.56
1790396640,83934.44
1790396700,83914.73
1790396760,83914.73
1790396820,83886.06
1790396880,83888.16
1790396940,83891.23
1790397000,83877.01
1790397060,83875.21
1790397120,83899.19
1790397180,83913.73
1790397240,83913.72
1790397300,83909.15
1790397360,83907.8
1790397420,83912.86
1790397480,83888.75
1790397540,83907.46
1790397600,83920.31
1790397660,83920.3
1790397720,83928.62
1790397780,83946.8
1790397840,83956.02
1790397900,83972.22
1790397960,83972.22
1790398020,83972.22
1790398080,83972.22
1790398140,83970.01
1790398200,83977.39
1790398260,83967.55
1790398320,83967.55
1790398380,83975.54
1790398440,83975.53
1790398500,83975.53
1790398560,83975.53
1790398620,83958.83
1790398680,83959.19
1790398740,83961.2
1790398800,83975.53
1790398860,83975.53
1790398920,83975.53
1790398980,83982.72
1790399040,83982.73
1790399100,83982.73
1790399160,83980.62
1790399220,83980.64
1790399280,83982.72
1790399340,83999.98
1790399400,83981.7
1790399460,83975.97
1790399520,83975.46
1790399580,83952
1790399640,83960.32
1790399700,83958.91
1790399760,83940.07
1790399820,83935.18
1790399880,83913.72
1790399940,83891.99
1790400000,83913.71
1790400060,83930.87
1790400120,83952.06
1790400180,83952.06
1790400240,83968.77
1790400300,83987.82
1790400360,83967.82
1790400420,83984.25
1790400480,83930.15
1790400540,83909.76
1790400600,83922.82
1790400660,83911.29
1790400720,83900
1790400780,83890.68
1790400840,83885
1790400900,83882.37
1790400960,83882.37
1790401020,83879.14
1790401080,83911.96
1790401140,83945.32
1790401200,83939.37
1790401260,83936.78
1790401320,83944.45
1790401380,83945.34
1790401440,83946.63
1790401500,83951.02
1790401560,83958.56
1790401620,83974.58
1790401680,83966.59
1790401740,83964.43
1790401800,83964.45
1790401860,83970.6
1790401920,83921.61
1790401980,83921.6
1790402040,83911.73
1790402100,83892.15
1790402160,83911.66
1790402220,83913.27
1790402280,83901.98
1790402340,83920.31
1790402400,83918.35
1790402460,83924.67
1790402520,83912.69
1790402580,83891.49
1790402640,83895.87
1790402700,83931.84
1790402760,83924.97
1790402820,83926.75
1790402880,83912.2
1790402940,83893.27
1790403000,83918.16
1790403060,83923.12
1790403120,83918.95
1790403180,83921.16
1790403240,83902.55
1790403300,83888.15
1790403360,83899.96
1790403420,83891.18
1790403480,83867.52
1790403540,83879.14
1790403600,83909.74
1790403660,83909.74
1790403720,83903.47
1790403780,83920.31
1790403840,83900.25
1790403900,83912.05
1790403960,83917.63
1790404020,83908.43
1790404080,83899.99
1790404140,83933.47
1790404200,83933.47
1790404260,83949.99
1790404320,83939.52
1790404380,83966.51
1790404440,83966.81
1790404500,83901.16
1790404560,83882.61
1790404620,83899.2
1790404680,83902.54
1790404740,83917.27
1790404800,83919.5
1790404860,83913.22
1790404920,83894.01
1790404980,83904.49
1790405040,83907.94
1790405100,83902.76
1790405160,83897.31
1790405220,83907.96
1790405280,83916.98
1790405340,83928.04
1790405400,83928.04
1790405460,83917.28
1790405520,83920.77
1790405580,83920.77
1790405640,83900
1790405700,83907.82
1790405760,83910.44
1790405820,83907.82
1790405880,83911.99
1790405940,83883.42
1790406000,83882.66
1790406060,83892.03
1790406120,83900.81
1790406180,83898.25
1790406240,83950.83
1790406300,83964.77
1790406360,83981.98
1790406420,83997.99
1790406480,83994.11
1790406540,84002.48
1790406600,83985.11
1790406660,83985.11
1790406720,83991.81
1790406780,83991.81
1790406840,83991.81
1790406900,83996.24
1790406960,83990.24
1790407020,83975.75
1790407080,83989.67
1790407140,84015.41
1790407200,84008.35
1790407260,84008.35
1790407320,84008.35
1790407380,84005.52
1790407440,84007.99
1790407500,84008
1790407560,83995.52
1790407620,83995.52
1790407680,83995.89
1790407740,84000.5
1790407800,83998.82
1790407860,83998.83
1790407920,83998.83
1790407980,83999.99
1790408040,83999.99
1790408100,84000
1790408160,84002.63
1790408220,84008.35
1790408280,84008.36
1790408340,84019.53
1790408400,84025.75
1790408460,84042.04
1790408520,84053.76
1790408580,84042.04
1790408640,84014.8
1790408700,84028.42
1790408760,84052.14
1790408820,84053.34
1790408880,84064.08
1790408940,84064.43
1790409000,84074.72
1790409060,84068.16
1790409120,84064.44
1790409180,84061.36
1790409240,84040.65
1790409300,84075.4
1790409360,84089.77
1790409420,84094.69
1790409480,84105.48
1790409540,84124.87
1790409600,84103.92
1790409660,84083.82
1790409720,84071.25
1790409780,84047.04
1790409840,84054.47
1790409900,84055.36
1790409960,84053.19
1790410020,84051.51
1790410080,84034.02
1790410140,84054.99
1790410200,84068.3
1790410260,84062.54
1790410320,84063.16
1790410380,84057.56
1790410440,84040.79
1790410500,84068.88
1790410560,84067.55
1790410620,84067.56
1790410680,84033.9
1790410740,84033.9
1790410800,84036.65
1790410860,84033.91
1790410920,84028.99
1790410980,84025.73
1790411040,84023.99
1790411100,84039.84
1790411160,84041.46
1790411220,84067.67
1790411280,84086.9
1790411340,84086.9
1790411400,84092.93
1790411460,84110.39
1790411520,84154.72
1790411580,84219.27
1790411640,84243.07
1790411700,84262.5
1790411760,84254.26
1790411820,84283.47
1790411880,84279.73
1790411940,84311.04
1790412000,84274.9
1790412060,84256.79
1790412120,84244.05
1790412180,84275.23
1790412240,84275.95
1790412300,84279.35
1790412360,84255.4
1790412420,84225.79
1790412480,84234.13
1790412540,84234.13
1790412600,84207
1790412660,84208.74
1790412720,84208.73
1790412780,84208.73
1790412840,84209.93
1790412900,84209.4
1790412960,84211.09
1790413020,84197.03
1790413080,84204.99
1790413140,84194.91
1790413200,84194.92
1790413260,84200.9
1790413320,84187.53
1790413380,84187.53
1790413440,84201.08
1790413500,84187.47
1790413560,84193.8
1790413620,84187.96
1790413680,84193.8
1790413740,84185.33
1790413800,84158.64
1790413860,84139.99
1790413920,84086.9
1790413980,84060.08
1790414040,83971.23
1790414100,83999.15
1790414160,83993.98
1790414220,83974.31
1790414280,83983.94
1790414340,83973.11
1790414400,84002.19
1790414460,83973.12
1790414520,84001.41
1790414580,84024.06
1790414640,84015.61
1790414700,83966.61
1790414760,83972.82
1790414820,83973.2
1790414880,84007.45
1790414940,83996.93
1790415000,84013.11
1790415060,83988.1
1790415120,83995.58
1790415180,84013.38
1790415240,84016.65
1790415300,84019.9
1790415360,84019.9
1790415420,84004.8
1790415480,84004.8
1790415540,84003.69
1790415600,84000.67
1790415660,83995.47
1790415720,83992.16
1790415780,83992.91
1790415840,83995.48
1790415900,84010.43
1790415960,84023.76
1790416020,84012.96
1790416080,84014.33
1790416140,84006.06
1790416200,84009.32
1790416260,84009.78
1790416320,83994.15
1790416380,83996.21
1790416440,83991.28
1790416500,84009.78
1790416560,83981.07
1790416620,83987.54
1790416680,83981.07
1790416740,83986.04
1790416800,84012.95
1790416860,84021.52
1790416920,84027.46
1790416980,84068.15
1790417040,84040.29
1790417100,84075.69
1790417160,84075.69
1790417220,84085.43
1790417280,84085.42
1790417340,84085.42
1790417400,84104.86
1790417460,84104.86
1790417520,84112.33
1790417580,84112.34
1790417640,84105.25
1790417700,84094.3
1790417760,84095.59
1790417820,84120.96
1790417880,84142.07
1790417940,84138.07
1790418000,84139.97
1790418060,84142.07
1790418120,84170.02
1790418180,84097.31
1790418240,84152.51
1790418300,84129.62
1790418360,84129.62
1790418420,84138.64
1790418480,84107.93
1790418540,84109.7
1790418600,84135.79
1790418660,84130.02
1790418720,84130.02
1790418780,84124.11
1790418840,84125.73
1790418900,84101.84
1790418960,84106.84
1790419020,84121.14
1790419080,84117.35
1790419140,84109.26
1790419200,84107.71
1790419260,84131.51
1790419320,84142.33
1790419380,84135.86
1790419440,84127.02
1790419500,84145.82
1790419560,84158.66
1790419620,84163.49
1790419680,84147.94
1790419740,84139.1
1790419800,84134.09
1790419860,84160.06
1790419920,84162.72
1790419980,84157.58
1790420040,84139.96
1790420100,84125.99
1790420160,84142.07
1790420220,84164.02
1790420280,84171.82
1790420340,84170.3
1790420400,84171.55
1790420460,84178.63
1790420520,84151.61
1790420580,84163.19
1790420640,84151.63
1790420700,84161.82
1790420760,84120.96
1790420820,84142.07
1790420880,84135.02
1790420940,84152.64
1790421000,84152.64
1790421060,84139.89
1790421120,84142.65
1790421180,84142.65
1790421240,84176.07
1790421300,84161.88
1790421360,84175.37
1790421420,84193.52
1790421480,84193.52
1790421540,84193.52
1790421600,84178.92
1790421660,84163.98
1790421720,84163.99
1790421780,84163.99
1790421840,84161.02
1790421900,84161.03
1790421960,84167.44
1790422020,84165.39
1790422080,84143.87
1790422140,84142.59
1790422200,84160.67
1790422260,84154.32
1790422320,84154.32
1790422380,84154.32
1790422440,84160.67
1790422500,84160.65
1790422560,84169.99
1790422620,84178.41
1790422680,84178.41
1790422740,84194.86
1790422800,84194.86
1790422860,84163.2
1790422920,84161.51
1790422980,84163.18
1790423040,84178.4
1790423100,84158.21
1790423160,84168.7
1790423220,84161.35
1790423280,84154.78
1790423340,84154.79
1790423400,84169.02
1790423460,84169
1790423520,84167.9
1790423580,84167.9
1790423640,84174.06
1790423700,84167.9
1790423760,84167.9
1790423820,84169.46
1790423880,84167.87
1790423940,84167.87
1790424000,84155.13
1790424060,84161.11
1790424120,84161.46
1790424180,84144.01
1790424240,84117.08
1790424300,84091.04
1790424360,84138.68
1790424420,84143.83
1790424480,84142.21
1790424540,84134
1790424600,84134
1790424660,84123.51
1790424720,84110.4
1790424780,84101.43
1790424840,84111.03
1790424900,84135.23
1790424960,84158.02
1790425020,84170.55
1790425080,84179.75
1790425140,84178.4
1790425200,84147.82
1790425260,84126.37
1790425320,84105.59
1790425380,84108.79
1790425440,84108.78
1790425500,84091.04
1790425560,84110.38
1790425620,84096.35
1790425680,84081.46
1790425740,84080.96
1790425800,84084.8
1790425860,84087.75
1790425920,84095.59
1790425980,84095.59
1790426040,84110.39
1790426100,84110.39
1790426160,84120.96
1790426220,84105.97
1790426280,84074.66
1790426340,84063
1790426400,84080.06
1790426460,84073.57
1790426520,84033.73
1790426580,84030.74
1790426640,84040.77
1790426700,84035.74
1790426760,84045.16
1790426820,84053.01
1790426880,84057.35
1790426940,84057.35
1790427000,84059
1790427060,84061.71
1790427120,84060.58
1790427180,84060.58
1790427240,84060.58
1790427300,84036.15
1790427360,84036.15
1790427420,84036.24
1790427480,84035.94
1790427540,84052.5
1790427600,84036.79
1790427660,84036.45
1790427720,84051.68
1790427780,84089.27
1790427840,84057.6
1790427900,84054.93
1790427960,84084.53
1790428020,84110.39
1790428080,84102.08
1790428140,84069.3
1790428200,84059.92
1790428260,83976.49
1790428320,83963.08
1790428380,84004.79
1790428440,83986.8
1790428500,83984.15
1790428560,83970.98
1790428620,83968.26
1790428680,83992.55
1790428740,83974.72
1790428800,83986.72
1790428860,84008.44
1790428920,84001.08
1790428980,83954.81
1790429040,83955.18
1790429100,83934.39
1790429160,83926.62
1790429220,83927.37
1790429280,83883.13
1790429340,83851.28
1790429400,83920.24
1790429460,83875
1790429520,83909.6
1790429580,83890.23
1790429640,83885.48
1790429700,83887.88
1790429760,83864.38
1790429820,83873.72
1790429880,83908.11
1790429940,83922.66
1790430000,83912.41
1790430060,83924.71
1790430120,83911.58
1790430180,83908.51
1790430240,83905.9
1790430300,83915.36
1790430360,83921.98
1790430420,83922.99
1790430480,83915.91
1790430540,83951.43
1790430600,83931.17
1790430660,83947.82
1790430720,83906.18
1790430780,83906.19
1790430840,83920.69
1790430900,83942.63
1790430960,83947.88
1790431020,83953.56
1790431080,83952.65
1790431140,83917.42
1790431200,83935.32
1790431260,83907.94
1790431320,83907.85
1790431380,83918.96
1790431440,83923.55
1790431500,83918.68
1790431560,83903.69
1790431620,83898.22
1790431680,83908.33
1790431740,83904.09
1790431800,83923.71
1790431860,83928.32
1790431920,83929.48
1790431980,83924.64
1790432040,83933.06
1790432100,83941.44
1790432160,83965.62
1790432220,83949.62
1790432280,83934.05
1790432340,83947.76
1790432400,83947.76
1790432460,83941.54
1790432520,83958.94
1790432580,83956.72
1790432640,83954.45
1790432700,83955.54
1790432760,83955.54
1790432820,83959.73
1790432880,83958.95
1790432940,83958.04
1790433000,83972.24
1790433060,83979.02
1790433120,83994.23
1790433180,84004.27
1790433240,84012.64
1790433300,83987.64
1790433360,83991.12
1790433420,83996.58
1790433480,83997.24
1790433540,83998.52
1790433600,83983.69
1790433660,84010.47
1790433720,84018.06
1790433780,84021.41
1790433840,84019.1
1790433900,84006.41
1790433960,83985.41
1790434020,84002.97
1790434080,84002.96
1790434140,84000.53
1790434200,84016.38
1790434260,84040.95
1790434320,84031.02
1790434380,84033.31
1790434440,84041.93
1790434500,84020.25
1790434560,84023.42
1790434620,84029.32
1790434680,84016.69
1790434740,84005.81
1790434800,84014.56
1790434860,84031
1790434920,84017.27
1790434980,84017.55
1790435040,84019.63
1790435100,84031.98
1790435160,84029.4
1790435220,84031.96
1790435280,84012.05
1790435340,84012.06
1790435400,84012.06
1790435460,84014.78
1790435520,84018.38
1790435580,84018.38
1790435640,84014.79
1790435700,84010.68
1790435760,84031.97
1790435820,84027.4
1790435880,84025.42
1790435940,84028.4
1790436000,84028.4
1790436060,84038.67
1790436120,84025.81
1790436180,84013.36
1790436240,84013.93
1790436300,84047.68
1790436360,84041.73
1790436420,84041.73
1790436480,84047.6
1790436540,84047.6
1790436600,84047.6
1790436660,84074.3
1790436720,84098.38
1790436780,84139.09
1790436840,84130.8
1790436900,84130.75
1790436960,84149.22
1790437020,84166.82
1790437080,84135.22
1790437140,84121.03
1790437200,84135.25
1790437260,84084.98
1790437320,84094.13
1790437380,84096.41
1790437440,84088.03
1790437500,84121.82
1790437560,84097.01
1790437620,84090.2
1790437680,84084.23
1790437740,84076.76
1790437800,84066
1790437860,84065.99
1790437920,84070.99
1790437980,84135.04
1790438040,84125.21
1790438100,84143.72
1790438160,84118.74
1790438220,84134.99
1790438280,84140.32
1790438340,84140.32
1790438400,84146.86
1790438460,84118.32
1790438520,84091.14
1790438580,84117.97
1790438640,84126.59
1790438700,84133.09
1790438760,84133.09
1790438820,84133.1
1790438880,84133.01
1790438940,84133.01
1790439000,84133
1790439060,84111.04
1790439120,84117.69
1790439180,84116.18
1790439240,84112.51
1790439300,84113.58
1790439360,84113.58
1790439420,84112.4
1790439480,84110.71
1790439540,84126.1
1790439600,84117.09
1790439660,84104.88
1790439720,84086.28
1790439780,84097.78
1790439840,84103.24
1790439900,84095.59
1790439960,84093.93
1790440020,84094.81
1790440080,84077.07
1790440140,84089.04
1790440200,84101.83
1790440260,84104.98
1790440320,84137.36
1790440380,84148.69
1790440440,84149.99
1790440500,84149.98
1790440560,84136.37
1790440620,84131.74
1790440680,84135.09
1790440740,84144.62
1790440800,84141.39
1790440860,84144.61
1790440920,84130.24
1790440980,84138.63
1790441040,84138.64
1790441100,84138.63
1790441160,84127.94
1790441220,84140.31
1790441280,84139.77
1790441340,84122.1
1790441400,84140.02
1790441460,84118.09
1790441520,84118.09
1790441580,84118.08
1790441640,84104.41
1790441700,84134.76
1790441760,84108.75
1790441820,84095.22
1790441880,84110.61
1790441940,84099.29
1790442000,84104.3
1790442060,84101.87
1790442120,84118.61
1790442180,84118.61
1790442240,84072.45
1790442300,84098.99
1790442360,84070.01
1790442420,84066.96
1790442480,84049.88
1790442540,84077.43
1790442600,84078.23
1790442660,84056.52
1790442720,84050.59
1790442780,84068.15
1790442840,84069.79
1790442900,84076.31
1790442960,84048.43
1790443020,84040.17
1790443080,84048.96
1790443140,84066.04
1790443200,84068.23
1790443260,84069.6
1790443320,84059.22
1790443380,84059.22
1790443440,84064.88
1790443500,84055.3
1790443560,84058.6
1790443620,84058.6
1790443680,84062.98
1790443740,84052.19
1790443800,84047.74
1790443860,84047.01
1790443920,84039.49
1790443980,84041.99
1790444040,84040.56
1790444100,84025.11
1790444160,84042.01
1790444220,84050
1790444280,84063.14
1790444340,84061.33
1790444400,84078.71
1790444460,84072.83
1790444520,84059.99
1790444580,84071.15
1790444640,84075.77
1790444700,84095.1
1790444760,84102.14
1790444820,84104.9
1790444880,84113.57
1790444940,84116.36
1790445000,84093.98
1790445060,84093.99
1790445120,84093.99
1790445180,84109.82
1790445240,84106.86
1790445300,84097.98
1790445360,84100.17
1790445420,84130.53
1790445480,84123.46
1790445540,84123.46
1790445600,84126.64
1790445660,84115.54
1790445720,84113.01
1790445780,84131.51
1790445840,84149.99
1790445900,84152.63
1790445960,84147.57
1790446020,84131.52
1790446080,84097.96
1790446140,84096.71
1790446200,84095.03
1790446260,84095.04
1790446320,84095.03
1790446380,84095.03
1790446440,84095.03
1790446500,84089.76
1790446560,84078.72
1790446620,84071.67
1790446680,84064.71
1790446740,84076.71
1790446800,84062.14
1790446860,84061.15
1790446920,84076.48
1790446980,84086.34
1790447040,84082.59
1790447100,84074.8
1790447160,84056.51
1790447220,84052.89
1790447280,84061.79
1790447340,84058.49
1790447400,84058.49
1790447460,84052.07
1790447520,84049.24
1790447580,84058.5
1790447640,84068.02
1790447700,84049.25
1790447760,84049.24
1790447820,84036.74
1790447880,84024.62
1790447940,84022.32
1790448000,84029.83
1790448060,84017.01
1790448120,84013.24
1790448180,84017.01
1790448240,84020.12
1790448300,83996.41
1790448360,83990.38
1790448420,83990.37
1790448480,84002.08
1790448540,83995.72
1790448600,84001.98
1790448660,83985.01
1790448720,83995.17
1790448780,83992.84
1790448840,83992.84
1790448900,83990
1790448960,83988.33
1790449020,83988.33
1790449080,83994.2
1790449140,83994.2
1790449200,83994.61
1790449260,84013.35
1790449320,84034.98
1790449380,84043.82
1790449440,84035.48
1790449500,84023.94
1790449560,84025.51
1790449620,84018
1790449680,84015.9
1790449740,84015.9
1790449800,83995.63
1790449860,83995.61
1790449920,84004.92
1790449980,84013.17
1790450040,84015.9
1790450100,84022.3
1790450160,84018.07
1790450220,84018.07
1790450280,84018.07
1790450340,84018.07
1790450400,84018.07
1790450460,84001
1790450520,84009.07
1790450580,84015.7
1790450640,84020.88
1790450700,84024.5
1790450760,84024.49
1790450820,84021.87
1790450880,84021.86
1790450940,84022.18
1790451000,84011.96
1790451060,83996.74
1790451120,83999.31
1790451180,83999.32
1790451240,83999.99
1790451300,84018.36
1790451360,84002.56
1790451420,83982.3
1790451480,83965.97
1790451540,83951.05
1790451600,83957.99
1790451660,83973.18
1790451720,83973.18
1790451780,83983.67
1790451840,83994.4
1790451900,83997.64
1790451960,83997.64
1790452020,84004.79
1790452080,84003.7
1790452140,84007.76
1790452200,83999.51
1790452260,83991.74
1790452320,83991.74
1790452380,83980.65
1790452440,83999.56
1790452500,83998.42
1790452560,83998.42
1790452620,83999.98
1790452680,83999.98
1790452740,84007.75
1790452800,84000.65
1790452860,84001.88
1790452920,84000
1790452980,84025.41
1790453040,84029.19
1790453100,84022.25
1790453160,84026.8
1790453220,84035.58
1790453280,84026.94
1790453340,84022.25
1790453400,83976.31
1790453460,83992.97
1790453520,84003.07
1790453580,84002.39
1790453640,83992.01
1790453700,83995.09
1790453760,84016.94
1790453820,84016.95
1790453880,84022.25
1790453940,84033.26
1790454000,84038.89
1790454060,84037.35
1790454120,84024.35
1790454180,84031.25
1790454240,84029.16
1790454300,84038.89
1790454360,84062.31
1790454420,84059.47
1790454480,84059.47
1790454540,84067.8
1790454600,84066.88
1790454660,84073.5
1790454720,84073.51
1790454780,84070.08
1790454840,84078.71
1790454900,84080.39
1790454960,84066.26
1790455020,84064.57
1790455080,84061.57
1790455140,84057.54
1790455200,83971.97
1790455260,83917.04
1790455320,83899.19
1790455380,83887.25
1790455440,83870.13
1790455500,83886.03
1790455560,83930.71
1790455620,83934.6
1790455680,83849.22
1790455740,83856.95
1790455800,83818.02
1790455860,83905.32
1790455920,83951.17
1790455980,83968.74
1790456040,83992.88
1790456100,83999.99
1790456160,84028.42
1790456220,84023.81
1790456280,84018.33
1790456340,84025.51
1790456400,84016.33
1790456460,84014
1790456520,84025.51
1790456580,84031.04
1790456640,84032.31
1790456700,84082.95
1790456760,84080.4
1790456820,84081.66
1790456880,84079.7
1790456940,84077.39
1790457000,84077.39
1790457060,84071.99
1790457120,84079.14
1790457180,84089.78
1790457240,84099.2
1790457300,84107.15
1790457360,84107.15
1790457420,84112.8
1790457480,84128.4
1790457540,84128.39
1790457600,84132.97
1790457660,84089.38
1790457720,84081.04
1790457780,84110.39
1790457840,84112.28
1790457900,84142.07
1790457960,84149.82
1790458020,84149.81
1790458080,84150.81
1790458140,84141.41
1790458200,84194.33
1790458260,84187
1790458320,84180.72
1790458380,84180.72
1790458440,84178.07
1790458500,84250.53
1790458560,84198.98
1790458620,84177.52
1790458680,84181.15
1790458740,84184.14
1790458800,84184.14
1790458860,84157.03
1790458920,84161.9
1790458980,84156.76
1790459040,84142.21
1790459100,84149.99
1790459160,84144.49
1790459220,84131.36
1790459280,84138.03
1790459340,84131.69
1790459400,84136.95
1790459460,84116.26
1790459520,84112.23
1790459580,84141.72
1790459640,84116.16
1790459700,84094.46
1790459760,84095.89
1790459820,84109.14
1790459880,84137.62
1790459940,84137.62
1790460000,84137.62
1790460060,84149.99
1790460120,84189.03
1790460180,84184.72
1790460240,84198.98
1790460300,84226.55
1790460360,84263.41
1790460420,84291.75
1790460480,84274.68
1790460540,84308.13
1790460600,84329.91
1790460660,84304.4
1790460720,84319.23
1790460780,84329.13
1790460840,84320
1790460900,84332.15
1790460960,84319.56
1790461020,84321.24
1790461080,84271.8
1790461140,84275.23
1790461200,84273.63
1790461260,84236.67
1790461320,84235.77
1790461380,84247.67
1790461440,84268.98
1790461500,84295.95
1790461560,84281.32
1790461620,84271.61
1790461680,84262.29
1790461740,84328.24
1790461800,84329.88
1790461860,84331.53
1790461920,84290.36
1790461980,84294.27
1790462040,84274.05
1790462100,84281.31
1790462160,84272.7
1790462220,84258.24
1790462280,84251.69
1790462340,84245.64
1790462400,84258.45
1790462460,84251.62
1790462520,84248.3
1790462580,84278.57
1790462640,84289.91
1790462700,84258.47
1790462760,84262.04
1790462820,84265.56
1790462880,84272.85
1790462940,84278.31
1790463000,84289.78
1790463060,84290.47
1790463120,84321.59
1790463180,84330.92
1790463240,84325.36
1790463300,84292.15
1790463360,84273.29
1790463420,84273.3
1790463480,84261.1
1790463540,84250.39
1790463600,84266.36
1790463660,84289.91
1790463720,84326.86
1790463780,84340.2
1790463840,84342.73
1790463900,84336.94
1790463960,84301.02
1790464020,84308.65
1790464080,84301.02
1790464140,84307.45
1790464200,84308
1790464260,84312.6
1790464320,84312.75
1790464380,84322.58
1790464440,84336.61
1790464500,84346.56
1790464560,84353.29
1790464620,84339.11
1790464680,84363.71
1790464740,84354.33
1790464800,84374.4
1790464860,84398.98
1790464920,84409.4
1790464980,84383.96
1790465040,84370.23
1790465100,84352.45
1790465160,84363.66
1790465220,84330.24
1790465280,84341.05
1790465340,84312.26
1790465400,84363.26
1790465460,84377.43
1790465520,84353.28
1790465580,84374.39
1790465640,84406.07
1790465700,84411.59
1790465760,84411.59
1790465820,84368.07
1790465880,84371.21
1790465940,84400
1790466000,84368.98
1790466060,84400.07
1790466120,84374.79
1790466180,84344.62
1790466240,84335.25
1790466300,84335.95
1790466360,84374.4
1790466420,84386.16
1790466480,84387.67
1790466540,84417.61
1790466600,84407.83
1790466660,84408.2
1790466720,84411.71
1790466780,84410.05
1790466840,84419.99
1790466900,84406.93
1790466960,84405.93
1790467020,84403.41
1790467080,84417.61
1790467140,84424.61
1790467200,84416.65
1790467260,84423.31
1790467320,84371.26
1790467380,84352.83
1790467440,84333.34
1790467500,84337.37
1790467560,84340.14
1790467620,84341.84
1790467680,84349.65
1790467740,84330.3
1790467800,84337.36
1790467860,84309.24
1790467920,84307.56
1790467980,84307.55
1790468040,84310.93
1790468100,84308.57
1790468160,84285.41
1790468220,84280.68
1790468280,84281.62
1790468340,84281.62
1790468400,84235.63
1790468460,84260.38
1790468520,84252.63
1790468580,84257.67
1790468640,84252.72
1790468700,84233.73
1790468760,84236.6
1790468820,84238.31
1790468880,84242.56
1790468940,84242.51
1790469000,84242.51
1790469060,84242.52
1790469120,84260.99
1790469180,84270.93
1790469240,84341.59
1790469300,84337.66
1790469360,84372.66
1790469420,84338.78
1790469480,84317.4
1790469540,84353.27
1790469600,84331.04
1790469660,84334.71
1790469720,84336.6
1790469780,84326.1
1790469840,84326.11
1790469900,84326.1
1790469960,84340.28
1790470020,84326.17
1790470080,84314.87
1790470140,84308.72
1790470200,84311.67
1790470260,84295.98
1790470320,84298.76
1790470380,84291.1
1790470440,84283.32
1790470500,84286.1
1790470560,84283.65
1790470620,84287.88
1790470680,84281.92
1790470740,84292.98
1790470800,84291.21
1790470860,84297.48
1790470920,84279.36
1790470980,84275.92
1790471040,84275.9
1790471100,84275.92
1790471160,84261.28
1790471220,84264.51
1790471280,84287.7
1790471340,84292.16
1790471400,84330
1790471460,84351.81
1790471520,84368.55
1790471580,84363.81
1790471640,84362.89
1790471700,84381.86
1790471760,84392.84
1790471820,84342.72
1790471880,84364.86
1790471940,84334.28
1790472000,84349.27
1790472060,84339.15
1790472120,84350.86
1790472180,84356.9
1790472240,84338.6
1790472300,84338.6
1790472360,84333.84
1790472420,84337.98
1790472480,84320
1790472540,84313.87
1790472600,84311.04
1790472660,84311.9
1790472720,84326.01
1790472780,84317.33
1790472840,84293.36
1790472900,84287.7
1790472960,84298.65
1790473020,84300.76
1790473080,84302.05
1790473140,84300.41
1790473200,84316.55
1790473260,84343.34
1790473320,84363.84
1790473380,84381.61
1790473440,84390.91
1790473500,84390.12
1790473560,84412.94
1790473620,84424.88
1790473680,84439.45
1790473740,84454.49
1790473800,84449.53
1790473860,84480
1790473920,84531.44
1790473980,84492.53
1790474040,84492.29
1790474100,84501.06
1790474160,84521.46
1790474220,84485.23
1790474280,84480
1790474340,84459.74
1790474400,84471.48
1790474460,84457.14
1790474520,84457.13
1790474580,84442.3
1790474640,84442.02
1790474700,84442.08
1790474760,84442.09
1790474820,84451.55
1790474880,84463.75
1790474940,84497.54
1790475000,84509.65
1790475060,84480.01
1790475120,84458.89
1790475180,84455.09
1790475240,84448.32
1790475300,84475.98
1790475360,84465.78
1790475420,84465.78
1790475480,84456.37
1790475540,84450
1790475600,84490.55
1790475660,84492.72
1790475720,84505.6
1790475780,84505.46
1790475840,84496.37
1790475900,84496.37
1790475960,84496.37
1790476020,84496.16
1790476080,84503.3
1790476140,84488.19
1790476200,84487.33
1790476260,84511.2
1790476320,84522.23
1790476380,84507.32
1790476440,84506
1790476500,84481.01
1790476560,84482.64
1790476620,84482.65
1790476680,84471.37
1790476740,84461.12
1790476800,84458.53
1790476860,84458.22
1790476920,84453.82
1790476980,84460.97
1790477040,84460.97
1790477100,84454.71
1790477160,84454.7
1790477220,84454.71
1790477280,84448.14
1790477340,84427.51
1790477400,84453.2
1790477460,84458.87
1790477520,84460.32
1790477580,84431.02
1790477640,84429.29
1790477700,84431.01
1790477760,84436.95
1790477820,84436.96
1790477880,84431.92
1790477940,84439.06
1790478000,84431.55
1790478060,84434.39
1790478120,84431.55
1790478180,84448.32
1790478240,84470.73
1790478300,84462.2
1790478360,84482.68
1790478420,84494.86
1790478480,84500.37
1790478540,84502.34
1790478600,84438.01
1790478660,84467.65
1790478720,84460.58
1790478780,84460.59
1790478840,84460.58
1790478900,84467.32
1790478960,84452.85
1790479020,84442.21
1790479080,84442.21
1790479140,84442.22
1790479200,84437.77
1790479260,84415.28
1790479320,84395.53
1790479380,84391.87
1790479440,84386.26
1790479500,84380.01
1790479560,84365.23
1790479620,84352.92
1790479680,84352.93
1790479740,84353.3
1790479800,84372.73
1790479860,84372.73
1790479920,84373.9
1790479980,84400.98
1790480040,84424.4
1790480100,84420.23
1790480160,84394.1
1790480220,84385.35
1790480280,84395.02
1790480340,84381.42
1790480400,84368.62
1790480460,84388.2
1790480520,84395.2
1790480580,84377.62
1790480640,84388.49
1790480700,84385.81
1790480760,84368.18
1790480820,84353.3
1790480880,84366.69
1790480940,84361.45
1790481000,84375.45
1790481060,84361.43
1790481120,84356.25
1790481180,84367.57
1790481240,84372.14
1790481300,84372.14
1790481360,84384.13
1790481420,84384.13
1790481480,84387.44
1790481540,84387.44
1790481600,84375.31
1790481660,84382.95
1790481720,84376
1790481780,84364.36
1790481840,84366.08
1790481900,84377.47
1790481960,84383.65
1790482020,84389.16
1790482080,84430.99
1790482140,84419.73
1790482200,84419.74
1790482260,84418.25
1790482320,84466.58
1790482380,84482.58
1790482440,84469.37
1790482500,84464.48
1790482560,84472.6
1790482620,84462.79
1790482680,84437.8
1790482740,84427.2
1790482800,84427.2
1790482860,84428.92
1790482920,84462.35
1790482980,84438.43
1790483040,84424.72
1790483100,84429.69
1790483160,84427.58
1790483220,84427.59
1790483280,84427.57
1790483340,84412.68
1790483400,84395.52
1790483460,84375.78
1790483520,84344.77
1790483580,84344.77
1790483640,84325.58
1790483700,84319.58
1790483760,84337.58
1790483820,84335.45
1790483880,84317.91
1790483940,84308.29
1790484000,84294.38
1790484060,84292.69
1790484120,84285.01
1790484180,84302.59
1790484240,84286.03
1790484300,84286.03
1790484360,84286.03
1790484420,84277.43
1790484480,84329.07
1790484540,84325.6
1790484600,84321.75
1790484660,84298.54
1790484720,84300.48
1790484780,84299.48
1790484840,84303.94
1790484900,84309.52
1790484960,84309.52
1790485020,84301.18
1790485080,84301.18
1790485140,84311.05
1790485200,84316.8
1790485260,84300.48
1790485320,84310.84
1790485380,84351.26
1790485440,84353.28
1790485500,84353.27
1790485560,84374.39
1790485620,84371.03
1790485680,84374.39
1790485740,84386.15
1790485800,84363.84
1790485860,84363.85
1790485920,84350.01
1790485980,84350.01
1790486040,84363.84
1790486100,84364.53
1790486160,84373.44
1790486220,84373.88
1790486280,84370
1790486340,84384.96
1790486400,84379.94
1790486460,84379.94
1790486520,84379.95
1790486580,84379.95
1790486640,84379.95
1790486700,84381.62
1790486760,84381.62
1790486820,84385.86
1790486880,84385.87
1790486940,84378.62
1790487000,84369.19
1790487060,84400
1790487120,84378.17
1790487180,84404.99
1790487240,84436.54
1790487300,84441.75
1790487360,84475.63
1790487420,84532.99
1790487480,84563.37
1790487540,84604.38
1790487600,84532.8
1790487660,84504.16
1790487720,84487.92
1790487780,84509.04
1790487840,84509.04
1790487900,84522.23
1790487960,84530.12
1790488020,84528.45
1790488080,84501.12
1790488140,84513.19
1790488200,84514.82
1790488260,84491.58
1790488320,84475.63
1790488380,84473.8
1790488440,84461.61
1790488500,84450.5
1790488560,84452.87
1790488620,84448.8
1790488680,84443.35
1790488740,84469.5
1790488800,84442.65
1790488860,84465.69
1790488920,84466.52
1790488980,84485.01
1790489040,84476.83
1790489100,84492.08
1790489160,84496.7
1790489220,84496.7
1790489280,84513.37
1790489340,84528.41
1790489400,84528.4
1790489460,84575.02
1790489520,84566.6
1790489580,84575.02
1790489640,84577.09
1790489700,84577.09
1790489760,84566.6
1790489820,84534.83
1790489880,84539.08
1790489940,84552.99
1790490000,84567.51
1790490060,84591.9
1790490120,84564.17
1790490180,84584.99
1790490240,84606.71
1790490300,84613.81
1790490360,84589.47
1790490420,84585.6
1790490480,84590.34
1790490540,84590.35
1790490600,84564.48
1790490660,84580.18
1790490720,84554.09
1790490780,84515.51
1790490840,84495.79
1790490900,84510
1790490960,84522.23
1790491020,84531.81
1790491080,84531.54
1790491140,84501.13
1790491200,84501.12
1790491260,84526.83
1790491320,84501.12
1790491380,84492.09
1790491440,84495.7
1790491500,84506.31
1790491560,84511.58
1790491620,84522.23
1790491680,84525.98
1790491740,84525.97
1790491800,84538.54
1790491860,84500.44
1790491920,84500.44
1790491980,84502.47
1790492040,84502.47
1790492100,84502.47
1790492160,84487.48
1790492220,84487.47
1790492280,84475.65
1790492340,84504.82
1790492400,84494.5
1790492460,84513.82
1790492520,84507.88
1790492580,84520.02
1790492640,84525.91
1790492700,84521.79
1790492760,84520
1790492820,84507.88
1790492880,84507.89
1790492940,84507.89
1790493000,84508.19
1790493060,84525.91
1790493120,84513.55
1790493180,84521.61
1790493240,84507.77
1790493300,84517.77
1790493360,84525.92
1790493420,84525.91
1790493480,84500.67
1790493540,84496.21
1790493600,84467.41
1790493660,84469.99
1790493720,84470.02
1790493780,84470.01
1790493840,84480.94
1790493900,84487.37
1790493960,84495.72
1790494020,84499.98
1790494080,84499.98
1790494140,84511.67
1790494200,84501.84
1790494260,84503.93
1790494320,84507.6
1790494380,84525.91
1790494440,84556.47
1790494500,84558.17
1790494560,84543.17
1790494620,84542.94
1790494680,84535.52
1790494740,84542.79
1790494800,84561.54
1790494860,84577.99
1790494920,84580.33
1790494980,84575.03
1790495040,84609.41
1790495100,84598.41
1790495160,84586.01
1790495220,84586.01
1790495280,84606.39
1790495340,84620.45
1790495400,84656.05
1790495460,84689.12
1790495520,84677.17
1790495580,84680.65
1790495640,84648.96
1790495700,84643.02
1790495760,84663.57
1790495820,84675.71
1790495880,84743
1790495940,84748.8
1790496000,84773.26
1790496060,84708.41
1790496120,84742.01
1790496180,84786.17
1790496240,84797.26
1790496300,84805.06
1790496360,84821.82
1790496420,84832.7
1790496480,84819.88
1790496540,84830.71
1790496600,84813.55
1790496660,84826.9
1790496720,84825.02
1790496780,84772.06
1790496840,84796.79
1790496900,84805.15
1790496960,84831.54
1790497020,84837.92
1790497080,84846.14
1790497140,84810.68
1790497200,84803.9
1790497260,84825.04
1790497320,84837.46
1790497380,84790.34
1790497440,84783.86
1790497500,84768.88
1790497560,84778.3
1790497620,84789.98
1790497680,84764.59
1790497740,84778.4
1790497800,84800.12
1790497860,84766.79
1790497920,84798.85
1790497980,84857.17
1790498040,84880.58
1790498100,84815.37
1790498160,84792.9
1790498220,84783.65
1790498280,84769.19
1790498340,84731.13
1790498400,84737.48
1790498460,84719.34
1790498520,84710.39
1790498580,84684.13
1790498640,84704.74
1790498700,84749.33
1790498760,84732.3
1790498820,84702.48
1790498880,84702.4
1790498940,84737.38
1790499000,84734.42
1790499060,84736.44
1790499120,84757.18
1790499180,84773.37
1790499240,84787.53
1790499300,84783.2
1790499360,84792.5
1790499420,84784.25
1790499480,84795.66
1790499540,84788.03
1790499600,84775.68
1790499660,84754.56
1790499720,84732.93
1790499780,84726.95
1790499840,84724.83
1790499900,84722.63
1790499960,84685.48
1790500020,84659.52
1790500080,84662.3
1790500140,84654.2
1790500200,84605.6
1790500260,84575.09
1790500320,84595.21
1790500380,84641.8
1790500440,84669.6
1790500500,84649.74
1790500560,84658.62
1790500620,84628.66
1790500680,84658.56
1790500740,84653.83
1790500800,84653.07
1790500860,84645.98
1790500920,84640.99
1790500980,84638.41
1790501040,84634.64
1790501100,84640.15
1790501160,84672
1790501220,84677.07
1790501280,84647
1790501340,84691.19
1790501400,84684.77
1790501460,84690.7
1790501520,84707.76
1790501580,84731.72
1790501640,84770.2
1790501700,84762.44
1790501760,84712.34
1790501820,84724.33
1790501880,84712.35
1790501940,84739.87
1790502000,84759.87
1790502060,84759.87
1790502120,84756.99
1790502180,84765.12
1790502240,84762.29
1790502300,84786.23
1790502360,84867.63
1790502420,84902.32
1790502480,84885.12
1790502540,84902.4
1790502600,84933.54
1790502660,84917.64
1790502720,84907.65
1790502780,84921.23
1790502840,84880.28
1790502900,84873.4
1790502960,84857
1790503020,84904.58
1790503080,84910.44
1790503140,84913.2
1790503200,84942.04
1790503260,84902.4
1790503320,84942.63
1790503380,84912.84
1790503440,84893.29
1790503500,84894.84
1790503560,84899.71
1790503620,84910.03
1790503680,84944.45
1790503740,84964.07
1790503800,84964.07
1790503860,84980.88
1790503920,85010.09
1790503980,85003.42
1790504040,85027.17
1790504100,85027.72
1790504160,85046.1
1790504220,85033
1790504280,85039.29
1790504340,85015
1790504400,84982.76
1790504460,84972.79
1790504520,85002.36
1790504580,84960.93
1790504640,84960.93
1790504700,84937.9
1790504760,84942
1790504820,84907.4
1790504880,84920.15
1790504940,84920.62
1790505000,84912.79
1790505060,84899.66
1790505120,84899.66
1790505180,84894.44
1790505240,84894.24
1790505300,84931.19
1790505360,84925.02
1790505420,84899.66
1790505480,84897.32
1790505540,84905.86
1790505600,84883.37
1790505660,84883.36
1790505720,84886.8
1790505780,84858.01
1790505840,84860.98
1790505900,84834.64
1790505960,84844.05
1790506020,84843
1790506080,84843
1790506140,84844.29
1790506200,84877.38
1790506260,84812.23
1790506320,84817.31
1790506380,84799.06
1790506440,84785.52
1790506500,84785.64
1790506560,84813.76
1790506620,84840.42
1790506680,84840.42
1790506740,84845.06
1790506800,84861.71
1790506860,84838.94
1790506920,84876.49
1790506980,84875.93
1790507040,84849.6
1790507100,84870.71
1790507160,84903.4
1790507220,84877.62
1790507280,84877.63
1790507340,84918.33
1790507400,84922.06
1790507460,84909.44
1790507520,84903.19
1790507580,84929.43
1790507640,84891.84
1790507700,84894.49
1790507760,84889.36
1790507820,84865.01
1790507880,84828.61
1790507940,84839.68
1790508000,84845.47
1790508060,84833.35
1790508120,84846.87
1790508180,84892.13
1790508240,84892.04
1790508300,84906.69
1790508360,84909.52
1790508420,84923.51
1790508480,84924.94
1790508540,84899.67
1790508600,84874.41
1790508660,84879.55
1790508720,84883.03
1790508780,84877.19
1790508840,84844.99
1790508900,84827.06
1790508960,84838.11
1790509020,84853.64
1790509080,84870.7
1790509140,84840.91
1790509200,84848.37
1790509260,84852.06
1790509320,84870.71
1790509380,84881.27
1790509440,84882.96
1790509500,84906.91
1790509560,84869.48
1790509620,84874.98
1790509680,84837.28
1790509740,84839.57
1790509800,84832.11
1790509860,84847.85
1790509920,84847.85
1790509980,84887.78
1790510040,84887.78
1790510100,84878.06
1790510160,84895.12
1790510220,84891.8
1790510280,84895.17
1790510340,84881.15
1790510400,84877.02
1790510460,84902.39
1790510520,84932.78
1790510580,84938.25
1790510640,84934.43
1790510700,84941.84
1790510760,84943.42
1790510820,84949
1790510880,84949
1790510940,84947.34
1790511000,84965.76
1790511060,84945.28
1790511120,84945.06
1790511180,84994.74
1790511240,84970.89
1790511300,84993.39
1790511360,84993.38
1790511420,84986.88
1790511480,84991.43
1790511540,84976.58
1790511600,84994.22
1790511660,84981.51
1790511720,84973.18
1790511780,84975.96
1790511840,84969.69
1790511900,84961.18
1790511960,84935.96
1790512020,84946.94
1790512080,84944.49
1790512140,84944.49
1790512200,84939.22
1790512260,84942.61
1790512320,84951.59
1790512380,84963.33
1790512440,84963.34
1790512500,84962.88
1790512560,84972.99
1790512620,84992.91
1790512680,84962.99
1790512740,84960.51
1790512800,84992.93
1790512860,84989.76
1790512920,84993.82
1790512980,84993.8
1790513040,84983.39
1790513100,84965.77
1790513160,84971.61
1790513220,84955.8
1790513280,84953.41
1790513340,84956.57
1790513400,84945.65
1790513460,84954.3
1790513520,84950.9
1790513580,84938.12
1790513640,84925.18
1790513700,84926.85
1790513760,84900
1790513820,84869
1790513880,84869.01
1790513940,84802.9
1790514000,84783.89
1790514060,84676.78
1790514120,84726.89
1790514180,84772.94
1790514240,84712.42
1790514300,84722.9
1790514360,84721.5
1790514420,84751.93
1790514480,84764.2
1790514540,84775.43
1790514600,84754.57
1790514660,84733.45
1790514720,84719.16
1790514780,84669.8
1790514840,84673.64
1790514900,84636.7
1790514960,84713.64
1790515020,84728.11
1790515080,84734.19
1790515140,84743.99
1790515200,84756.52
1790515260,84765.99
1790515320,84794.32
1790515380,84809.29
1790515440,84817.14
1790515500,84821.4
1790515560,84839
1790515620,84854.12
1790515680,84881.26
1790515740,84890.86
1790515800,84920
1790515860,84983.67
1790515920,85039.78
1790515980,85046.39
1790516040,85091.83
1790516100,84987.4
1790516160,84967.68
1790516220,84912.97
1790516280,84915.04
1790516340,84849.57
1790516400,84880.88
1790516460,84860.63
1790516520,84866.07
1790516580,84853.93
1790516640,84834.98
1790516700,84782.26
1790516760,84817.91
1790516820,84817.92
1790516880,84860.21
1790516940,84897.09
1790517000,84905.71
1790517060,84898.01
1790517120,84870.76
1790517180,84875.87
1790517240,84885.43
1790517300,84881.66
1790517360,84899.99
1790517420,84915.8
1790517480,84948.38
1790517540,85016.25
1790517600,85018.88
1790517660,85038.16
1790517720,84945.29
1790517780,84965.75
1790517840,84914.17
1790517900,84907.4
1790517960,84928.51
1790518020,84979.9
1790518080,85006.07
1790518140,84995.27
1790518200,85033.45
1790518260,84976.86
1790518320,84992.33
1790518380,84978.88
1790518440,84998.84
1790518500,84986.27
1790518560,84996.69
1790518620,85009.44
1790518680,84989.21
1790518740,84952.63
1790518800,84925.73
1790518860,84900.02
1790518920,84901.84
1790518980,84891.95
1790519040,84814.76
1790519100,84819.16
1790519160,84855.14
1790519220,84769.16
1790519280,84742.22
1790519340,84694.99
1790519400,84696.29
1790519460,84717.95
1790519520,84749.51
1790519580,84761.06
1790519640,84751.85
1790519700,84743.37
1790519760,84718.4
1790519820,84727.12
1790519880,84659.86
1790519940,84688.8
1790520000,84723
1790520060,84705.68
1790520120,84729.07
1790520180,84751.57
1790520240,84738.85
1790520300,84718.47
1790520360,84714.37
1790520420,84661.58
1790520480,84627.15
1790520540,84524.26
1790520600,84519.18
1790520660,84534.49
1790520720,84530.15
1790520780,84588.61
1790520840,84585.59
1790520900,84621.89
1790520960,84597.13
1790521020,84606.96
1790521080,84594.78
1790521140,84551.67
1790521200,84520
1790521260,84533.22
1790521320,84440.06
1790521380,84538.49
1790521440,84511.67
1790521500,84448.39
1790521560,84418.71
1790521620,84501.53
1790521680,84482.13
1790521740,84478.93
1790521800,84501.09
1790521860,84503.05
1790521920,84480
1790521980,84474.34
1790522040,84462.37
1790522100,84500.01
1790522160,84508.79
1790522220,84586.24
1790522280,84553.92
1790522340,84552.62
1790522400,84552.03
1790522460,84537.26
1790522520,84575.02
1790522580,84569.72
1790522640,84585.58
1790522700,84558.69
1790522760,84552.66
1790522820,84471.36
1790522880,84525.96
1790522940,84544.32
1790523000,84605.35
1790523060,84605.71
1790523120,84528
1790523180,84583.16
1790523240,84545.92
1790523300,84501.57
1790523360,84494.87
1790523420,84511.68
1790523480,84481.31
1790523540,84490.54
1790523600,84470.05
1790523660,84476
1790523720,84463.53
1790523780,84461.32
1790523840,84458.14
1790523900,84421.11
1790523960,84412.17
1790524020,84458.78
1790524080,84486.57
1790524140,84480.66
1790524200,84487.24
1790524260,84469.91
1790524320,84459.27
1790524380,84452.83
1790524440,84431.22
1790524500,84458.87
1790524560,84428.93
1790524620,84449.38
1790524680,84437.75
1790524740,84466.9
1790524800,84449.48
1790524860,84472.74
1790524920,84484.24
1790524980,84458.27
1790525040,84458.69
1790525100,84537.5
1790525160,84537.42
1790525220,84572.38
1790525280,84546.34
1790525340,84567.1
1790525400,84581.95
1790525460,84531.14
1790525520,84522.12
1790525580,84536.95
1790525640,84552.98
1790525700,84552.82
1790525760,84564.47
1790525820,84522.33
1790525880,84501.34
1790525940,84559.25
1790526000,84575.03
1790526060,84623.21
1790526120,84627.84
1790526180,84598.46
1790526240,84585.59
1790526300,84571.74
1790526360,84559.48
1790526420,84586.75
1790526480,84582.34
1790526540,84575.13
1790526600,84555.71
1790526660,84470.46
1790526720,84480.24
1790526780,84522.37
1790526840,84486.34
1790526900,84506.85
1790526960,84429.69
1790527020,84458.87
1790527080,84446.24
1790527140,84444.2
1790527200,84457.82
1790527260,84456.25
1790527320,84453.07
1790527380,84430.01
1790527440,84367.16
1790527500,84372.49
1790527560,84363.84
1790527620,84383.19
1790527680,84402.77
1790527740,84395.52
1790527800,84408.51
1790527860,84386.28
1790527920,84384.96
1790527980,84435.98
1790528040,84415.16
1790528100,84381.93
1790528160,84383.05
1790528220,84396.61
1790528280,84410.92
1790528340,84410.42
1790528400,84410.44
1790528460,84400.33
1790528520,84396.58
1790528580,84449.99
1790528640,84457.15
1790528700,84451.22
1790528760,84430.39
1790528820,84378.51
1790528880,84393.62
1790528940,84386.97
1790529000,84371.32
1790529060,84373.02
1790529120,84365.39
1790529180,84379.56
1790529240,84365.39
1790529300,84370.94
1790529360,84417.31
1790529420,84409.49
1790529480,84427.19
1790529540,84436.99
1790529600,84433.01
1790529660,84426.13
1790529720,84421.28
1790529780,84419.01
1790529840,84432.99
1790529900,84447.08
1790529960,84437.59
1790530020,84429.49
1790530080,84433.3
1790530140,84423.36
1790530200,84420.69
1790530260,84432.74
1790530320,84475.69
1790530380,84457.37
1790530440,84457.64
1790530500,84478.62
1790530560,84488.88
1790530620,84483.18
1790530680,84477.04
1790530740,84477.04
1790530800,84468.05
1790530860,84456.9
1790530920,84454.49
1790530980,84454.5
1790531040,84467.77
1790531100,84467.77
1790531160,84499.74
1790531220,84504.11
1790531280,84504.73
1790531340,84528.51
1790531400,84560
1790531460,84538.35
1790531520,84538.36
1790531580,84540.78
1790531640,84542.36
1790531700,84542.36
1790531760,84549.23
1790531820,84542.36
1790531880,84559.97
1790531940,84559.74
1790532000,84559.75
1790532060,84552.96
1790532120,84552.96
1790532180,84551.49
1790532240,84542.36
1790532300,84544.36
1790532360,84554.44
1790532420,84556.36
1790532480,84555.02
1790532540,84555.03
1790532600,84565.24
1790532660,84565.83
1790532720,84584.69
1790532780,84571.19
1790532840,84593.01
1790532900,84593.01
1790532960,84601.58
1790533020,84612.73
1790533080,84612.74
1790533140,84611.82
1790533200,84626.22
1790533260,84643.02
1790533320,84665.82
1790533380,84670.02
1790533440,84681.46
1790533500,84677.9
1790533560,84666.04
1790533620,84677.16
1790533680,84701.76
1790533740,84722.51
1790533800,84732.87
1790533860,84678.47
1790533920,84675.56
1790533980,84716.53
1790534040,84720.64
1790534100,84700.74
1790534160,84713.42
1790534220,84722.88
1790534280,84729.37
1790534340,84714.78
1790534400,84717.66
1790534460,84726.02
1790534520,84717.62
1790534580,84743.19
1790534640,84757.76
1790534700,84751.68
1790534760,84724.55
1790534820,84752.79
1790534880,84733.45
1790534940,84754.55
1790535000,84740.63
1790535060,84749.49
1790535120,84722.88
1790535180,84727.12
1790535240,84728.2
1790535300,84737.94
1790535360,84719.72
1790535420,84747.92
1790535480,84788.28
1790535540,84783.14
1790535600,84798.73
1790535660,84747.56
1790535720,84742
1790535780,84711.33
1790535840,84725.79
1790535900,84725.79
1790535960,84725.8
1790536020,84753.23
1790536080,84753.74
1790536140,84753.73
1790536200,84775.68
1790536260,84776.98
1790536320,84779.64
1790536380,84795.44
1790536440,84795.43
1790536500,84775
1790536560,84803.39
1790536620,84809.13
1790536680,84815.35
1790536740,84829.91
1790536800,84826.41
1790536860,84803.39
1790536920,84769.77
1790536980,84765.07
1790537040,84743.51
1790537100,84759.78
1790537160,84758.08
1790537220,84719.19
1790537280,84687.64
1790537340,84670.08
1790537400,84691.19
1790537460,84663.63
1790537520,84673.27
1790537580,84641.65
1790537640,84670.07
1790537700,84684.72
1790537760,84682.64
1790537820,84689.48
1790537880,84749.95
1790537940,84766.05
1790538000,84760.82
1790538060,84744.27
1790538120,84786.24
1790538180,84762.35
1790538240,84751.68
1790538300,84762.35
1790538360,84775.3
1790538420,84800
1790538480,84792.92
1790538540,84782.16
1790538600,84780.53
1790538660,84783.68
1790538720,84759.28
1790538780,84757.48
1790538840,84726.15
1790538900,84727.82
1790538960,84721.97
1790539020,84735.53
1790539080,84729
1790539140,84723.74
1790539200,84717.81
1790539260,84732.38
1790539320,84735.98
1790539380,84736
1790539440,84759.05
1790539500,84754.98
1790539560,84722.89
1790539620,84725.1
1790539680,84725.11
1790539740,84750.06
1790539800,84765.11
1790539860,84773
1790539920,84789.66
1790539980,84789.66
1790540040,84794.82
1790540100,84800.2
1790540160,84800.2
1790540220,84775.68
1790540280,84780.83
1790540340,84764.12
1790540400,84758.35
1790540460,84701.77
1790540520,84659.86
1790540580,84658.18
1790540640,84626.23
1790540700,84629.26
1790540760,84617.15
1790540820,84612.01
1790540880,84612
1790540940,84612
1790541000,84604.83
1790541060,84630.53
1790541120,84621.36
1790541180,84561.87
1790541240,84594.16
1790541300,84582.1
1790541360,84582.1
1790541420,84594.92
1790541480,84577.88
1790541540,84592.79
1790541600,84575.04
1790541660,84585.47
1790541720,84586.3
1790541780,84595.13
1790541840,84627.42
1790541900,84626.93
1790541960,84626.9
1790542020,84611.59
1790542080,84529.01
1790542140,84563.12
1790542200,84539.82
1790542260,84564.83
1790542320,84563.33
1790542380,84563.32
1790542440,84560.56
1790542500,84533.82
1790542560,84532.31
1790542620,84545.89
1790542680,84550.79
1790542740,84530.78
1790542800,84532.2
1790542860,84554.57
1790542920,84573.18
1790542980,84558.71
1790543040,84626.62
1790543100,84597.44
1790543160,84589.18
1790543220,84602.37
1790543280,84613.54
1790543340,84613.53
1790543400,84613.16
1790543460,84613.17
1790543520,84613.17
1790543580,84613.16
1790543640,84674.16
1790543700,84674.16
1790543760,84695.03
1790543820,84667.96
1790543880,84665.14
1790543940,84680.05
1790544000,84667.98
1790544060,84667.98
1790544120,84657.84
1790544180,84660
1790544240,84655.58
1790544300,84671
1790544360,84666.72
1790544420,84647.97
1790544480,84623.01
1790544540,84607.46
1790544600,84594.4
1790544660,84590.31
1790544720,84612.54
1790544780,84591.18
1790544840,84593.86
1790544900,84587.11
1790544960,84562.78
1790545020,84511.21
1790545080,84457.44
1790545140,84509.47
1790545200,84513.93
1790545260,84513.26
1790545320,84506.98
1790545380,84523.88
1790545440,84528.47
1790545500,84538.78
1790545560,84584.35
1790545620,84612.54
1790545680,84638.4
1790545740,84658.92
1790545800,84659.71
1790545860,84653.83
1790545920,84671.66
1790545980,84678.45
1790546040,84676.41
1790546100,84670.25
1790546160,84677.98
1790546220,84665.63
1790546280,84670.85
1790546340,84664.89
1790546400,84675.8
1790546460,84641.56
1790546520,84532.8
1790546580,84449.46
1790546640,84439.62
1790546700,84457.68
1790546760,84469.44
1790546820,84480
1790546880,84437.76
1790546940,84381.53
1790547000,84386.78
1790547060,84410.61
1790547120,84397.92
1790547180,84385.88
1790547240,84329.99
1790547300,84320.2
1790547360,84286.8
1790547420,84311.32
1790547480,84379.97
1790547540,84395.61
1790547600,84437.42
1790547660,84386.29
1790547720,84427.19
1790547780,84458.35
1790547840,84500.7
1790547900,84506.52
1790547960,84516.67
1790548020,84488.65
1790548080,84545
1790548140,84557.91
1790548200,84538.41
1790548260,84426.2
1790548320,84412.46
1790548380,84384.96
1790548440,84323.32
1790548500,84259.01
1790548560,84252.86
1790548620,84193.96
1790548680,84194.88
1790548740,84197.53
1790548800,84203.15
1790548860,84219.93
1790548920,84176.01
1790548980,84192.32
1790549040,84175.46
1790549100,84170
1790549160,84136.12
1790549220,84136.49
1790549280,84184.31
1790549340,84150.38
1790549400,84154.64
1790549460,84193.7
1790549520,84196.96
1790549580,84208.87
1790549640,84222.71
1790549700,84206.09
1790549760,84223.78
1790549820,84211.35
1790549880,84202.29
1790549940,84208.38
1790550000,84187.88
1790550060,84241.08
1790550120,84250.84
1790550180,84247.01
1790550240,84241.78
1790550300,84260.62
1790550360,84216.02
1790550420,84173.76
1790550480,84167.24
1790550540,84150.79
1790550600,84132.97
1790550660,84163
1790550720,84164.76
1790550780,84178.81
1790550840,84277.94
1790550900,84196.12
1790550960,84184.32
1790551020,84259.73
1790551080,84233.08
1790551140,84237.96
1790551200,84298.83
1790551260,84310.43
1790551320,84321.06
1790551380,84319.52
1790551440,84314.87
1790551500,84317.34
1790551560,84364.99
1790551620,84389.73
1790551680,84420.03
1790551740,84389.03
1790551800,84385.82
1790551860,84434.47
1790551920,84424.55
1790551980,84423.25
1790552040,84423.09
1790552100,84424.71
1790552160,84386.04
1790552220,84367.93
1790552280,84390.81
1790552340,84383.29
1790552400,84399.7
1790552460,84380.07
1790552520,84341.21
1790552580,84345.61
1790552640,84339.1
1790552700,84321
1790552760,84319.43
1790552820,84359.59
1790552880,84393.1
1790552940,84431.86
1790553000,84443.07
1790553060,84464.94
1790553120,84468.21
1790553180,84481.22
1790553240,84485.88
1790553300,84478.86
1790553360,84477.84
1790553420,84506.66
1790553480,84509.74
1790553540,84446.82
1790553600,84462.14
1790553660,84460.04
1790553720,84524.33
1790553780,84520.31
1790553840,84553.91
1790553900,84539.7
1790553960,84510.55
1790554020,84517.75
1790554080,84454.47
1790554140,84403.84
1790554200,84382.99
1790554260,84356.89
1790554320,84357.74
1790554380,84382.36
1790554440,84379.83
1790554500,84420.19
1790554560,84434.96
1790554620,84488.33
1790554680,84490.15
1790554740,84548.05
1790554800,84694.23
1790554860,84797.71
1790554920,84971.17
1790554980,84888.75
1790555040,84921.1
1790555100,84829.04
1790555160,84860.62
1790555220,84828.48
1790555280,84753.08
1790555340,84749.55
1790555400,84771.05
1790555460,84738.99
1790555520,84575.02
1790555580,84428.65
1790555640,84323.71
1790555700,84346.31
1790555760,84244.04
1790555820,84213.86
1790555880,84261.28
1790555940,84295.8
1790556000,84199
1790556060,84212.3
1790556120,84247.63
1790556180,84235.03
1790556240,84254.41
1790556300,84287.53
1790556360,84363.83
1790556420,84406.81
1790556480,84458.33
1790556540,84491.23
1790556600,84498.55
1790556660,84548.2
1790556720,84596.15
1790556780,84490.36
1790556840,84448.33
1790556900,84338.39
1790556960,84270.49
1790557020,84200
1790557080,84163.2
1790557140,84153.77
1790557200,84121.85
1790557260,84070.78
1790557320,84036.26
1790557380,84068.16
1790557440,84054.14
1790557500,84127.22
1790557560,84000
1790557620,84029.39
1790557680,84177.91
1790557740,84214.16
1790557800,84078.71
1790557860,84049.14
1790557920,84063.64
1790557980,83990
1790558040,83965.8
1790558100,83934.98
1790558160,83939
1790558220,83922.09
1790558280,83888.4
1790558340,83932.03
1790558400,83972.17
1790558460,84008.6
1790558520,84129.33
1790558580,84036.49
1790558640,84024
1790558700,84021.29
1790558760,84056.61
1790558820,84129.45
1790558880,84094.51
1790558940,84074.44
1790559000,84066.4
1790559060,84078.74
1790559120,84068.82
1790559180,84047.03
1790559240,84036.48
1790559300,84015.36
1790559360,83982.01
1790559420,83935.79
1790559480,83897.18
1790559540,83874.59
1790559600,83930.87
1790559660,83867.53
1790559720,83964.65
1790559780,83905.74
1790559840,83865.51
1790559900,83790.08
1790559960,83826.23
1790560020,83815.79
1790560080,83874.9
1790560140,83823.85
1790560200,83655.43
1790560260,83762.1
1790560320,83756.62
1790560380,83758.26
1790560440,83785.19
1790560500,83751.06
1790560560,83756.66
1790560620,83807.13
1790560680,83700
1790560740,83711.85
1790560800,83676.34
1790560860,83581
1790560920,83629.02
1790560980,83558.96
1790561040,83592.81
1790561100,83623.55
1790561160,83597.07
1790561220,83602.72
1790561280,83544.63
1790561340,83620.25
1790561400,83595.43
1790561460,83661.79
1790561520,83713.19
1790561580,83741.12
1790561640,83735.77
1790561700,83728.37
1790561760,83698.49
1790561820,83710.79
1790561880,83679.48
1790561940,83635.42
1790562000,83658.74
1790562060,83644.65
1790562120,83575.04
1790562180,83549.45
1790562240,83563.11
1790562300,83633.95
1790562360,83600.18
1790562420,83684.23
1790562480,83678.01
1790562540,83652.45
1790562600,83614.46
1790562660,83569.33
1790562720,83553.73
1790562780,83511.65
1790562840,83481.69
1790562900,83497.47
1790562960,83555.06
1790563020,83511.73
1790563080,83481.7
1790563140,83460.57
1790563200,83454.97
1790563260,83517.91
1790563320,83476.8
1790563380,83468.26
1790563440,83479.33
1790563500,83474.03
1790563560,83513.74
1790563620,83417.28
1790563680,83410.41
1790563740,83402.39
1790563800,83423.99
1790563860,83445.52
1790563920,83405.66
1790563980,83436.61
1790564040,83441.15
1790564100,83421.93
1790564160,83404.12
1790564220,83383.81
1790564280,83383.64
1790564340,83391.34
1790564400,83408.94
1790564460,83505.65
1790564520,83487.37
1790564580,83442.46
1790564640,83441.51
1790564700,83471.32
1790564760,83434.56
1790564820,83435.78
1790564880,83475.91
1790564940,83447.25
1790565000,83465.8
1790565060,83458.56
1790565120,83374.25
1790565180,83367.78
1790565240,83428.57
1790565300,83413.45
1790565360,83392.33
1790565420,83449.66
1790565480,83489.21
1790565540,83437.28
1790565600,83446.95
1790565660,83471.79
1790565720,83415.27
1790565780,83371.2
1790565840,83379.02
1790565900,83390.24
1790565960,83356.48
1790566020,83316.37
1790566080,83326.52
1790566140,83325.54
1790566200,83303.5
1790566260,83272.18
1790566320,83250
1790566380,83205.01
1790566440,83196.46
1790566500,83248.59
1790566560,83302.05
1790566620,83368.72
1790566680,83399.82
1790566740,83436.23
1790566800,83434.55
1790566860,83400
1790566920,83435.21
1790566980,83452.25
1790567040,83471.51
1790567100,83427.03
1790567160,83424
1790567220,83410.5
1790567280,83439.31
1790567340,83431.61
1790567400,83396.23
1790567460,83434.55
1790567520,83433
1790567580,83388.89
1790567640,83388.47
1790567700,83394.19
1790567760,83381.06
1790567820,83363.36
1790567880,83335.24
1790567940,83320.49
1790568000,83325.16
1790568060,83237.24
1790568120,83233.92
1790568180,83241.37
1790568240,83249.87
1790568300,83237.56
1790568360,83286.68
1790568420,83332.88
1790568480,83371.08
1790568540,83303.84
1790568600,83307.01
1790568660,83358.92
1790568720,83339.63
1790568780,83373.53
1790568840,83392.99
1790568900,83412.18
1790568960,83403.1
1790569020,83350.09
1790569080,83445.11
1790569140,83472.99
1790569200,83480.64
1790569260,83473.6
1790569320,83463.06
1790569380,83466.23
1790569440,83466.67
1790569500,83478.18
1790569560,83476.8
1790569620,83462.96
1790569680,83454.97
1790569740,83462.41
1790569800,83459.06
1790569860,83452.38
1790569920,83446.67
1790569980,83434.41
1790570040,83423.64
1790570100,83431.74
1790570160,83420.58
1790570220,83428.04
1790570280,83434.55
1790570340,83452.75
1790570400,83444.03
1790570460,83444.89
1790570520,83447.75
1790570580,83492.4
1790570640,83476.8
1790570700,83476.8
1790570760,83468.6
1790570820,83450.01
1790570880,83424.21
1790570940,83420.87
1790571000,83419.6
1790571060,83458.84
1790571120,83451.03
1790571180,83475.96
1790571240,83476.3
1790571300,83447.68
1790571360,83439.14
1790571420,83434.73
1790571480,83483.44
1790571540,83493.06
1790571600,83466.24
1790571660,83505.31
1790571720,83488.49
1790571780,83402.85
1790571840,83389.48
1790571900,83362.16
1790571960,83397.5
1790572020,83373.53
1790572080,83357.19
1790572140,83346.43
1790572200,83339.52
1790572260,83336.81
1790572320,83311.12
1790572380,83318.46
1790572440,83302.35
1790572500,83313.69
1790572560,83317.9
1790572620,83237.41
1790572680,83228.1
1790572740,83205.55
1790572800,83226.25
1790572860,83215.86
1790572920,83212.14
1790572980,83162.75
1790573040,83063.71
1790573100,83036.84
1790573160,83008.91
1790573220,83060.2
1790573280,83090.47
1790573340,83098.09
1790573400,83046.63
1790573460,83045.15
1790573520,83024.42
1790573580,82984.49
1790573640,82930.58
1790573700,82901.41
1790573760,82918.13
1790573820,82897.94
1790573880,82897.12
1790573940,82688.73
1790574000,82745.81
1790574060,82861.33
1790574120,82951.53
1790574180,83049.61
1790574240,83086.07
1790574300,83123.83
1790574360,83099.65
1790574420,83129.05
1790574480,83152.48
1790574540,83111.98
1790574600,83119.34
1790574660,83059.55
1790574720,83063.59
1790574780,83098.53
1790574840,83032.82
1790574900,83111.91
1790574960,83107.1
1790575020,83161.71
1790575080,83157.48
1790575140,83169.84
1790575200,83160.31
1790575260,83125
1790575320,83127.33
1790575380,83124
1790575440,83142.75
1790575500,83125.7
1790575560,83170.47
1790575620,83210.48
1790575680,83183.62
1790575740,83190.64
1790575800,83218.13
1790575860,83218.13
1790575920,83266.76
1790575980,83275.31
1790576040,83242.89
1790576100,83236.58
1790576160,83212.79
1790576220,83233.91
1790576280,83187.52
1790576340,83172.22
1790576400,83160
1790576460,83117.19
1790576520,83158.21
1790576580,83107.4
1790576640,83107.2
1790576700,83064.96
1790576760,83059.43
1790576820,83092.02
1790576880,83061.41
1790576940,83070.28
1790577000,83028.41
1790577060,83051.9
1790577120,83107.19
1790577180,83128.31
1790577240,83094.19
1790577300,83105.25
1790577360,83117.75
1790577420,83087.38
1790577480,83073.7
1790577540,83067.98
1790577600,83084.87
1790577660,83099.22
1790577720,83141.28
1790577780,83189.2
1790577840,83193.92
1790577900,83160.01
1790577960,83202.14
1790578020,83170.6
1790578080,83149.86
1790578140,83153.41
1790578200,83153.4
1790578260,83121.92
1790578320,83100.07
1790578380,83118.79
1790578440,83164.18
1790578500,83108.05
1790578560,83089.95
1790578620,83089.94
1790578680,83106.47
1790578740,83117.75
1790578800,83134
1790578860,83164.99
1790578920,83202.99
1790578980,83233.89
1790579040,83199.07
1790579100,83218.18
1790579160,83132.98
1790579220,83108.66
1790579280,83083.78
1790579340,83082.09
1790579400,83091.47
1790579460,83078.11
1790579520,83086.38
1790579580,83072.56
1790579640,83054.42
1790579700,83051.93
1790579760,83075.51
1790579820,83094.64
1790579880,83086.09
1790579940,83089.18
1790580000,83110.34
1790580060,83124.42
1790580120,83098.2
1790580180,83043.84
1790580240,82980.22
1790580300,82938.24
1790580360,82982.11
1790580420,82954.28
1790580480,82906.56
1790580540,82915.7
1790580600,82911.37
1790580660,82953.97
1790580720,82944.82
1790580780,82917.12
1790580840,82936.88
1790580900,82961.51
1790580960,82994.2
1790581020,82992.47
1790581080,83004.05
1790581140,82900
1790581200,82880.79
1790581260,82938.23
1790581320,82930.82
1790581380,82899.99
1790581440,82891.71
1790581500,82898.88
1790581560,82906.82
1790581620,82918.17
1790581680,82919.92
1790581740,82962.8
1790581800,82936.26
1790581860,82979.14
1790581920,82998.96
1790581980,82971.66
1790582040,82968.64
1790582100,83008.46
1790582160,83088.85
1790582220,83031.62
1790582280,82931.69
1790582340,82953.18
1790582400,82915.33
1790582460,82998.86
1790582520,83055.59
1790582580,83107.19
1790582640,83037.39
1790582700,83066.81
1790582760,82993.76
1790582820,82950.2
1790582880,82906.57
1790582940,82959.37
1790583000,82948.78
1790583060,82939.71
1790583120,82942.54
1790583180,82934.2
1790583240,82953.79
1790583300,82988.09
1790583360,82975.95
1790583420,83011.97
1790583480,82957.78
1790583540,82899.01
1790583600,82900.43
1790583660,82871.2
1790583720,82860.06
1790583780,82850.69
1790583840,82852.45
1790583900,82780.77
1790583960,82783.9
1790584020,82884.85
1790584080,82814.93
1790584140,82805.17
1790584200,82800.79
1790584260,82806.62
1790584320,82842.49
1790584380,82874.5
1790584440,82899.33
1790584500,82897.67
1790584560,82899.19
1790584620,82876.03
1790584680,82807.73
1790584740,82843.52
1790584800,82838.17
1790584860,82827.17
1790584920,82839.37
1790584980,82848.07
1790585040,82836.28
1790585100,82881.06
1790585160,82867.71
1790585220,82921.01
1790585280,82926.5
1790585340,82910.52
1790585400,82871.13
1790585460,82880.24
1790585520,82919.09
1790585580,82924.91
1790585640,82961.91
1790585700,82949.37
1790585760,82942.13
1790585820,82936.31
1790585880,82951.52
1790585940,82917.32
1790586000,82913.58
1790586060,82961.57
1790586120,82892.62
1790586180,82756.42
1790586240,82721.89
1790586300,82724.07
1790586360,82725.14
1790586420,82688.38
1790586480,82695.64
1790586540,82618.47
1790586600,82589.52
1790586660,82630.53
1790586720,82692.73
1790586780,82724.98
1790586840,82794.9
1790586900,82840.77
1790586960,82909.16
1790587020,82818.99
1790587080,82814.07
1790587140,82837.07
1790587200,82884.9
1790587260,82872.1
1790587320,82900.48
1790587380,82876.82
1790587440,82846.61
1790587500,82814.97
1790587560,82807
1790587620,82756.22
1790587680,82724.01
1790587740,82757.92
1790587800,82789.53
1790587860,82807.07
1790587920,82789.26
1790587980,82794.29
1790588040,82745.5
1790588100,82692.82
1790588160,82671.04
1790588220,82633.87
1790588280,82592.27
1790588340,82561.17
1790588400,82595.39
1790588460,82613.39
1790588520,82626.61
1790588580,82623.33
1790588640,82607.84
1790588700,82593.4
1790588760,82620.06
1790588820,82631.82
1790588880,82648.4
1790588940,82695.9
1790589000,82718.57
1790589060,82736.71
1790589120,82705.06
1790589180,82673.02
1790589240,82603.97
1790589300,82583.75
1790589360,82597.07
1790589420,82585.63
1790589480,82616.84
1790589540,82610.53
1790589600,82636.22
1790589660,82711.6
1790589720,82705
1790589780,82723.7
1790589840,82773.83
1790589900,82792.31
1790589960,82757.38
1790590020,82766.05
1790590080,82717.19
1790590140,82688.25
1790590200,82719.08
1790590260,82671.53
1790590320,82671.52
1790590380,82668.3
1790590440,82652.91
1790590500,82729.39
1790590560,82778.27
1790590620,82777.69
1790590680,82753.85
1790590740,82739.22
1790590800,82709.49
1790590860,82709.74
1790590920,82712.17
1790590980,82724.9
1790591040,82730.87
1790591100,82778.56
1790591160,82798.33
1790591220,82809.48
1790591280,82773.63
1790591340,82764.76
1790591400,82778.27
1790591460,82742.25
1790591520,82789.21
1790591580,82773.05
1790591640,82807.08
1790591700,82830.01
1790591760,82880.51
1790591820,82870.69
1790591880,82882.5
1790591940,82878.92
1790592000,82902.06
1790592060,82891.15
1790592120,82915.05
1790592180,82900.16
1790592240,82907.56
1790592300,82918.38
1790592360,82890
1790592420,82871.09
1790592480,82859.19
1790592540,82832.26
1790592600,82858.91
1790592660,82881.73
1790592720,82870.08
1790592780,82996.19
1790592840,82956.26
1790592900,82943.23
1790592960,82952.05
1790593020,82939.58
1790593080,82933.62
1790593140,82932.54
1790593200,82909.17
1790593260,82977
1790593320,82957.46
1790593380,82984.17
1790593440,82974.27
1790593500,82984.44
1790593560,82980.11
1790593620,82983.72
1790593680,82979.69
1790593740,82977.43
1790593800,82975.3
1790593860,82969.63
1790593920,82950.05
1790593980,82941.77
1790594040,82946.34
1790594100,82946.89
1790594160,82974.02
1790594220,82999.45
1790594280,83034.89
1790594340,82971.73
1790594400,82977.95
1790594460,82951.83
1790594520,82935.65
1790594580,82967.53
1790594640,83026.35
1790594700,83004.02
1790594760,82953.68
1790594820,82980.79
1790594880,82971.94
1790594940,82980.79
1790595000,82988.78
1790595060,82964.78
1790595120,82977.42
1790595180,82956.48
1790595240,82967.23
1790595300,83022.67
1790595360,83000.98
1790595420,82995.26
1790595480,83017.67
1790595540,83031.73
1790595600,83035.73
1790595660,83038.44
1790595720,83052.12
1790595780,83041.11
1790595840,83057.36
1790595900,83044.77
1790595960,83023.38
1790596020,83011.97
1790596080,82991.01
1790596140,82977.41
1790596200,82969
1790596260,82955.72
1790596320,82986.01
1790596380,82961.63
1790596440,82949.01
1790596500,82954.92
1790596560,82974.28
1790596620,83018.39
1790596680,83061.06
1790596740,83053.66
1790596800,83058.92
1790596860,83034.89
1790596920,83020.08
1790596980,83018.91
1790597040,83026.86
1790597100,83219.76
1790597160,83334.71
1790597220,83364.87
1790597280,83424.06
1790597340,83376.16
1790597400,83451.22
1790597460,83413.87
1790597520,83396.67
1790597580,83328.19
1790597640,83299
1790597700,83355.25
1790597760,83268.76
1790597820,83303.12
1790597880,83322.21
1790597940,83322.36
1790598000,83396.98
1790598060,83438.76
1790598120,83351.58
1790598180,83291.52
1790598240,83344.99
1790598300,83371.8
1790598360,83257.37
1790598420,83340.87
1790598480,83359.91
1790598540,83340.4
1790598600,83346.49
1790598660,83307.72
1790598720,83284.88
1790598780,83303.73
1790598840,83334.06
1790598900,83389.27
1790598960,83403.71
1790599020,83389.27
1790599080,83336.35
1790599140,83296.36
1790599200,83312.39
1790599260,83257.27
1790599320,83266.23
1790599380,83247.29
1790599440,83264.42
1790599500,83327.72
1790599560,83389.28
1790599620,83426.67
1790599680,83376.05
1790599740,83407.7
1790599800,83387.18
1790599860,83398.88
1790599920,83402.16
1790599980,83465.11
1790600040,83515.24
1790600100,83561.13
1790600160,83516.77
1790600220,83524.5
1790600280,83579.78
1790600340,83571.8
1790600400,83560.35
1790600460,83451.35
1790600520,83420.69
1790600580,83397.78
1790600640,83394
1790600700,83369.3
1790600760,83361.68
1790600820,83351.4
1790600880,83380.97
1790600940,83319.26
1790601000,83317.89
1790601060,83295.68
1790601120,83340.14
1790601180,83336.43
1790601240,83349.3
1790601300,83386.4
1790601360,83389.27
1790601420,83383.49
1790601480,83375.09
1790601540,83350.03
1790601600,83371.02
1790601660,83382.02
1790601720,83380.36
1790601780,83384.84
1790601840,83392.01
1790601900,83385.96
1790601960,83438.15
1790602020,83473.13
1790602080,83485.47
1790602140,83511.47
1790602200,83539.99
1790602260,83475.99
1790602320,83450.64
1790602380,83420.89
1790602440,83478.31
1790602500,83561.25
1790602560,83425.94
1790602620,83424.9
1790602680,83512.23
1790602740,83666.88
1790602800,83703.13
1790602860,83717.17
1790602920,83690.91
1790602980,83786.64
1790603040,83752.11
1790603100,83721.33
1790603160,83727.47
1790603220,83754.53
1790603280,83757.4
1790603340,83723.9
1790603400,83573.81
1790603460,83516.42
1790603520,83469.79
1790603580,83546.79
1790603640,83653.64
1790603700,83742.36
1790603760,83675.72
1790603820,83644.23
1790603880,83645.38
1790603940,83615.5
1790604000,83629.9
1790604060,83494.93
1790604120,83419.23
1790604180,83496.59
1790604240,83433.86
1790604300,83383.85
1790604360,83352.94
1790604420,83468.71
1790604480,83511.47
1790604540,83477.99
1790604600,83450.53
1790604660,83416.91
1790604720,83489.86
1790604780,83513.08
1790604840,83452.39
1790604900,83384.56
1790604960,83303.81
1790605020,83332.47
1790605080,83352.86
1790605140,83242.35
1790605200,83357.34
1790605260,83400.87
1790605320,83454.86
1790605380,83555.99
1790605440,83507.19
1790605500,83580.85
1790605560,83536.09
1790605620,83449.82
1790605680,83356.45
1790605740,83247.81
1790605800,83216.35
1790605860,83293.6
1790605920,83086.16
1790605980,83190.07
1790606040,83239.15
1790606100,83277.38
1790606160,83350
1790606220,83378.25
1790606280,83360.32
1790606340,83323.91
1790606400,83389.28
1790606460,83338.34
1790606520,83215.14
1790606580,83034.9
1790606640,82870.79
1790606700,82921.95
1790606760,82943.45
1790606820,82955.88
1790606880,82846.99
1790606940,82944.19
1790607000,82934.48
1790607060,83008.78
1790607120,82735.87
1790607180,82744.74
1790607240,82840.78
1790607300,82869.78
1790607360,82818.98
1790607420,82924.31
1790607480,82949.37
1790607540,82921.61
1790607600,82999.78
1790607660,83002.67
1790607720,82985.8
1790607780,83022.68
1790607840,83030.45
1790607900,82973.78
1790607960,83024.41
1790608020,83034.9
1790608080,82955.37
1790608140,82988.81
1790608200,83194.99
1790608260,83165.6
1790608320,82928.71
1790608380,83029.22
1790608440,82957.31
1790608500,82936.78
1790608560,82936.85
1790608620,82901.3
1790608680,82824.44
1790608740,82876.02
1790608800,82883.82
1790608860,82863.55
1790608920,82882.47
1790608980,82840.1
1790609040,82889.05
1790609100,82954.83
1790609160,82947.82
1790609220,82998.23
1790609280,83026.59
1790609340,83104.62
1790609400,83053.1
1790609460,83027.44
1790609520,82996.37
1790609580,83096.84
1790609640,83022.68
1790609700,83066.1
1790609760,83115.29
1790609820,83237.54
1790609880,83251.22
1790609940,83291.48
1790610000,83284.41
1790610060,83212.11
1790610120,83260.28
1790610180,83221.19
1790610240,83169.32
1790610300,83186.79
1790610360,83233.94
1790610420,83225.59
1790610480,83267.06
1790610540,83216.7
1790610600,83266.97
1790610660,83280.31
1790610720,83221.14
1790610780,83218.15
1790610840,83248.6
1790610900,83322.67
1790610960,83313.09
1790611020,83324.51
1790611080,83328.72
1790611140,83345.79
1790611200,83343.57
1790611260,83351.48
1790611320,83352.38
1790611380,83280.04
1790611440,83242.87
1790611500,83274.83
1790611560,83254.94
1790611620,83300.15
1790611680,83352.62
1790611740,83397.08
1790611800,83389.27
1790611860,83435.8
1790611920,83433.97
1790611980,83415.16
1790612040,83398.01
1790612100,83400.28
1790612160,83367.39
1790612220,83507.04
1790612280,83667.69
1790612340,83528.04
1790612400,83633.67
1790612460,83687.43
1790612520,83712.4
1790612580,83738.64
1790612640,83854.02
1790612700,83894.76
1790612760,83910.67
1790612820,84048.54
1790612880,84171.35
1790612940,84090.47
1790613000,83991.41
1790613060,84070.66
1790613120,84016.97
1790613180,83929.55
1790613240,83926.96
1790613300,83914.14
1790613360,83926.94
1790613420,83923.05
1790613480,83902.34
1790613540,83846.37
1790613600,83806.47
1790613660,83767.97
1790613720,83685.65
1790613780,83697.98
1790613840,83675.05
1790613900,83707.45
1790613960,83694.78
1790614020,83649.2
1790614080,83644.9
1790614140,83584.8
1790614200,83571.8
1790614260,83593.23
1790614320,83594.97
1790614380,83629.05
1790614440,83663.12
1790614500,83695.43
1790614560,83680.56
1790614620,83653.46
1790614680,83661.54
1790614740,83682.55
1790614800,83698.22
1790614860,83569.45
1790614920,83571.83
1790614980,83738.57
1790615040,83623.14
1790615100,83613.37
1790615160,83609.08
1790615220,83631.45
1790615280,83567.82
1790615340,83536.26
1790615400,83543.73
1790615460,83560.83
1790615520,83953.08
1790615580,83986.87
1790615640,84140.96
1790615700,84225.57
1790615760,84183.18
1790615820,84289.2
1790615880,84154.27
1790615940,84036.94
1790616000,84001.39
1790616060,84000.92
1790616120,83987.05
1790616180,83990.6
1790616240,83964.81
1790616300,83973.07
1790616360,83980.05
1790616420,83897.01
1790616480,83843.37
1790616540,83866.31
1790616600,83868.12
1790616660,83970.09
1790616720,83957.31
1790616780,83969.03
1790616840,83898.28
1790616900,83847.17
1790616960,83901.62
1790617020,83898.99
1790617080,83821.92
1790617140,83912.81
1790617200,83905.61
1790617260,83899.07
1790617320,83988.05
1790617380,83963.61
1790617440,83974.49
1790617500,83979.19
1790617560,83978
1790617620,83960.83
1790617680,83900.84
1790617740,83922.74
1790617800,83888.57
1790617860,83855.71
1790617920,83863.78
1790617980,83938.14
1790618040,83871.73
1790618100,83841.42
1790618160,83878.07
1790618220,83876.92
1790618280,83898.03
1790618340,83878.29
1790618400,83846.95
1790618460,83831.27
1790618520,83864.18
1790618580,83949.16
1790618640,83909.17
1790618700,83934.04
1790618760,83928.84
1790618820,83892.22
1790618880,83879.44
1790618940,83911.4
1790619000,83881.59
1790619060,83908.39
1790619120,83941.55
1790619180,83917.31
1790619240,83939.17
1790619300,83952.02
1790619360,83928.68
1790619420,83951.4
1790619480,83870.69
1790619540,83897.21
1790619600,83894.32
1790619660,83900.73
1790619720,83904.07
1790619780,83963.61
1790619840,83921.69
1790619900,83943.82
1790619960,83930.64
1790620020,83950
1790620080,83973.67
1790620140,83917.94
1790620200,83902.2
1790620260,83910.68
1790620320,83870.64
1790620380,83780.32
1790620440,83773.6
1790620500,83854.7
1790620560,83853.62
1790620620,83865.72
1790620680,83850.25
1790620740,83802.49
1790620800,83796.66
1790620860,83811.88
1790620920,83825.6
1790620980,83805.89
1790621040,83810
1790621100,83845.14
1790621160,83800.21
1790621220,83800.66
1790621280,83875.86
1790621340,83878.09
1790621400,83846.06
1790621460,83870.65
1790621520,83888.63
1790621580,83951.4
1790621640,83976.96
1790621700,84002.71
1790621760,83989.8
1790621820,83980.69
1790621880,83996.62
1790621940,84018.69
1790622000,84017.43
1790622060,83957.41
1790622120,83901.46
1790622180,83856.82
1790622240,83823.5
1790622300,83783.74
1790622360,83794.16
1790622420,83779.8
1790622480,83686.98
1790622540,83699.89
1790622600,83648.25
1790622660,83649.27
1790622720,83634.83
1790622780,83682.21
1790622840,83722.88
1790622900,83692.37
1790622960,83680.58
1790623020,83645.91
1790623080,83681.31
1790623140,83690.21
1790623200,83716.14
1790623260,83666.97
1790623320,83666.97
1790623380,83657.41
1790623440,83637.57
1790623500,83654.36
1790623560,83635.87
1790623620,83631.82
1790623680,83641.14
1790623740,83639.16
1790623800,83611.41
1790623860,83592.17
1790623920,83597.32
1790623980,83562.2
1790624040,83491.13
1790624100,83503.74
1790624160,83457.33
1790624220,83420.32
1790624280,83290.85
1790624340,83206.41
1790624400,83203.76
1790624460,83073.02
1790624520,83174.93
1790624580,83218.2
1790624640,83239.4
1790624700,83282.01
1790624760,83347.48
1790624820,83318.6
1790624880,83303.74
1790624940,83256.07
1790625000,83252.68
1790625060,83282.67
1790625120,83350.69
1790625180,83369.42
1790625240,83366.16
1790625300,83323.79
1790625360,83332.19
1790625420,83362.84
1790625480,83351.86
1790625540,83394.33
1790625600,83355.13
1790625660,83372.58
1790625720,83247.85
1790625780,83325.99
1790625840,83362.05
1790625900,83447.64
1790625960,83477.94
1790626020,83513.05
1790626080,83533.08
1790626140,83537.94
1790626200,83540.18
1790626260,83553.18
1790626320,83551.38
1790626380,83509.09
1790626440,83547.72
1790626500,83530.23
1790626560,83503.91
1790626620,83444.88
1790626680,83433.97
1790626740,83454
1790626800,83485.66
1790626860,83490.35
1790626920,83495
1790626980,83483.95
1790627040,83441.94
1790627100,83521.73
1790627160,83510.16
1790627220,83510.5
1790627280,83485.3
1790627340,83510.01
1790627400,83452.22
1790627460,83438.09
1790627520,83457.55
1790627580,83472.17
1790627640,83491.38
1790627700,83507.96
1790627760,83514.2
1790627820,83508.3
1790627880,83486.13
1790627940,83497.02
1790628000,83515.04
1790628060,83526.3
1790628120,83545.55
1790628180,83511.49
1790628240,83464.58
1790628300,83448.77
1790628360,83434.42
1790628420,83465.36
1790628480,83457.28
1790628540,83445.42
1790628600,83440.65
1790628660,83408.8
1790628720,83426.53
1790628780,83427.1
1790628840,83427.61
1790628900,83445.58
1790628960,83470.31
1790629020,83478.9
1790629080,83492.96
1790629140,83489.42
1790629200,83501.48
1790629260,83570.58
1790629320,83588.34
1790629380,83585.35
1790629440,83604.3
1790629500,83616.66
1790629560,83587.12
1790629620,83588.61
1790629680,83548.14
1790629740,83572.58
1790629800,83575.31
1790629860,83553.27
1790629920,83573.75
1790629980,83566.79
1790630040,83545.21
1790630100,83535.92
1790630160,83524.15
1790630220,83531.95
1790630280,83487.04
1790630340,83459.19
1790630400,83487.03
1790630460,83469.21
1790630520,83442.48
1790630580,83432.85
1790630640,83413.74
1790630700,83429.46
1790630760,83450.93
1790630820,83424.95
1790630880,83410.68
1790630940,83413.9
1790631000,83423.78
1790631060,83432.44
1790631120,83394.15
1790631180,83379.99
1790631240,83404.77
1790631300,83422.45
1790631360,83408.3
1790631420,83437.92
1790631480,83412.49
1790631540,83389.22
1790631600,83384.73
1790631660,83383.26
1790631720,83382.82
1790631780,83389.19
1790631840,83370.38
1790631900,83389.49
1790631960,83395.25
1790632020,83366.8
1790632080,83355.94
1790632140,83350.11
1790632200,83373.51
1790632260,83349.21
1790632320,83304.51
1790632380,83335.52
1790632440,83262.35
1790632500,83218.35
1790632560,83228.08
1790632620,83213.86
1790632680,83201.61
1790632740,83228.75
1790632800,83181.03
1790632860,83131.39
1790632920,83126.74
1790632980,83131.56
1790633040,83132.65
1790633100,83149.47
1790633160,83068.74
1790633220,83070.52
1790633280,83071.8
1790633340,83149.47
1790633400,83139.66
1790633460,83156.59
1790633520,83165.7
1790633580,83173.35
1790633640,83168.31
1790633700,83136.02
1790633760,83110.12
1790633820,83142.1
1790633880,83177.53
1790633940,83184.31
1790634000,83188.13
1790634060,83176.84
1790634120,83195.47
1790634180,83176.11
1790634240,83174.1
1790634300,83161.52
1790634360,83174.1
1790634420,83197.45
1790634480,83202.08
1790634540,83202.09
1790634600,83204.88
1790634660,83204.88
1790634720,83204.6
1790634780,83267.07
1790634840,83292.54
1790634900,83273.85
1790634960,83322.98
1790635020,83369.2
1790635080,83419.76
1790635140,83434.18
1790635200,83403.8
1790635260,83434.19
1790635320,83438.4
1790635380,83434.67
1790635440,83446.66
1790635500,83449.16
1790635560,83467.78
1790635620,83481.44
1790635680,83450.39
1790635740,83454.76
1790635800,83468.07
1790635860,83476.16
1790635920,83489.12
1790635980,83494.72
1790636040,83471.88
1790636100,83480.87
1790636160,83487.48
1790636220,83504.76
1790636280,83499.03
1790636340,83493.9
1790636400,83513.29
1790636460,83504.72
1790636520,83530.87
